date,sku,quantity,unit_price
2024-10-01,FB-001,19,125.00
2024-10-01,FB-002,77,14.00
2024-10-01,FB-003,17,24.00
2024-10-01,FB-004,13,78.00
2024-10-01,FB-005,12,115.00
2024-10-01,FB-006,20,66.00
2024-10-01,FB-007,6,275.00
2024-10-01,FB-008,6,34.00
2024-10-01,FB-009,32,68.00
2024-10-01,HC-001,12,55.00
2024-10-01,HC-002,10,115.00
2024-10-01,HC-003,4,42.00
2024-10-01,HC-004,1,62.00
2024-10-01,HC-005,3,98.00
2024-10-01,HC-006,1,82.00
2024-10-01,HC-007,7,28.00
2024-10-01,HC-008,9,62.00
2024-10-01,HW-001,1,85.00
2024-10-01,HW-002,3,275.00
2024-10-01,HW-003,1,98.00
2024-10-01,HW-005,2,48.00
2024-10-01,HW-006,2,28.00
2024-10-01,HW-008,1,125.00
2024-10-01,HW-010,6,16.00
2024-10-01,PC-001,13,52.00
2024-10-01,PC-002,7,32.00
2024-10-01,PC-003,5,68.00
2024-10-01,PC-004,6,38.00
2024-10-01,PC-005,2,95.00
2024-10-01,PC-006,1,135.00
2024-10-01,PC-007,2,38.00
2024-10-01,PC-008,6,79.00
2024-10-01,PC-009,8,49.00
2024-10-01,SO-001,12,30.00
2024-10-01,SO-002,2,90.00
2024-10-01,SO-003,2,260.00
2024-10-01,SO-005,1,85.00
2024-10-01,SO-007,4,45.00
2024-10-01,SO-008,2,35.00
2024-10-02,FB-001,10,125.00
2024-10-02,FB-002,34,14.00
2024-10-02,FB-003,24,24.00
2024-10-02,FB-004,9,78.00
2024-10-02,FB-005,4,115.00
2024-10-02,FB-006,21,66.00
2024-10-02,FB-007,6,275.00
2024-10-02,FB-008,12,34.00
2024-10-02,FB-009,21,68.00
2024-10-02,HC-001,11,55.00
2024-10-02,HC-002,6,115.00
2024-10-02,HC-003,6,42.00
2024-10-02,HC-004,5,62.00
2024-10-02,HC-005,4,98.00
2024-10-02,HC-006,2,82.00
2024-10-02,HC-007,4,28.00
2024-10-02,HC-008,13,62.00
2024-10-02,HC-009,1,135.00
2024-10-02,HW-001,2,85.00
2024-10-02,HW-002,5,275.00
2024-10-02,HW-005,1,48.00
2024-10-02,HW-006,5,28.00
2024-10-02,HW-007,1,38.00
2024-10-02,HW-010,6,16.00
2024-10-02,PC-001,13,52.00
2024-10-02,PC-002,5,32.00
2024-10-02,PC-003,5,68.00
2024-10-02,PC-005,4,95.00
2024-10-02,PC-007,2,38.00
2024-10-02,PC-008,2,79.00
2024-10-02,PC-009,11,49.00
2024-10-02,SO-001,6,30.00
2024-10-02,SO-002,5,90.00
2024-10-02,SO-003,6,260.00
2024-10-02,SO-004,6,72.00
2024-10-02,SO-006,3,95.00
2024-10-02,SO-008,2,35.00
2024-10-02,SO-009,1,78.00
2024-10-03,FB-001,15,125.00
2024-10-03,FB-002,56,14.00
2024-10-03,FB-003,24,24.00
2024-10-03,FB-004,12,78.00
2024-10-03,FB-005,11,115.00
2024-10-03,FB-006,22,66.00
2024-10-03,FB-007,10,275.00
2024-10-03,FB-008,5,34.00
2024-10-03,FB-009,17,68.00
2024-10-03,HC-001,6,55.00
2024-10-03,HC-002,10,115.00
2024-10-03,HC-003,6,42.00
2024-10-03,HC-004,2,62.00
2024-10-03,HC-005,1,98.00
2024-10-03,HC-006,2,82.00
2024-10-03,HC-007,6,28.00
2024-10-03,HC-008,3,62.00
2024-10-03,HW-002,4,275.00
2024-10-03,HW-003,1,98.00
2024-10-03,HW-005,1,48.00
2024-10-03,HW-006,1,28.00
2024-10-03,HW-007,1,38.00
2024-10-03,HW-010,9,16.00
2024-10-03,PC-001,12,52.00
2024-10-03,PC-002,2,32.00
2024-10-03,PC-003,3,68.00
2024-10-03,PC-004,5,38.00
2024-10-03,PC-005,6,95.00
2024-10-03,PC-006,2,135.00
2024-10-03,PC-007,1,38.00
2024-10-03,PC-008,5,79.00
2024-10-03,PC-009,9,49.00
2024-10-03,SO-001,7,30.00
2024-10-03,SO-002,3,90.00
2024-10-03,SO-003,3,260.00
2024-10-03,SO-004,4,72.00
2024-10-03,SO-005,2,85.00
2024-10-03,SO-007,1,45.00
2024-10-03,SO-008,2,35.00
2024-10-04,FB-001,16,125.00
2024-10-04,FB-002,60,14.00
2024-10-04,FB-003,12,24.00
2024-10-04,FB-004,14,78.00
2024-10-04,FB-005,12,115.00
2024-10-04,FB-006,28,66.00
2024-10-04,FB-007,11,275.00
2024-10-04,FB-008,10,34.00
2024-10-04,FB-009,26,68.00
2024-10-04,HC-001,15,55.00
2024-10-04,HC-002,5,115.00
2024-10-04,HC-003,1,42.00
2024-10-04,HC-004,6,62.00
2024-10-04,HC-005,2,98.00
2024-10-04,HC-006,3,82.00
2024-10-04,HC-007,6,28.00
2024-10-04,HC-008,7,62.00
2024-10-04,HC-009,1,135.00
2024-10-04,HW-002,4,275.00
2024-10-04,HW-003,2,98.00
2024-10-04,HW-004,1,685.00
2024-10-04,HW-006,1,28.00
2024-10-04,HW-008,1,125.00
2024-10-04,HW-010,9,16.00
2024-10-04,PC-001,11,52.00
2024-10-04,PC-002,8,32.00
2024-10-04,PC-003,5,68.00
2024-10-04,PC-004,2,38.00
2024-10-04,PC-005,3,95.00
2024-10-04,PC-006,2,135.00
2024-10-04,PC-008,3,79.00
2024-10-04,PC-009,6,49.00
2024-10-04,SO-001,4,30.00
2024-10-04,SO-002,2,90.00
2024-10-04,SO-003,2,260.00
2024-10-04,SO-004,7,72.00
2024-10-04,SO-005,2,85.00
2024-10-04,SO-006,2,95.00
2024-10-04,SO-007,1,45.00
2024-10-04,SO-008,3,35.00
2024-10-04,SO-009,2,78.00
2024-10-05,FB-001,17,125.00
2024-10-05,FB-002,98,14.00
2024-10-05,FB-003,23,24.00
2024-10-05,FB-004,14,78.00
2024-10-05,FB-005,15,115.00
2024-10-05,FB-006,37,66.00
2024-10-05,FB-007,5,275.00
2024-10-05,FB-008,10,34.00
2024-10-05,FB-009,28,68.00
2024-10-05,HC-001,22,55.00
2024-10-05,HC-002,12,115.00
2024-10-05,HC-003,3,42.00
2024-10-05,HC-004,6,62.00
2024-10-05,HC-005,5,98.00
2024-10-05,HC-006,2,82.00
2024-10-05,HC-007,7,28.00
2024-10-05,HC-008,13,62.00
2024-10-05,HC-009,1,135.00
2024-10-05,HW-001,3,85.00
2024-10-05,HW-002,5,275.00
2024-10-05,HW-003,1,98.00
2024-10-05,HW-004,2,685.00
2024-10-05,HW-006,3,28.00
2024-10-05,HW-010,12,16.00
2024-10-05,PC-001,16,52.00
2024-10-05,PC-002,12,32.00
2024-10-05,PC-003,6,68.00
2024-10-05,PC-004,8,38.00
2024-10-05,PC-005,6,95.00
2024-10-05,PC-006,1,135.00
2024-10-05,PC-007,1,38.00
2024-10-05,PC-008,5,79.00
2024-10-05,PC-009,11,49.00
2024-10-05,SO-001,5,30.00
2024-10-05,SO-003,1,260.00
2024-10-05,SO-004,2,72.00
2024-10-05,SO-005,1,85.00
2024-10-05,SO-006,1,95.00
2024-10-05,SO-007,2,45.00
2024-10-05,SO-009,2,78.00
2024-10-06,FB-001,26,125.00
2024-10-06,FB-002,64,14.00
2024-10-06,FB-003,23,24.00
2024-10-06,FB-004,3,78.00
2024-10-06,FB-005,7,115.00
2024-10-06,FB-006,21,66.00
2024-10-06,FB-007,9,275.00
2024-10-06,FB-008,10,34.00
2024-10-06,FB-009,37,68.00
2024-10-06,HC-001,20,55.00
2024-10-06,HC-002,7,115.00
2024-10-06,HC-003,5,42.00
2024-10-06,HC-004,6,62.00
2024-10-06,HC-005,6,98.00
2024-10-06,HC-006,4,82.00
2024-10-06,HC-007,11,28.00
2024-10-06,HC-008,9,62.00
2024-10-06,HC-009,4,135.00
2024-10-06,HW-001,1,85.00
2024-10-06,HW-002,2,275.00
2024-10-06,HW-004,1,685.00
2024-10-06,HW-006,2,28.00
2024-10-06,HW-010,3,16.00
2024-10-06,PC-001,10,52.00
2024-10-06,PC-002,6,32.00
2024-10-06,PC-003,5,68.00
2024-10-06,PC-004,1,38.00
2024-10-06,PC-005,4,95.00
2024-10-06,PC-006,2,135.00
2024-10-06,PC-007,2,38.00
2024-10-06,PC-008,4,79.00
2024-10-06,PC-009,11,49.00
2024-10-06,SO-001,9,30.00
2024-10-06,SO-002,2,90.00
2024-10-06,SO-003,2,260.00
2024-10-06,SO-004,1,72.00
2024-10-06,SO-005,2,85.00
2024-10-06,SO-008,3,35.00
2024-10-06,SO-009,1,78.00
2024-10-07,FB-001,17,125.00
2024-10-07,FB-002,54,14.00
2024-10-07,FB-003,21,24.00
2024-10-07,FB-004,5,78.00
2024-10-07,FB-005,9,115.00
2024-10-07,FB-006,18,66.00
2024-10-07,FB-007,8,275.00
2024-10-07,FB-008,9,34.00
2024-10-07,FB-009,22,68.00
2024-10-07,HC-001,12,55.00
2024-10-07,HC-002,8,115.00
2024-10-07,HC-003,6,42.00
2024-10-07,HC-004,1,62.00
2024-10-07,HC-005,5,98.00
2024-10-07,HC-006,4,82.00
2024-10-07,HC-007,8,28.00
2024-10-07,HC-008,7,62.00
2024-10-07,HC-009,3,135.00
2024-10-07,HW-001,1,85.00
2024-10-07,HW-002,3,275.00
2024-10-07,HW-004,1,685.00
2024-10-07,HW-006,1,28.00
2024-10-07,HW-010,5,16.00
2024-10-07,PC-001,11,52.00
2024-10-07,PC-002,8,32.00
2024-10-07,PC-003,4,68.00
2024-10-07,PC-004,6,38.00
2024-10-07,PC-005,4,95.00
2024-10-07,PC-006,4,135.00
2024-10-07,PC-007,4,38.00
2024-10-07,PC-008,4,79.00
2024-10-07,PC-009,8,49.00
2024-10-07,SO-001,9,30.00
2024-10-07,SO-002,3,90.00
2024-10-07,SO-003,4,260.00
2024-10-07,SO-004,6,72.00
2024-10-07,SO-005,3,85.00
2024-10-07,SO-006,2,95.00
2024-10-07,SO-007,2,45.00
2024-10-07,SO-008,5,35.00
2024-10-08,FB-001,15,125.00
2024-10-08,FB-002,55,14.00
2024-10-08,FB-003,13,24.00
2024-10-08,FB-004,8,78.00
2024-10-08,FB-005,16,115.00
2024-10-08,FB-006,17,66.00
2024-10-08,FB-007,4,275.00
2024-10-08,FB-008,7,34.00
2024-10-08,FB-009,23,68.00
2024-10-08,HC-001,8,55.00
2024-10-08,HC-002,5,115.00
2024-10-08,HC-003,4,42.00
2024-10-08,HC-004,5,62.00
2024-10-08,HC-005,2,98.00
2024-10-08,HC-006,3,82.00
2024-10-08,HC-007,5,28.00
2024-10-08,HC-008,8,62.00
2024-10-08,HC-009,2,135.00
2024-10-08,HW-001,2,85.00
2024-10-08,HW-002,3,275.00
2024-10-08,HW-003,1,98.00
2024-10-08,HW-005,2,48.00
2024-10-08,HW-007,1,38.00
2024-10-08,HW-010,5,16.00
2024-10-08,PC-001,12,52.00
2024-10-08,PC-002,5,32.00
2024-10-08,PC-003,7,68.00
2024-10-08,PC-004,3,38.00
2024-10-08,PC-005,2,95.00
2024-10-08,PC-006,3,135.00
2024-10-08,PC-007,5,38.00
2024-10-08,PC-008,3,79.00
2024-10-08,PC-009,8,49.00
2024-10-08,SO-001,9,30.00
2024-10-08,SO-002,3,90.00
2024-10-08,SO-003,2,260.00
2024-10-08,SO-004,2,72.00
2024-10-08,SO-005,4,85.00
2024-10-08,SO-007,1,45.00
2024-10-08,SO-008,3,35.00
2024-10-08,SO-009,2,78.00
2024-10-09,FB-001,15,125.00
2024-10-09,FB-002,69,14.00
2024-10-09,FB-003,14,24.00
2024-10-09,FB-004,11,78.00
2024-10-09,FB-005,11,115.00
2024-10-09,FB-006,25,66.00
2024-10-09,FB-007,7,275.00
2024-10-09,FB-008,8,34.00
2024-10-09,FB-009,25,68.00
2024-10-09,HC-001,8,55.00
2024-10-09,HC-002,6,115.00
2024-10-09,HC-003,5,42.00
2024-10-09,HC-004,6,62.00
2024-10-09,HC-005,5,98.00
2024-10-09,HC-006,1,82.00
2024-10-09,HC-007,9,28.00
2024-10-09,HC-008,14,62.00
2024-10-09,HW-001,1,85.00
2024-10-09,HW-002,3,275.00
2024-10-09,HW-003,1,98.00
2024-10-09,HW-004,1,685.00
2024-10-09,HW-005,1,48.00
2024-10-09,HW-006,1,28.00
2024-10-09,HW-010,2,16.00
2024-10-09,PC-001,12,52.00
2024-10-09,PC-002,7,32.00
2024-10-09,PC-003,5,68.00
2024-10-09,PC-004,3,38.00
2024-10-09,PC-005,2,95.00
2024-10-09,PC-006,4,135.00
2024-10-09,PC-008,3,79.00
2024-10-09,PC-009,6,49.00
2024-10-09,SO-001,10,30.00
2024-10-09,SO-002,2,90.00
2024-10-09,SO-003,3,260.00
2024-10-09,SO-004,2,72.00
2024-10-09,SO-005,1,85.00
2024-10-09,SO-006,2,95.00
2024-10-09,SO-007,2,45.00
2024-10-09,SO-008,1,35.00
2024-10-09,SO-009,1,78.00
2024-10-10,FB-001,15,125.00
2024-10-10,FB-002,46,14.00
2024-10-10,FB-003,13,24.00
2024-10-10,FB-004,13,78.00
2024-10-10,FB-005,11,115.00
2024-10-10,FB-006,30,66.00
2024-10-10,FB-007,6,275.00
2024-10-10,FB-008,12,34.00
2024-10-10,FB-009,21,68.00
2024-10-10,HC-001,9,55.00
2024-10-10,HC-002,7,115.00
2024-10-10,HC-003,2,42.00
2024-10-10,HC-004,4,62.00
2024-10-10,HC-005,3,98.00
2024-10-10,HC-006,2,82.00
2024-10-10,HC-007,8,28.00
2024-10-10,HC-008,8,62.00
2024-10-10,HC-009,1,135.00
2024-10-10,HW-001,3,85.00
2024-10-10,HW-002,6,275.00
2024-10-10,HW-003,1,98.00
2024-10-10,HW-005,1,48.00
2024-10-10,HW-006,1,28.00
2024-10-10,HW-007,1,38.00
2024-10-10,HW-010,2,16.00
2024-10-10,PC-001,13,52.00
2024-10-10,PC-002,7,32.00
2024-10-10,PC-003,6,68.00
2024-10-10,PC-004,3,38.00
2024-10-10,PC-005,3,95.00
2024-10-10,PC-007,4,38.00
2024-10-10,PC-008,2,79.00
2024-10-10,PC-009,6,49.00
2024-10-10,SO-001,15,30.00
2024-10-10,SO-002,1,90.00
2024-10-10,SO-003,2,260.00
2024-10-10,SO-004,6,72.00
2024-10-10,SO-005,3,85.00
2024-10-10,SO-006,1,95.00
2024-10-10,SO-007,2,45.00
2024-10-10,SO-008,2,35.00
2024-10-10,SO-009,4,78.00
2024-10-11,FB-001,23,125.00
2024-10-11,FB-002,41,14.00
2024-10-11,FB-003,17,24.00
2024-10-11,FB-004,13,78.00
2024-10-11,FB-005,17,115.00
2024-10-11,FB-006,34,66.00
2024-10-11,FB-007,12,275.00
2024-10-11,FB-008,8,34.00
2024-10-11,FB-009,24,68.00
2024-10-11,HC-001,10,55.00
2024-10-11,HC-002,8,115.00
2024-10-11,HC-003,2,42.00
2024-10-11,HC-004,5,62.00
2024-10-11,HC-005,3,98.00
2024-10-11,HC-006,7,82.00
2024-10-11,HC-007,4,28.00
2024-10-11,HC-008,4,62.00
2024-10-11,HW-001,3,85.00
2024-10-11,HW-002,2,275.00
2024-10-11,HW-007,1,38.00
2024-10-11,HW-010,5,16.00
2024-10-11,PC-001,15,52.00
2024-10-11,PC-002,6,32.00
2024-10-11,PC-003,9,68.00
2024-10-11,PC-004,7,38.00
2024-10-11,PC-005,2,95.00
2024-10-11,PC-006,4,135.00
2024-10-11,PC-007,6,38.00
2024-10-11,PC-008,1,79.00
2024-10-11,PC-009,9,49.00
2024-10-11,SO-001,11,30.00
2024-10-11,SO-002,1,90.00
2024-10-11,SO-003,2,260.00
2024-10-11,SO-004,4,72.00
2024-10-11,SO-005,1,85.00
2024-10-11,SO-006,1,95.00
2024-10-11,SO-008,3,35.00
2024-10-12,FB-001,19,125.00
2024-10-12,FB-002,95,14.00
2024-10-12,FB-003,28,24.00
2024-10-12,FB-004,15,78.00
2024-10-12,FB-005,19,115.00
2024-10-12,FB-006,40,66.00
2024-10-12,FB-007,4,275.00
2024-10-12,FB-008,10,34.00
2024-10-12,FB-009,30,68.00
2024-10-12,HC-001,17,55.00
2024-10-12,HC-002,8,115.00
2024-10-12,HC-003,8,42.00
2024-10-12,HC-004,1,62.00
2024-10-12,HC-005,4,98.00
2024-10-12,HC-006,5,82.00
2024-10-12,HC-007,4,28.00
2024-10-12,HC-008,7,62.00
2024-10-12,HC-009,4,135.00
2024-10-12,HW-001,1,85.00
2024-10-12,HW-002,6,275.00
2024-10-12,HW-005,1,48.00
2024-10-12,HW-006,1,28.00
2024-10-12,HW-007,1,38.00
2024-10-12,HW-010,9,16.00
2024-10-12,PC-001,12,52.00
2024-10-12,PC-002,4,32.00
2024-10-12,PC-003,4,68.00
2024-10-12,PC-004,5,38.00
2024-10-12,PC-005,2,95.00
2024-10-12,PC-006,2,135.00
2024-10-12,PC-007,5,38.00
2024-10-12,PC-008,3,79.00
2024-10-12,PC-009,13,49.00
2024-10-12,SO-001,12,30.00
2024-10-12,SO-002,3,90.00
2024-10-12,SO-003,2,260.00
2024-10-12,SO-004,2,72.00
2024-10-12,SO-007,2,45.00
2024-10-12,SO-008,3,35.00
2024-10-12,SO-009,1,78.00
2024-10-13,FB-001,19,125.00
2024-10-13,FB-002,57,14.00
2024-10-13,FB-003,19,24.00
2024-10-13,FB-004,12,78.00
2024-10-13,FB-005,13,115.00
2024-10-13,FB-006,38,66.00
2024-10-13,FB-007,10,275.00
2024-10-13,FB-008,7,34.00
2024-10-13,FB-009,27,68.00
2024-10-13,HC-001,8,55.00
2024-10-13,HC-002,11,115.00
2024-10-13,HC-003,5,42.00
2024-10-13,HC-004,6,62.00
2024-10-13,HC-005,3,98.00
2024-10-13,HC-006,5,82.00
2024-10-13,HC-007,3,28.00
2024-10-13,HC-008,11,62.00
2024-10-13,HC-009,1,135.00
2024-10-13,HW-001,1,85.00
2024-10-13,HW-004,1,685.00
2024-10-13,HW-005,2,48.00
2024-10-13,HW-010,7,16.00
2024-10-13,PC-001,13,52.00
2024-10-13,PC-002,11,32.00
2024-10-13,PC-003,6,68.00
2024-10-13,PC-004,3,38.00
2024-10-13,PC-005,1,95.00
2024-10-13,PC-007,4,38.00
2024-10-13,PC-008,6,79.00
2024-10-13,PC-009,9,49.00
2024-10-13,SO-001,9,30.00
2024-10-13,SO-002,1,90.00
2024-10-13,SO-003,1,260.00
2024-10-13,SO-004,2,72.00
2024-10-13,SO-006,1,95.00
2024-10-13,SO-007,1,45.00
2024-10-13,SO-008,3,35.00
2024-10-13,SO-009,2,78.00
2024-10-14,FB-001,16,125.00
2024-10-14,FB-002,79,14.00
2024-10-14,FB-003,19,24.00
2024-10-14,FB-004,16,78.00
2024-10-14,FB-005,20,115.00
2024-10-14,FB-006,39,66.00
2024-10-14,FB-007,5,275.00
2024-10-14,FB-008,12,34.00
2024-10-14,FB-009,29,68.00
2024-10-14,HC-001,9,55.00
2024-10-14,HC-002,7,115.00
2024-10-14,HC-003,3,42.00
2024-10-14,HC-004,4,62.00
2024-10-14,HC-005,8,98.00
2024-10-14,HC-006,4,82.00
2024-10-14,HC-007,5,28.00
2024-10-14,HC-008,5,62.00
2024-10-14,HC-009,2,135.00
2024-10-14,HW-002,3,275.00
2024-10-14,HW-004,2,685.00
2024-10-14,HW-005,1,48.00
2024-10-14,HW-006,1,28.00
2024-10-14,HW-008,1,125.00
2024-10-14,HW-010,8,16.00
2024-10-14,PC-001,6,52.00
2024-10-14,PC-002,6,32.00
2024-10-14,PC-003,4,68.00
2024-10-14,PC-004,6,38.00
2024-10-14,PC-005,4,95.00
2024-10-14,PC-007,1,38.00
2024-10-14,PC-008,1,79.00
2024-10-14,PC-009,7,49.00
2024-10-14,SO-001,15,30.00
2024-10-14,SO-002,3,90.00
2024-10-14,SO-003,3,260.00
2024-10-14,SO-004,4,72.00
2024-10-14,SO-005,1,85.00
2024-10-14,SO-006,4,95.00
2024-10-14,SO-007,3,45.00
2024-10-14,SO-008,2,35.00
2024-10-14,SO-009,1,78.00
2024-10-15,FB-001,23,125.00
2024-10-15,FB-002,98,14.00
2024-10-15,FB-003,20,24.00
2024-10-15,FB-004,7,78.00
2024-10-15,FB-005,18,115.00
2024-10-15,FB-006,25,66.00
2024-10-15,FB-007,8,275.00
2024-10-15,FB-008,11,34.00
2024-10-15,FB-009,19,68.00
2024-10-15,HC-001,11,55.00
2024-10-15,HC-002,10,115.00
2024-10-15,HC-003,1,42.00
2024-10-15,HC-004,8,62.00
2024-10-15,HC-005,1,98.00
2024-10-15,HC-006,4,82.00
2024-10-15,HC-007,9,28.00
2024-10-15,HC-008,8,62.00
2024-10-15,HC-009,3,135.00
2024-10-15,HW-001,3,85.00
2024-10-15,HW-002,2,275.00
2024-10-15,HW-003,1,98.00
2024-10-15,HW-004,1,685.00
2024-10-15,HW-008,1,125.00
2024-10-15,HW-010,11,16.00
2024-10-15,PC-001,14,52.00
2024-10-15,PC-002,12,32.00
2024-10-15,PC-003,2,68.00
2024-10-15,PC-004,7,38.00
2024-10-15,PC-005,3,95.00
2024-10-15,PC-006,2,135.00
2024-10-15,PC-007,2,38.00
2024-10-15,PC-008,4,79.00
2024-10-15,PC-009,6,49.00
2024-10-15,SO-001,11,30.00
2024-10-15,SO-002,2,90.00
2024-10-15,SO-003,4,260.00
2024-10-15,SO-004,2,72.00
2024-10-15,SO-005,2,85.00
2024-10-15,SO-006,3,95.00
2024-10-15,SO-007,1,45.00
2024-10-15,SO-008,3,35.00
2024-10-15,SO-009,4,78.00
2024-10-16,FB-001,27,125.00
2024-10-16,FB-002,109,14.00
2024-10-16,FB-003,31,24.00
2024-10-16,FB-004,10,78.00
2024-10-16,FB-005,13,115.00
2024-10-16,FB-006,28,66.00
2024-10-16,FB-007,10,275.00
2024-10-16,FB-008,20,34.00
2024-10-16,FB-009,30,68.00
2024-10-16,HC-001,11,55.00
2024-10-16,HC-002,12,115.00
2024-10-16,HC-003,5,42.00
2024-10-16,HC-004,5,62.00
2024-10-16,HC-005,4,98.00
2024-10-16,HC-006,3,82.00
2024-10-16,HC-007,5,28.00
2024-10-16,HC-008,10,62.00
2024-10-16,HC-009,2,135.00
2024-10-16,HW-001,1,85.00
2024-10-16,HW-002,5,275.00
2024-10-16,HW-003,2,98.00
2024-10-16,HW-004,1,685.00
2024-10-16,HW-006,2,28.00
2024-10-16,HW-010,7,16.00
2024-10-16,PC-001,13,52.00
2024-10-16,PC-002,7,32.00
2024-10-16,PC-003,6,68.00
2024-10-16,PC-004,8,38.00
2024-10-16,PC-005,8,95.00
2024-10-16,PC-006,1,135.00
2024-10-16,PC-007,7,38.00
2024-10-16,PC-008,2,79.00
2024-10-16,PC-009,11,49.00
2024-10-16,SO-001,14,30.00
2024-10-16,SO-003,3,260.00
2024-10-16,SO-004,3,72.00
2024-10-16,SO-005,2,85.00
2024-10-16,SO-007,1,45.00
2024-10-16,SO-008,4,35.00
2024-10-16,SO-009,2,78.00
2024-10-17,FB-001,15,125.00
2024-10-17,FB-002,58,14.00
2024-10-17,FB-003,20,24.00
2024-10-17,FB-004,11,78.00
2024-10-17,FB-005,7,115.00
2024-10-17,FB-006,36,66.00
2024-10-17,FB-007,8,275.00
2024-10-17,FB-008,11,34.00
2024-10-17,FB-009,25,68.00
2024-10-17,HC-001,8,55.00
2024-10-17,HC-002,3,115.00
2024-10-17,HC-003,3,42.00
2024-10-17,HC-004,9,62.00
2024-10-17,HC-005,3,98.00
2024-10-17,HC-006,6,82.00
2024-10-17,HC-007,2,28.00
2024-10-17,HC-008,5,62.00
2024-10-17,HC-009,1,135.00
2024-10-17,HW-002,4,275.00
2024-10-17,HW-003,2,98.00
2024-10-17,HW-005,2,48.00
2024-10-17,HW-006,2,28.00
2024-10-17,HW-008,1,125.00
2024-10-17,HW-010,6,16.00
2024-10-17,PC-001,8,52.00
2024-10-17,PC-002,15,32.00
2024-10-17,PC-003,9,68.00
2024-10-17,PC-004,4,38.00
2024-10-17,PC-005,4,95.00
2024-10-17,PC-007,2,38.00
2024-10-17,PC-008,2,79.00
2024-10-17,PC-009,5,49.00
2024-10-17,SO-001,15,30.00
2024-10-17,SO-002,4,90.00
2024-10-17,SO-003,7,260.00
2024-10-17,SO-004,6,72.00
2024-10-17,SO-005,3,85.00
2024-10-17,SO-007,2,45.00
2024-10-17,SO-008,2,35.00
2024-10-17,SO-009,2,78.00
2024-10-18,FB-001,19,125.00
2024-10-18,FB-002,101,14.00
2024-10-18,FB-003,14,24.00
2024-10-18,FB-004,6,78.00
2024-10-18,FB-005,16,115.00
2024-10-18,FB-006,37,66.00
2024-10-18,FB-007,6,275.00
2024-10-18,FB-008,10,34.00
2024-10-18,FB-009,25,68.00
2024-10-18,HC-001,12,55.00
2024-10-18,HC-002,8,115.00
2024-10-18,HC-003,2,42.00
2024-10-18,HC-004,3,62.00
2024-10-18,HC-005,4,98.00
2024-10-18,HC-006,4,82.00
2024-10-18,HC-007,9,28.00
2024-10-18,HC-008,7,62.00
2024-10-18,HC-009,5,135.00
2024-10-18,HW-001,3,85.00
2024-10-18,HW-002,1,275.00
2024-10-18,HW-003,1,98.00
2024-10-18,HW-004,2,685.00
2024-10-18,HW-006,1,28.00
2024-10-18,HW-007,2,38.00
2024-10-18,HW-010,8,16.00
2024-10-18,PC-002,3,32.00
2024-10-18,PC-003,8,68.00
2024-10-18,PC-004,7,38.00
2024-10-18,PC-005,3,95.00
2024-10-18,PC-006,1,135.00
2024-10-18,PC-007,4,38.00
2024-10-18,PC-008,3,79.00
2024-10-18,SO-001,9,30.00
2024-10-18,SO-002,1,90.00
2024-10-18,SO-003,4,260.00
2024-10-18,SO-004,3,72.00
2024-10-18,SO-006,3,95.00
2024-10-18,SO-007,4,45.00
2024-10-18,SO-009,3,78.00
2024-10-19,FB-001,20,125.00
2024-10-19,FB-002,100,14.00
2024-10-19,FB-003,14,24.00
2024-10-19,FB-004,13,78.00
2024-10-19,FB-005,20,115.00
2024-10-19,FB-006,38,66.00
2024-10-19,FB-007,8,275.00
2024-10-19,FB-008,2,34.00
2024-10-19,FB-009,26,68.00
2024-10-19,HC-001,9,55.00
2024-10-19,HC-002,7,115.00
2024-10-19,HC-003,4,42.00
2024-10-19,HC-004,6,62.00
2024-10-19,HC-005,2,98.00
2024-10-19,HC-006,3,82.00
2024-10-19,HC-007,8,28.00
2024-10-19,HC-008,8,62.00
2024-10-19,HC-009,1,135.00
2024-10-19,HW-002,9,275.00
2024-10-19,HW-005,3,48.00
2024-10-19,HW-006,1,28.00
2024-10-19,HW-010,8,16.00
2024-10-19,PC-001,9,52.00
2024-10-19,PC-002,6,32.00
2024-10-19,PC-003,6,68.00
2024-10-19,PC-004,4,38.00
2024-10-19,PC-005,5,95.00
2024-10-19,PC-006,1,135.00
2024-10-19,PC-007,2,38.00
2024-10-19,PC-008,2,79.00
2024-10-19,PC-009,4,49.00
2024-10-19,SO-001,6,30.00
2024-10-19,SO-002,5,90.00
2024-10-19,SO-003,1,260.00
2024-10-19,SO-004,1,72.00
2024-10-19,SO-005,2,85.00
2024-10-19,SO-007,2,45.00
2024-10-20,FB-001,20,125.00
2024-10-20,FB-002,70,14.00
2024-10-20,FB-003,26,24.00
2024-10-20,FB-004,11,78.00
2024-10-20,FB-005,13,115.00
2024-10-20,FB-006,30,66.00
2024-10-20,FB-007,9,275.00
2024-10-20,FB-009,32,68.00
2024-10-20,HC-001,11,55.00
2024-10-20,HC-002,9,115.00
2024-10-20,HC-003,6,42.00
2024-10-20,HC-004,9,62.00
2024-10-20,HC-005,6,98.00
2024-10-20,HC-006,4,82.00
2024-10-20,HC-007,9,28.00
2024-10-20,HC-008,7,62.00
2024-10-20,HC-009,4,135.00
2024-10-20,HW-001,1,85.00
2024-10-20,HW-003,1,98.00
2024-10-20,HW-006,1,28.00
2024-10-20,HW-008,1,125.00
2024-10-20,HW-010,3,16.00
2024-10-20,PC-001,15,52.00
2024-10-20,PC-002,8,32.00
2024-10-20,PC-003,4,68.00
2024-10-20,PC-004,6,38.00
2024-10-20,PC-005,3,95.00
2024-10-20,PC-006,1,135.00
2024-10-20,PC-007,2,38.00
2024-10-20,PC-008,2,79.00
2024-10-20,PC-009,10,49.00
2024-10-20,SO-001,7,30.00
2024-10-20,SO-002,4,90.00
2024-10-20,SO-003,2,260.00
2024-10-20,SO-004,2,72.00
2024-10-20,SO-005,2,85.00
2024-10-20,SO-006,1,95.00
2024-10-20,SO-009,1,78.00
2024-10-21,FB-001,16,125.00
2024-10-21,FB-002,64,14.00
2024-10-21,FB-003,20,24.00
2024-10-21,FB-004,5,78.00
2024-10-21,FB-005,11,115.00
2024-10-21,FB-006,37,66.00
2024-10-21,FB-007,8,275.00
2024-10-21,FB-008,9,34.00
2024-10-21,FB-009,19,68.00
2024-10-21,HC-001,9,55.00
2024-10-21,HC-002,10,115.00
2024-10-21,HC-003,3,42.00
2024-10-21,HC-004,4,62.00
2024-10-21,HC-006,5,82.00
2024-10-21,HC-007,5,28.00
2024-10-21,HC-008,7,62.00
2024-10-21,HC-009,3,135.00
2024-10-21,HW-001,2,85.00
2024-10-21,HW-002,2,275.00
2024-10-21,HW-006,1,28.00
2024-10-21,HW-010,6,16.00
2024-10-21,PC-001,9,52.00
2024-10-21,PC-002,10,32.00
2024-10-21,PC-003,6,68.00
2024-10-21,PC-004,2,38.00
2024-10-21,PC-007,3,38.00
2024-10-21,PC-008,1,79.00
2024-10-21,PC-009,6,49.00
2024-10-21,SO-001,14,30.00
2024-10-21,SO-002,1,90.00
2024-10-21,SO-003,1,260.00
2024-10-21,SO-004,2,72.00
2024-10-21,SO-006,4,95.00
2024-10-21,SO-007,2,45.00
2024-10-21,SO-008,3,35.00
2024-10-22,FB-001,9,125.00
2024-10-22,FB-002,44,14.00
2024-10-22,FB-003,19,24.00
2024-10-22,FB-004,8,78.00
2024-10-22,FB-005,8,115.00
2024-10-22,FB-006,23,66.00
2024-10-22,FB-007,5,275.00
2024-10-22,FB-008,6,34.00
2024-10-22,FB-009,25,68.00
2024-10-22,HC-001,6,55.00
2024-10-22,HC-002,11,115.00
2024-10-22,HC-004,2,62.00
2024-10-22,HC-005,2,98.00
2024-10-22,HC-006,1,82.00
2024-10-22,HC-007,11,28.00
2024-10-22,HC-008,8,62.00
2024-10-22,HC-009,4,135.00
2024-10-22,HW-001,1,85.00
2024-10-22,HW-004,1,685.00
2024-10-22,HW-005,1,48.00
2024-10-22,HW-006,2,28.00
2024-10-22,HW-007,1,38.00
2024-10-22,HW-008,1,125.00
2024-10-22,HW-010,4,16.00
2024-10-22,PC-001,12,52.00
2024-10-22,PC-002,11,32.00
2024-10-22,PC-003,2,68.00
2024-10-22,PC-004,7,38.00
2024-10-22,PC-005,5,95.00
2024-10-22,PC-006,1,135.00
2024-10-22,PC-007,1,38.00
2024-10-22,PC-009,11,49.00
2024-10-22,SO-001,12,30.00
2024-10-22,SO-002,5,90.00
2024-10-22,SO-003,2,260.00
2024-10-22,SO-004,3,72.00
2024-10-22,SO-005,3,85.00
2024-10-22,SO-006,2,95.00
2024-10-22,SO-008,7,35.00
2024-10-22,SO-009,2,78.00
2024-10-23,FB-001,16,125.00
2024-10-23,FB-002,42,14.00
2024-10-23,FB-003,18,24.00
2024-10-23,FB-004,14,78.00
2024-10-23,FB-005,8,115.00
2024-10-23,FB-006,15,66.00
2024-10-23,FB-007,9,275.00
2024-10-23,FB-008,8,34.00
2024-10-23,FB-009,14,68.00
2024-10-23,HC-001,6,55.00
2024-10-23,HC-002,7,115.00
2024-10-23,HC-003,6,42.00
2024-10-23,HC-004,3,62.00
2024-10-23,HC-005,4,98.00
2024-10-23,HC-006,3,82.00
2024-10-23,HC-007,4,28.00
2024-10-23,HC-008,6,62.00
2024-10-23,HW-001,1,85.00
2024-10-23,HW-002,4,275.00
2024-10-23,HW-004,1,685.00
2024-10-23,HW-010,8,16.00
2024-10-23,PC-001,8,52.00
2024-10-23,PC-002,10,32.00
2024-10-23,PC-003,7,68.00
2024-10-23,PC-004,6,38.00
2024-10-23,PC-005,7,95.00
2024-10-23,PC-007,4,38.00
2024-10-23,PC-008,6,79.00
2024-10-23,PC-009,3,49.00
2024-10-23,SO-001,12,30.00
2024-10-23,SO-002,3,90.00
2024-10-23,SO-003,1,260.00
2024-10-23,SO-004,5,72.00
2024-10-23,SO-006,1,95.00
2024-10-23,SO-007,2,45.00
2024-10-23,SO-008,4,35.00
2024-10-23,SO-009,3,78.00
2024-10-24,FB-001,17,125.00
2024-10-24,FB-002,60,14.00
2024-10-24,FB-003,20,24.00
2024-10-24,FB-004,16,78.00
2024-10-24,FB-005,5,115.00
2024-10-24,FB-006,22,66.00
2024-10-24,FB-007,8,275.00
2024-10-24,FB-008,4,34.00
2024-10-24,FB-009,19,68.00
2024-10-24,HC-001,5,55.00
2024-10-24,HC-002,10,115.00
2024-10-24,HC-003,5,42.00
2024-10-24,HC-004,8,62.00
2024-10-24,HC-005,5,98.00
2024-10-24,HC-006,1,82.00
2024-10-24,HC-007,6,28.00
2024-10-24,HC-008,7,62.00
2024-10-24,HC-009,1,135.00
2024-10-24,HW-002,5,275.00
2024-10-24,HW-010,10,16.00
2024-10-24,PC-001,12,52.00
2024-10-24,PC-002,5,32.00
2024-10-24,PC-003,7,68.00
2024-10-24,PC-004,6,38.00
2024-10-24,PC-005,1,95.00
2024-10-24,PC-007,3,38.00
2024-10-24,PC-008,2,79.00
2024-10-24,PC-009,4,49.00
2024-10-24,SO-001,12,30.00
2024-10-24,SO-002,6,90.00
2024-10-24,SO-004,2,72.00
2024-10-24,SO-005,3,85.00
2024-10-24,SO-006,1,95.00
2024-10-24,SO-007,2,45.00
2024-10-24,SO-008,2,35.00
2024-10-24,SO-009,2,78.00
2024-10-25,FB-001,22,125.00
2024-10-25,FB-002,47,14.00
2024-10-25,FB-003,17,24.00
2024-10-25,FB-004,14,78.00
2024-10-25,FB-005,7,115.00
2024-10-25,FB-006,28,66.00
2024-10-25,FB-007,8,275.00
2024-10-25,FB-008,8,34.00
2024-10-25,FB-009,26,68.00
2024-10-25,HC-001,6,55.00
2024-10-25,HC-002,10,115.00
2024-10-25,HC-003,4,42.00
2024-10-25,HC-004,3,62.00
2024-10-25,HC-005,3,98.00
2024-10-25,HC-006,3,82.00
2024-10-25,HC-007,5,28.00
2024-10-25,HC-008,7,62.00
2024-10-25,HC-009,2,135.00
2024-10-25,HW-001,1,85.00
2024-10-25,HW-002,3,275.00
2024-10-25,HW-003,1,98.00
2024-10-25,HW-005,2,48.00
2024-10-25,HW-010,4,16.00
2024-10-25,PC-001,12,52.00
2024-10-25,PC-002,9,32.00
2024-10-25,PC-003,9,68.00
2024-10-25,PC-004,4,38.00
2024-10-25,PC-005,6,95.00
2024-10-25,PC-007,1,38.00
2024-10-25,PC-008,2,79.00
2024-10-25,PC-009,5,49.00
2024-10-25,SO-001,12,30.00
2024-10-25,SO-002,3,90.00
2024-10-25,SO-003,4,260.00
2024-10-25,SO-005,2,85.00
2024-10-25,SO-006,2,95.00
2024-10-25,SO-008,3,35.00
2024-10-25,SO-009,3,78.00
2024-10-26,FB-001,18,125.00
2024-10-26,FB-002,67,14.00
2024-10-26,FB-003,15,24.00
2024-10-26,FB-004,13,78.00
2024-10-26,FB-005,11,115.00
2024-10-26,FB-006,34,66.00
2024-10-26,FB-007,13,275.00
2024-10-26,FB-008,16,34.00
2024-10-26,FB-009,25,68.00
2024-10-26,HC-001,10,55.00
2024-10-26,HC-002,11,115.00
2024-10-26,HC-003,6,42.00
2024-10-26,HC-004,9,62.00
2024-10-26,HC-005,8,98.00
2024-10-26,HC-006,3,82.00
2024-10-26,HC-007,8,28.00
2024-10-26,HC-008,6,62.00
2024-10-26,HC-009,2,135.00
2024-10-26,HW-001,1,85.00
2024-10-26,HW-002,4,275.00
2024-10-26,HW-005,2,48.00
2024-10-26,HW-007,3,38.00
2024-10-26,HW-010,14,16.00
2024-10-26,PC-001,6,52.00
2024-10-26,PC-002,7,32.00
2024-10-26,PC-003,11,68.00
2024-10-26,PC-004,3,38.00
2024-10-26,PC-005,4,95.00
2024-10-26,PC-006,5,135.00
2024-10-26,PC-007,4,38.00
2024-10-26,PC-008,6,79.00
2024-10-26,PC-009,7,49.00
2024-10-26,SO-001,6,30.00
2024-10-26,SO-002,2,90.00
2024-10-26,SO-003,3,260.00
2024-10-26,SO-004,3,72.00
2024-10-26,SO-005,3,85.00
2024-10-26,SO-006,2,95.00
2024-10-26,SO-007,1,45.00
2024-10-26,SO-008,1,35.00
2024-10-26,SO-009,1,78.00
2024-10-27,FB-001,19,125.00
2024-10-27,FB-002,66,14.00
2024-10-27,FB-003,18,24.00
2024-10-27,FB-004,13,78.00
2024-10-27,FB-005,11,115.00
2024-10-27,FB-006,29,66.00
2024-10-27,FB-007,16,275.00
2024-10-27,FB-008,4,34.00
2024-10-27,FB-009,28,68.00
2024-10-27,HC-001,12,55.00
2024-10-27,HC-002,11,115.00
2024-10-27,HC-003,8,42.00
2024-10-27,HC-004,9,62.00
2024-10-27,HC-005,6,98.00
2024-10-27,HC-006,2,82.00
2024-10-27,HC-007,4,28.00
2024-10-27,HC-008,9,62.00
2024-10-27,HC-009,1,135.00
2024-10-27,HW-005,1,48.00
2024-10-27,HW-010,8,16.00
2024-10-27,PC-001,14,52.00
2024-10-27,PC-002,7,32.00
2024-10-27,PC-003,6,68.00
2024-10-27,PC-004,2,38.00
2024-10-27,PC-005,2,95.00
2024-10-27,PC-006,2,135.00
2024-10-27,PC-007,5,38.00
2024-10-27,PC-008,3,79.00
2024-10-27,PC-009,5,49.00
2024-10-27,SO-001,4,30.00
2024-10-27,SO-004,2,72.00
2024-10-27,SO-005,3,85.00
2024-10-27,SO-006,1,95.00
2024-10-27,SO-008,2,35.00
2024-10-28,FB-001,12,125.00
2024-10-28,FB-002,45,14.00
2024-10-28,FB-003,16,24.00
2024-10-28,FB-004,3,78.00
2024-10-28,FB-005,9,115.00
2024-10-28,FB-006,18,66.00
2024-10-28,FB-007,6,275.00
2024-10-28,FB-008,8,34.00
2024-10-28,FB-009,25,68.00
2024-10-28,HC-001,7,55.00
2024-10-28,HC-002,6,115.00
2024-10-28,HC-003,4,42.00
2024-10-28,HC-004,3,62.00
2024-10-28,HC-005,3,98.00
2024-10-28,HC-006,1,82.00
2024-10-28,HC-007,7,28.00
2024-10-28,HC-008,1,62.00
2024-10-28,HC-009,1,135.00
2024-10-28,HW-001,2,85.00
2024-10-28,HW-002,2,275.00
2024-10-28,HW-006,1,28.00
2024-10-28,HW-008,2,125.00
2024-10-28,HW-010,9,16.00
2024-10-28,PC-001,11,52.00
2024-10-28,PC-002,4,32.00
2024-10-28,PC-003,5,68.00
2024-10-28,PC-004,1,38.00
2024-10-28,PC-005,1,95.00
2024-10-28,PC-006,1,135.00
2024-10-28,PC-007,2,38.00
2024-10-28,PC-008,1,79.00
2024-10-28,PC-009,5,49.00
2024-10-28,SO-001,14,30.00
2024-10-28,SO-003,1,260.00
2024-10-28,SO-004,2,72.00
2024-10-28,SO-005,3,85.00
2024-10-28,SO-006,2,95.00
2024-10-28,SO-007,1,45.00
2024-10-28,SO-008,4,35.00
2024-10-28,SO-009,2,78.00
2024-10-29,FB-001,12,125.00
2024-10-29,FB-002,49,14.00
2024-10-29,FB-003,10,24.00
2024-10-29,FB-004,8,78.00
2024-10-29,FB-005,11,115.00
2024-10-29,FB-006,21,66.00
2024-10-29,FB-007,11,275.00
2024-10-29,FB-008,8,34.00
2024-10-29,FB-009,22,68.00
2024-10-29,HC-001,6,55.00
2024-10-29,HC-002,6,115.00
2024-10-29,HC-003,1,42.00
2024-10-29,HC-004,3,62.00
2024-10-29,HC-005,4,98.00
2024-10-29,HC-006,6,82.00
2024-10-29,HC-007,5,28.00
2024-10-29,HC-008,9,62.00
2024-10-29,HW-001,2,85.00
2024-10-29,HW-002,3,275.00
2024-10-29,HW-003,3,98.00
2024-10-29,HW-005,1,48.00
2024-10-29,HW-007,1,38.00
2024-10-29,HW-010,5,16.00
2024-10-29,PC-001,8,52.00
2024-10-29,PC-002,9,32.00
2024-10-29,PC-003,7,68.00
2024-10-29,PC-004,5,38.00
2024-10-29,PC-005,2,95.00
2024-10-29,PC-008,2,79.00
2024-10-29,PC-009,2,49.00
2024-10-29,SO-001,7,30.00
2024-10-29,SO-002,3,90.00
2024-10-29,SO-003,2,260.00
2024-10-29,SO-004,4,72.00
2024-10-29,SO-005,2,85.00
2024-10-29,SO-006,1,95.00
2024-10-29,SO-007,1,45.00
2024-10-29,SO-009,1,78.00
2024-10-30,FB-001,14,125.00
2024-10-30,FB-002,81,14.00
2024-10-30,FB-003,18,24.00
2024-10-30,FB-004,10,78.00
2024-10-30,FB-005,18,115.00
2024-10-30,FB-006,34,66.00
2024-10-30,FB-007,6,275.00
2024-10-30,FB-008,12,34.00
2024-10-30,FB-009,20,68.00
2024-10-30,HC-001,7,55.00
2024-10-30,HC-002,12,115.00
2024-10-30,HC-003,3,42.00
2024-10-30,HC-004,1,62.00
2024-10-30,HC-005,3,98.00
2024-10-30,HC-006,1,82.00
2024-10-30,HC-007,4,28.00
2024-10-30,HC-008,11,62.00
2024-10-30,HC-009,3,135.00
2024-10-30,HW-001,1,85.00
2024-10-30,HW-002,1,275.00
2024-10-30,HW-003,1,98.00
2024-10-30,HW-006,1,28.00
2024-10-30,HW-010,9,16.00
2024-10-30,PC-001,10,52.00
2024-10-30,PC-002,6,32.00
2024-10-30,PC-003,5,68.00
2024-10-30,PC-004,3,38.00
2024-10-30,PC-005,3,95.00
2024-10-30,PC-006,3,135.00
2024-10-30,PC-008,6,79.00
2024-10-30,PC-009,6,49.00
2024-10-30,SO-001,20,30.00
2024-10-30,SO-002,3,90.00
2024-10-30,SO-003,5,260.00
2024-10-30,SO-004,1,72.00
2024-10-30,SO-006,2,95.00
2024-10-30,SO-007,3,45.00
2024-10-30,SO-008,2,35.00
2024-10-30,SO-009,2,78.00
2024-10-31,FB-001,11,125.00
2024-10-31,FB-002,80,14.00
2024-10-31,FB-003,18,24.00
2024-10-31,FB-004,13,78.00
2024-10-31,FB-005,8,115.00
2024-10-31,FB-006,44,66.00
2024-10-31,FB-007,6,275.00
2024-10-31,FB-008,7,34.00
2024-10-31,FB-009,35,68.00
2024-10-31,HC-001,5,55.00
2024-10-31,HC-002,12,115.00
2024-10-31,HC-003,3,42.00
2024-10-31,HC-004,2,62.00
2024-10-31,HC-005,1,98.00
2024-10-31,HC-006,5,82.00
2024-10-31,HC-007,11,28.00
2024-10-31,HC-008,8,62.00
2024-10-31,HC-009,3,135.00
2024-10-31,HW-001,2,85.00
2024-10-31,HW-002,4,275.00
2024-10-31,HW-003,3,98.00
2024-10-31,HW-004,2,685.00
2024-10-31,HW-005,1,48.00
2024-10-31,HW-007,1,38.00
2024-10-31,HW-010,6,16.00
2024-10-31,PC-001,9,52.00
2024-10-31,PC-002,9,32.00
2024-10-31,PC-003,5,68.00
2024-10-31,PC-004,5,38.00
2024-10-31,PC-005,3,95.00
2024-10-31,PC-006,2,135.00
2024-10-31,PC-007,3,38.00
2024-10-31,PC-008,5,79.00
2024-10-31,PC-009,11,49.00
2024-10-31,SO-001,9,30.00
2024-10-31,SO-002,4,90.00
2024-10-31,SO-003,3,260.00
2024-10-31,SO-004,8,72.00
2024-10-31,SO-005,4,85.00
2024-10-31,SO-006,1,95.00
2024-10-31,SO-007,3,45.00
2024-10-31,SO-008,3,35.00
2024-10-31,SO-009,3,78.00
2024-11-01,FB-001,14,125.00
2024-11-01,FB-002,113,14.00
2024-11-01,FB-003,37,24.00
2024-11-01,FB-004,14,78.00
2024-11-01,FB-005,21,115.00
2024-11-01,FB-006,52,66.00
2024-11-01,FB-007,8,275.00
2024-11-01,FB-008,13,34.00
2024-11-01,FB-009,29,68.00
2024-11-01,HC-001,14,55.00
2024-11-01,HC-002,7,115.00
2024-11-01,HC-003,8,42.00
2024-11-01,HC-004,6,62.00
2024-11-01,HC-005,5,98.00
2024-11-01,HC-006,4,82.00
2024-11-01,HC-007,7,28.00
2024-11-01,HC-008,10,62.00
2024-11-01,HW-001,2,85.00
2024-11-01,HW-002,2,275.00
2024-11-01,HW-003,1,98.00
2024-11-01,HW-004,1,685.00
2024-11-01,HW-005,1,48.00
2024-11-01,HW-006,3,28.00
2024-11-01,HW-008,1,125.00
2024-11-01,HW-010,17,16.00
2024-11-01,PC-001,14,52.00
2024-11-01,PC-002,7,32.00
2024-11-01,PC-003,5,68.00
2024-11-01,PC-004,4,38.00
2024-11-01,PC-005,6,95.00
2024-11-01,PC-007,4,38.00
2024-11-01,PC-008,6,79.00
2024-11-01,PC-009,5,49.00
2024-11-01,SO-001,15,30.00
2024-11-01,SO-002,4,90.00
2024-11-01,SO-003,2,260.00
2024-11-01,SO-004,7,72.00
2024-11-01,SO-005,3,85.00
2024-11-01,SO-006,1,95.00
2024-11-01,SO-008,6,35.00
2024-11-01,SO-009,1,78.00
2024-11-02,FB-001,20,125.00
2024-11-02,FB-002,97,14.00
2024-11-02,FB-003,27,24.00
2024-11-02,FB-004,18,78.00
2024-11-02,FB-005,12,115.00
2024-11-02,FB-006,56,66.00
2024-11-02,FB-007,9,275.00
2024-11-02,FB-008,12,34.00
2024-11-02,FB-009,27,68.00
2024-11-02,HC-001,10,55.00
2024-11-02,HC-002,10,115.00
2024-11-02,HC-003,4,42.00
2024-11-02,HC-004,3,62.00
2024-11-02,HC-005,4,98.00
2024-11-02,HC-006,6,82.00
2024-11-02,HC-007,3,28.00
2024-11-02,HC-008,11,62.00
2024-11-02,HC-009,5,135.00
2024-11-02,HW-001,2,85.00
2024-11-02,HW-002,8,275.00
2024-11-02,HW-003,2,98.00
2024-11-02,HW-005,1,48.00
2024-11-02,HW-006,4,28.00
2024-11-02,HW-007,1,38.00
2024-11-02,HW-010,21,16.00
2024-11-02,PC-001,13,52.00
2024-11-02,PC-002,11,32.00
2024-11-02,PC-003,3,68.00
2024-11-02,PC-004,3,38.00
2024-11-02,PC-005,1,95.00
2024-11-02,PC-006,1,135.00
2024-11-02,PC-007,2,38.00
2024-11-02,PC-008,5,79.00
2024-11-02,PC-009,9,49.00
2024-11-02,SO-001,11,30.00
2024-11-02,SO-002,5,90.00
2024-11-02,SO-003,3,260.00
2024-11-02,SO-004,2,72.00
2024-11-02,SO-005,2,85.00
2024-11-02,SO-007,2,45.00
2024-11-02,SO-008,2,35.00
2024-11-02,SO-009,1,78.00
2024-11-03,FB-001,19,125.00
2024-11-03,FB-002,91,14.00
2024-11-03,FB-003,27,24.00
2024-11-03,FB-004,16,78.00
2024-11-03,FB-005,20,115.00
2024-11-03,FB-006,28,66.00
2024-11-03,FB-007,7,275.00
2024-11-03,FB-008,7,34.00
2024-11-03,FB-009,21,68.00
2024-11-03,HC-001,14,55.00
2024-11-03,HC-002,14,115.00
2024-11-03,HC-003,6,42.00
2024-11-03,HC-004,7,62.00
2024-11-03,HC-005,6,98.00
2024-11-03,HC-006,2,82.00
2024-11-03,HC-007,6,28.00
2024-11-03,HC-008,14,62.00
2024-11-03,HC-009,1,135.00
2024-11-03,HW-002,1,275.00
2024-11-03,HW-003,1,98.00
2024-11-03,HW-005,1,48.00
2024-11-03,HW-010,7,16.00
2024-11-03,PC-001,12,52.00
2024-11-03,PC-002,9,32.00
2024-11-03,PC-003,1,68.00
2024-11-03,PC-004,3,38.00
2024-11-03,PC-006,3,135.00
2024-11-03,PC-007,2,38.00
2024-11-03,PC-008,6,79.00
2024-11-03,PC-009,11,49.00
2024-11-03,SO-001,5,30.00
2024-11-03,SO-002,4,90.00
2024-11-03,SO-003,3,260.00
2024-11-03,SO-004,4,72.00
2024-11-03,SO-006,2,95.00
2024-11-03,SO-009,1,78.00
2024-11-04,FB-001,14,125.00
2024-11-04,FB-002,74,14.00
2024-11-04,FB-003,14,24.00
2024-11-04,FB-004,7,78.00
2024-11-04,FB-005,17,115.00
2024-11-04,FB-006,29,66.00
2024-11-04,FB-007,7,275.00
2024-11-04,FB-008,8,34.00
2024-11-04,FB-009,17,68.00
2024-11-04,HC-001,10,55.00
2024-11-04,HC-002,4,115.00
2024-11-04,HC-003,2,42.00
2024-11-04,HC-004,3,62.00
2024-11-04,HC-005,5,98.00
2024-11-04,HC-007,5,28.00
2024-11-04,HC-008,6,62.00
2024-11-04,HC-009,1,135.00
2024-11-04,HW-001,1,85.00
2024-11-04,HW-002,5,275.00
2024-11-04,HW-003,1,98.00
2024-11-04,HW-004,1,685.00
2024-11-04,HW-005,2,48.00
2024-11-04,HW-006,1,28.00
2024-11-04,HW-010,16,16.00
2024-11-04,PC-001,10,52.00
2024-11-04,PC-002,5,32.00
2024-11-04,PC-004,4,38.00
2024-11-04,PC-005,5,95.00
2024-11-04,PC-007,5,38.00
2024-11-04,PC-008,2,79.00
2024-11-04,PC-009,9,49.00
2024-11-04,SO-001,12,30.00
2024-11-04,SO-002,5,90.00
2024-11-04,SO-003,4,260.00
2024-11-04,SO-004,4,72.00
2024-11-04,SO-006,3,95.00
2024-11-04,SO-007,2,45.00
2024-11-04,SO-008,3,35.00
2024-11-04,SO-009,1,78.00
2024-11-05,FB-001,11,125.00
2024-11-05,FB-002,55,14.00
2024-11-05,FB-003,17,24.00
2024-11-05,FB-004,8,78.00
2024-11-05,FB-005,11,115.00
2024-11-05,FB-006,22,66.00
2024-11-05,FB-007,10,275.00
2024-11-05,FB-008,12,34.00
2024-11-05,FB-009,19,68.00
2024-11-05,HC-001,13,55.00
2024-11-05,HC-002,7,115.00
2024-11-05,HC-003,7,42.00
2024-11-05,HC-004,3,62.00
2024-11-05,HC-005,2,98.00
2024-11-05,HC-006,5,82.00
2024-11-05,HC-007,5,28.00
2024-11-05,HC-008,11,62.00
2024-11-05,HC-009,3,135.00
2024-11-05,HW-001,3,85.00
2024-11-05,HW-002,3,275.00
2024-11-05,HW-003,3,98.00
2024-11-05,HW-007,1,38.00
2024-11-05,HW-010,10,16.00
2024-11-05,PC-001,12,52.00
2024-11-05,PC-002,3,32.00
2024-11-05,PC-003,6,68.00
2024-11-05,PC-004,2,38.00
2024-11-05,PC-005,2,95.00
2024-11-05,PC-006,1,135.00
2024-11-05,PC-007,3,38.00
2024-11-05,PC-008,5,79.00
2024-11-05,PC-009,6,49.00
2024-11-05,SO-001,10,30.00
2024-11-05,SO-002,2,90.00
2024-11-05,SO-003,5,260.00
2024-11-05,SO-004,3,72.00
2024-11-05,SO-005,1,85.00
2024-11-05,SO-006,3,95.00
2024-11-05,SO-007,3,45.00
2024-11-05,SO-008,5,35.00
2024-11-05,SO-009,2,78.00
2024-11-06,FB-001,14,125.00
2024-11-06,FB-003,17,24.00
2024-11-06,FB-004,3,78.00
2024-11-06,FB-005,14,115.00
2024-11-06,FB-006,31,66.00
2024-11-06,FB-007,2,275.00
2024-11-06,FB-008,9,34.00
2024-11-06,FB-009,17,68.00
2024-11-06,HC-001,13,55.00
2024-11-06,HC-002,5,115.00
2024-11-06,HC-003,4,42.00
2024-11-06,HC-004,5,62.00
2024-11-06,HC-005,4,98.00
2024-11-06,HC-006,1,82.00
2024-11-06,HC-007,5,28.00
2024-11-06,HC-008,5,62.00
2024-11-06,HC-009,2,135.00
2024-11-06,HW-001,2,85.00
2024-11-06,HW-003,2,98.00
2024-11-06,HW-004,1,685.00
2024-11-06,HW-005,1,48.00
2024-11-06,HW-006,2,28.00
2024-11-06,HW-010,11,16.00
2024-11-06,PC-001,9,52.00
2024-11-06,PC-002,5,32.00
2024-11-06,PC-003,3,68.00
2024-11-06,PC-004,2,38.00
2024-11-06,PC-005,8,95.00
2024-11-06,PC-007,3,38.00
2024-11-06,PC-008,2,79.00
2024-11-06,PC-009,2,49.00
2024-11-06,SO-001,15,30.00
2024-11-06,SO-002,2,90.00
2024-11-06,SO-003,9,260.00
2024-11-06,SO-004,7,72.00
2024-11-06,SO-005,1,85.00
2024-11-06,SO-007,1,45.00
2024-11-06,SO-009,1,78.00
2024-11-07,FB-001,14,125.00
2024-11-07,FB-002,71,14.00
2024-11-07,FB-003,13,24.00
2024-11-07,FB-004,14,78.00
2024-11-07,FB-005,6,115.00
2024-11-07,FB-006,32,66.00
2024-11-07,FB-007,5,275.00
2024-11-07,FB-008,12,34.00
2024-11-07,FB-009,16,68.00
2024-11-07,HC-001,14,55.00
2024-11-07,HC-002,5,115.00
2024-11-07,HC-003,6,42.00
2024-11-07,HC-004,4,62.00
2024-11-07,HC-005,2,98.00
2024-11-07,HC-007,6,28.00
2024-11-07,HC-008,12,62.00
2024-11-07,HC-009,3,135.00
2024-11-07,HW-001,5,85.00
2024-11-07,HW-002,4,275.00
2024-11-07,HW-003,1,98.00
2024-11-07,HW-004,1,685.00
2024-11-07,HW-010,9,16.00
2024-11-07,PC-001,14,52.00
2024-11-07,PC-002,4,32.00
2024-11-07,PC-003,7,68.00
2024-11-07,PC-004,5,38.00
2024-11-07,PC-005,4,95.00
2024-11-07,PC-007,4,38.00
2024-11-07,PC-008,9,79.00
2024-11-07,PC-009,5,49.00
2024-11-07,SO-001,13,30.00
2024-11-07,SO-002,3,90.00
2024-11-07,SO-003,3,260.00
2024-11-07,SO-004,2,72.00
2024-11-07,SO-005,1,85.00
2024-11-07,SO-006,3,95.00
2024-11-07,SO-007,1,45.00
2024-11-07,SO-008,3,35.00
2024-11-07,SO-009,1,78.00
2024-11-08,FB-001,22,125.00
2024-11-08,FB-002,85,14.00
2024-11-08,FB-003,13,24.00
2024-11-08,FB-004,15,78.00
2024-11-08,FB-005,11,115.00
2024-11-08,FB-006,30,66.00
2024-11-08,FB-007,5,275.00
2024-11-08,FB-008,12,34.00
2024-11-08,FB-009,38,68.00
2024-11-08,HC-001,18,55.00
2024-11-08,HC-002,12,115.00
2024-11-08,HC-003,6,42.00
2024-11-08,HC-004,5,62.00
2024-11-08,HC-005,5,98.00
2024-11-08,HC-006,3,82.00
2024-11-08,HC-007,9,28.00
2024-11-08,HC-008,6,62.00
2024-11-08,HC-009,1,135.00
2024-11-08,HW-001,2,85.00
2024-11-08,HW-002,3,275.00
2024-11-08,HW-003,3,98.00
2024-11-08,HW-004,2,685.00
2024-11-08,HW-005,1,48.00
2024-11-08,HW-006,1,28.00
2024-11-08,HW-007,2,38.00
2024-11-08,HW-010,12,16.00
2024-11-08,PC-001,8,52.00
2024-11-08,PC-002,10,32.00
2024-11-08,PC-003,6,68.00
2024-11-08,PC-004,5,38.00
2024-11-08,PC-005,3,95.00
2024-11-08,PC-006,1,135.00
2024-11-08,PC-007,3,38.00
2024-11-08,PC-008,5,79.00
2024-11-08,PC-009,10,49.00
2024-11-08,SO-001,4,30.00
2024-11-08,SO-002,1,90.00
2024-11-08,SO-003,2,260.00
2024-11-08,SO-004,2,72.00
2024-11-08,SO-005,2,85.00
2024-11-08,SO-006,4,95.00
2024-11-08,SO-007,1,45.00
2024-11-08,SO-008,2,35.00
2024-11-09,FB-001,18,125.00
2024-11-09,FB-002,127,14.00
2024-11-09,FB-003,24,24.00
2024-11-09,FB-004,10,78.00
2024-11-09,FB-005,17,115.00
2024-11-09,FB-006,35,66.00
2024-11-09,FB-007,7,275.00
2024-11-09,FB-008,14,34.00
2024-11-09,FB-009,19,68.00
2024-11-09,HC-001,11,55.00
2024-11-09,HC-002,11,115.00
2024-11-09,HC-003,4,42.00
2024-11-09,HC-004,7,62.00
2024-11-09,HC-005,5,98.00
2024-11-09,HC-006,5,82.00
2024-11-09,HC-007,9,28.00
2024-11-09,HC-008,7,62.00
2024-11-09,HC-009,3,135.00
2024-11-09,HW-002,4,275.00
2024-11-09,HW-003,1,98.00
2024-11-09,HW-005,1,48.00
2024-11-09,HW-006,1,28.00
2024-11-09,HW-008,2,125.00
2024-11-09,HW-010,15,16.00
2024-11-09,PC-001,4,52.00
2024-11-09,PC-002,10,32.00
2024-11-09,PC-003,7,68.00
2024-11-09,PC-004,5,38.00
2024-11-09,PC-005,8,95.00
2024-11-09,PC-006,5,135.00
2024-11-09,PC-007,2,38.00
2024-11-09,PC-008,1,79.00
2024-11-09,PC-009,8,49.00
2024-11-09,SO-001,8,30.00
2024-11-09,SO-003,3,260.00
2024-11-09,SO-004,4,72.00
2024-11-09,SO-005,1,85.00
2024-11-09,SO-006,1,95.00
2024-11-10,FB-001,23,125.00
2024-11-10,FB-002,94,14.00
2024-11-10,FB-003,16,24.00
2024-11-10,FB-004,17,78.00
2024-11-10,FB-005,7,115.00
2024-11-10,FB-006,25,66.00
2024-11-10,FB-007,11,275.00
2024-11-10,FB-008,14,34.00
2024-11-10,FB-009,27,68.00
2024-11-10,HC-001,15,55.00
2024-11-10,HC-002,10,115.00
2024-11-10,HC-003,8,42.00
2024-11-10,HC-004,7,62.00
2024-11-10,HC-005,6,98.00
2024-11-10,HC-006,6,82.00
2024-11-10,HC-007,3,28.00
2024-11-10,HC-008,12,62.00
2024-11-10,HC-009,3,135.00
2024-11-10,HW-001,1,85.00
2024-11-10,HW-002,2,275.00
2024-11-10,HW-006,2,28.00
2024-11-10,HW-010,4,16.00
2024-11-10,PC-001,9,52.00
2024-11-10,PC-002,7,32.00
2024-11-10,PC-003,3,68.00
2024-11-10,PC-004,1,38.00
2024-11-10,PC-005,4,95.00
2024-11-10,PC-006,2,135.00
2024-11-10,PC-007,1,38.00
2024-11-10,PC-008,3,79.00
2024-11-10,PC-009,7,49.00
2024-11-10,SO-001,8,30.00
2024-11-10,SO-003,2,260.00
2024-11-10,SO-004,1,72.00
2024-11-10,SO-008,5,35.00
2024-11-10,SO-009,1,78.00
2024-11-11,FB-001,19,125.00
2024-11-11,FB-002,78,14.00
2024-11-11,FB-003,18,24.00
2024-11-11,FB-004,9,78.00
2024-11-11,FB-005,10,115.00
2024-11-11,FB-006,22,66.00
2024-11-11,FB-007,7,275.00
2024-11-11,FB-008,7,34.00
2024-11-11,FB-009,33,68.00
2024-11-11,HC-001,13,55.00
2024-11-11,HC-002,7,115.00
2024-11-11,HC-003,6,42.00
2024-11-11,HC-004,4,62.00
2024-11-11,HC-005,2,98.00
2024-11-11,HC-006,4,82.00
2024-11-11,HC-007,15,28.00
2024-11-11,HC-008,9,62.00
2024-11-11,HC-009,2,135.00
2024-11-11,HW-001,1,85.00
2024-11-11,HW-002,8,275.00
2024-11-11,HW-005,1,48.00
2024-11-11,HW-010,8,16.00
2024-11-11,PC-001,8,52.00
2024-11-11,PC-002,6,32.00
2024-11-11,PC-003,4,68.00
2024-11-11,PC-004,8,38.00
2024-11-11,PC-005,3,95.00
2024-11-11,PC-006,2,135.00
2024-11-11,PC-007,6,38.00
2024-11-11,PC-008,1,79.00
2024-11-11,PC-009,5,49.00
2024-11-11,SO-001,12,30.00
2024-11-11,SO-002,3,90.00
2024-11-11,SO-003,2,260.00
2024-11-11,SO-004,3,72.00
2024-11-11,SO-005,2,85.00
2024-11-11,SO-006,3,95.00
2024-11-11,SO-007,1,45.00
2024-11-11,SO-008,4,35.00
2024-11-11,SO-009,1,78.00
2024-11-12,FB-001,17,125.00
2024-11-12,FB-002,46,14.00
2024-11-12,FB-003,12,24.00
2024-11-12,FB-004,10,78.00
2024-11-12,FB-005,6,115.00
2024-11-12,FB-006,23,66.00
2024-11-12,FB-007,6,275.00
2024-11-12,FB-008,8,34.00
2024-11-12,FB-009,20,68.00
2024-11-12,HC-001,15,55.00
2024-11-12,HC-002,10,115.00
2024-11-12,HC-003,5,42.00
2024-11-12,HC-004,2,62.00
2024-11-12,HC-005,5,98.00
2024-11-12,HC-006,3,82.00
2024-11-12,HC-007,3,28.00
2024-11-12,HC-008,8,62.00
2024-11-12,HC-009,4,135.00
2024-11-12,HW-001,1,85.00
2024-11-12,HW-002,6,275.00
2024-11-12,HW-003,3,98.00
2024-11-12,HW-005,1,48.00
2024-11-12,HW-006,2,28.00
2024-11-12,HW-007,1,38.00
2024-11-12,HW-010,8,16.00
2024-11-12,PC-001,7,52.00
2024-11-12,PC-002,6,32.00
2024-11-12,PC-003,4,68.00
2024-11-12,PC-004,3,38.00
2024-11-12,PC-005,2,95.00
2024-11-12,PC-006,3,135.00
2024-11-12,PC-007,3,38.00
2024-11-12,PC-008,5,79.00
2024-11-12,PC-009,9,49.00
2024-11-12,SO-001,11,30.00
2024-11-12,SO-002,3,90.00
2024-11-12,SO-003,1,260.00
2024-11-12,SO-004,2,72.00
2024-11-12,SO-005,2,85.00
2024-11-12,SO-006,2,95.00
2024-11-12,SO-007,1,45.00
2024-11-12,SO-008,3,35.00
2024-11-13,FB-001,13,125.00
2024-11-13,FB-002,51,14.00
2024-11-13,FB-003,15,24.00
2024-11-13,FB-004,15,78.00
2024-11-13,FB-005,8,115.00
2024-11-13,FB-006,17,66.00
2024-11-13,FB-007,5,275.00
2024-11-13,FB-008,6,34.00
2024-11-13,FB-009,21,68.00
2024-11-13,HC-001,9,55.00
2024-11-13,HC-002,4,115.00
2024-11-13,HC-003,4,42.00
2024-11-13,HC-004,5,62.00
2024-11-13,HC-005,5,98.00
2024-11-13,HC-006,1,82.00
2024-11-13,HC-007,3,28.00
2024-11-13,HC-008,7,62.00
2024-11-13,HC-009,3,135.00
2024-11-13,HW-001,1,85.00
2024-11-13,HW-002,5,275.00
2024-11-13,HW-003,1,98.00
2024-11-13,HW-006,1,28.00
2024-11-13,HW-007,1,38.00
2024-11-13,HW-010,12,16.00
2024-11-13,PC-001,5,52.00
2024-11-13,PC-002,6,32.00
2024-11-13,PC-003,6,68.00
2024-11-13,PC-004,4,38.00
2024-11-13,PC-005,7,95.00
2024-11-13,PC-006,4,135.00
2024-11-13,PC-007,3,38.00
2024-11-13,PC-008,5,79.00
2024-11-13,PC-009,9,49.00
2024-11-13,SO-001,18,30.00
2024-11-13,SO-002,1,90.00
2024-11-13,SO-003,2,260.00
2024-11-13,SO-004,4,72.00
2024-11-13,SO-005,2,85.00
2024-11-13,SO-006,2,95.00
2024-11-13,SO-007,1,45.00
2024-11-13,SO-008,1,35.00
2024-11-13,SO-009,4,78.00
2024-11-14,FB-001,23,125.00
2024-11-14,FB-002,91,14.00
2024-11-14,FB-003,23,24.00
2024-11-14,FB-004,20,78.00
2024-11-14,FB-005,12,115.00
2024-11-14,FB-006,26,66.00
2024-11-14,FB-007,16,275.00
2024-11-14,FB-008,10,34.00
2024-11-14,FB-009,29,68.00
2024-11-14,HC-001,13,55.00
2024-11-14,HC-002,9,115.00
2024-11-14,HC-003,7,42.00
2024-11-14,HC-004,4,62.00
2024-11-14,HC-005,4,98.00
2024-11-14,HC-006,3,82.00
2024-11-14,HC-007,7,28.00
2024-11-14,HC-008,15,62.00
2024-11-14,HC-009,2,135.00
2024-11-14,HW-001,2,85.00
2024-11-14,HW-002,9,275.00
2024-11-14,HW-003,1,98.00
2024-11-14,HW-006,4,28.00
2024-11-14,HW-010,12,16.00
2024-11-14,PC-001,12,52.00
2024-11-14,PC-002,7,32.00
2024-11-14,PC-003,8,68.00
2024-11-14,PC-004,7,38.00
2024-11-14,PC-005,3,95.00
2024-11-14,PC-006,3,135.00
2024-11-14,PC-007,1,38.00
2024-11-14,PC-008,7,79.00
2024-11-14,PC-009,8,49.00
2024-11-14,SO-001,14,30.00
2024-11-14,SO-002,2,90.00
2024-11-14,SO-003,1,260.00
2024-11-14,SO-004,2,72.00
2024-11-14,SO-005,6,85.00
2024-11-14,SO-006,2,95.00
2024-11-14,SO-007,2,45.00
2024-11-14,SO-008,3,35.00
2024-11-14,SO-009,1,78.00
2024-11-15,FB-001,30,125.00
2024-11-15,FB-002,96,14.00
2024-11-15,FB-003,27,24.00
2024-11-15,FB-004,22,78.00
2024-11-15,FB-005,14,115.00
2024-11-15,FB-006,39,66.00
2024-11-15,FB-007,14,275.00
2024-11-15,FB-008,14,34.00
2024-11-15,FB-009,28,68.00
2024-11-15,HC-001,8,55.00
2024-11-15,HC-002,15,115.00
2024-11-15,HC-003,3,42.00
2024-11-15,HC-004,5,62.00
2024-11-15,HC-005,7,98.00
2024-11-15,HC-006,2,82.00
2024-11-15,HC-007,6,28.00
2024-11-15,HC-008,5,62.00
2024-11-15,HC-009,3,135.00
2024-11-15,HW-001,3,85.00
2024-11-15,HW-002,5,275.00
2024-11-15,HW-003,2,98.00
2024-11-15,HW-004,1,685.00
2024-11-15,HW-005,1,48.00
2024-11-15,HW-010,20,16.00
2024-11-15,PC-001,10,52.00
2024-11-15,PC-002,7,32.00
2024-11-15,PC-003,5,68.00
2024-11-15,PC-004,2,38.00
2024-11-15,PC-005,2,95.00
2024-11-15,PC-006,2,135.00
2024-11-15,PC-007,4,38.00
2024-11-15,PC-008,4,79.00
2024-11-15,PC-009,6,49.00
2024-11-15,SO-001,13,30.00
2024-11-15,SO-002,2,90.00
2024-11-15,SO-003,2,260.00
2024-11-15,SO-004,7,72.00
2024-11-15,SO-005,3,85.00
2024-11-15,SO-006,2,95.00
2024-11-15,SO-007,2,45.00
2024-11-15,SO-008,2,35.00
2024-11-15,SO-009,2,78.00
2024-11-16,FB-001,20,125.00
2024-11-16,FB-002,5,14.00
2024-11-16,FB-003,26,24.00
2024-11-16,FB-004,16,78.00
2024-11-16,FB-005,19,115.00
2024-11-16,FB-006,36,66.00
2024-11-16,FB-007,17,275.00
2024-11-16,FB-008,13,34.00
2024-11-16,FB-009,40,68.00
2024-11-16,HC-001,11,55.00
2024-11-16,HC-002,12,115.00
2024-11-16,HC-003,6,42.00
2024-11-16,HC-004,9,62.00
2024-11-16,HC-005,4,98.00
2024-11-16,HC-006,4,82.00
2024-11-16,HC-007,10,28.00
2024-11-16,HC-008,6,62.00
2024-11-16,HC-009,1,135.00
2024-11-16,HW-001,5,85.00
2024-11-16,HW-002,7,275.00
2024-11-16,HW-003,4,98.00
2024-11-16,HW-005,2,48.00
2024-11-16,HW-006,2,28.00
2024-11-16,HW-007,2,38.00
2024-11-16,HW-008,2,125.00
2024-11-16,HW-010,21,16.00
2024-11-16,PC-001,16,52.00
2024-11-16,PC-002,7,32.00
2024-11-16,PC-003,8,68.00
2024-11-16,PC-004,10,38.00
2024-11-16,PC-005,3,95.00
2024-11-16,PC-006,1,135.00
2024-11-16,PC-007,5,38.00
2024-11-16,PC-008,6,79.00
2024-11-16,PC-009,5,49.00
2024-11-16,SO-001,8,30.00
2024-11-16,SO-003,3,260.00
2024-11-16,SO-004,4,72.00
2024-11-16,SO-005,5,85.00
2024-11-16,SO-006,1,95.00
2024-11-16,SO-008,2,35.00
2024-11-16,SO-009,3,78.00
2024-11-17,FB-001,16,125.00
2024-11-17,FB-003,21,24.00
2024-11-17,FB-004,18,78.00
2024-11-17,FB-005,11,115.00
2024-11-17,FB-006,30,66.00
2024-11-17,FB-007,7,275.00
2024-11-17,FB-008,11,34.00
2024-11-17,FB-009,28,68.00
2024-11-17,HC-001,14,55.00
2024-11-17,HC-002,14,115.00
2024-11-17,HC-003,7,42.00
2024-11-17,HC-004,6,62.00
2024-11-17,HC-005,5,98.00
2024-11-17,HC-006,1,82.00
2024-11-17,HC-007,3,28.00
2024-11-17,HC-008,8,62.00
2024-11-17,HC-009,2,135.00
2024-11-17,HW-002,2,275.00
2024-11-17,HW-003,2,98.00
2024-11-17,HW-005,3,48.00
2024-11-17,HW-006,3,28.00
2024-11-17,HW-010,4,16.00
2024-11-17,PC-001,6,52.00
2024-11-17,PC-002,7,32.00
2024-11-17,PC-003,10,68.00
2024-11-17,PC-004,4,38.00
2024-11-17,PC-005,5,95.00
2024-11-17,PC-006,1,135.00
2024-11-17,PC-008,1,79.00
2024-11-17,PC-009,9,49.00
2024-11-17,SO-001,11,30.00
2024-11-17,SO-002,4,90.00
2024-11-17,SO-003,3,260.00
2024-11-17,SO-005,1,85.00
2024-11-17,SO-006,2,95.00
2024-11-17,SO-007,1,45.00
2024-11-17,SO-009,1,78.00
2024-11-18,FB-001,21,125.00
2024-11-18,FB-002,66,14.00
2024-11-18,FB-003,15,24.00
2024-11-18,FB-004,14,78.00
2024-11-18,FB-005,10,115.00
2024-11-18,FB-006,18,66.00
2024-11-18,FB-007,10,275.00
2024-11-18,FB-008,7,34.00
2024-11-18,FB-009,26,68.00
2024-11-18,HC-001,6,55.00
2024-11-18,HC-002,4,115.00
2024-11-18,HC-003,4,42.00
2024-11-18,HC-004,2,62.00
2024-11-18,HC-005,5,98.00
2024-11-18,HC-006,3,82.00
2024-11-18,HC-007,3,28.00
2024-11-18,HC-008,8,62.00
2024-11-18,HC-009,3,135.00
2024-11-18,HW-001,1,85.00
2024-11-18,HW-002,3,275.00
2024-11-18,HW-003,2,98.00
2024-11-18,HW-005,1,48.00
2024-11-18,HW-006,1,28.00
2024-11-18,HW-010,6,16.00
2024-11-18,PC-001,11,52.00
2024-11-18,PC-002,6,32.00
2024-11-18,PC-003,8,68.00
2024-11-18,PC-004,6,38.00
2024-11-18,PC-006,2,135.00
2024-11-18,PC-007,4,38.00
2024-11-18,PC-008,5,79.00
2024-11-18,PC-009,5,49.00
2024-11-18,SO-001,10,30.00
2024-11-18,SO-002,4,90.00
2024-11-18,SO-003,4,260.00
2024-11-18,SO-004,5,72.00
2024-11-18,SO-005,2,85.00
2024-11-18,SO-006,2,95.00
2024-11-18,SO-007,1,45.00
2024-11-18,SO-008,2,35.00
2024-11-18,SO-009,1,78.00
2024-11-19,FB-001,19,125.00
2024-11-19,FB-002,77,14.00
2024-11-19,FB-003,12,24.00
2024-11-19,FB-004,1,78.00
2024-11-19,FB-005,8,115.00
2024-11-19,FB-007,6,275.00
2024-11-19,FB-008,7,34.00
2024-11-19,FB-009,25,68.00
2024-11-19,HC-001,13,55.00
2024-11-19,HC-002,13,115.00
2024-11-19,HC-003,2,42.00
2024-11-19,HC-004,4,62.00
2024-11-19,HC-005,4,98.00
2024-11-19,HC-007,7,28.00
2024-11-19,HC-008,8,62.00
2024-11-19,HC-009,2,135.00
2024-11-19,HW-001,5,85.00
2024-11-19,HW-002,4,275.00
2024-11-19,HW-004,2,685.00
2024-11-19,HW-008,2,125.00
2024-11-19,HW-010,7,16.00
2024-11-19,PC-001,11,52.00
2024-11-19,PC-002,9,32.00
2024-11-19,PC-003,2,68.00
2024-11-19,PC-004,5,38.00
2024-11-19,PC-006,2,135.00
2024-11-19,PC-007,8,38.00
2024-11-19,PC-008,1,79.00
2024-11-19,PC-009,6,49.00
2024-11-19,SO-001,8,30.00
2024-11-19,SO-002,4,90.00
2024-11-19,SO-003,2,260.00
2024-11-19,SO-004,1,72.00
2024-11-19,SO-005,1,85.00
2024-11-19,SO-007,3,45.00
2024-11-19,SO-008,5,35.00
2024-11-19,SO-009,3,78.00
2024-11-20,FB-001,16,125.00
2024-11-20,FB-002,63,14.00
2024-11-20,FB-003,20,24.00
2024-11-20,FB-005,7,115.00
2024-11-20,FB-006,29,66.00
2024-11-20,FB-007,6,275.00
2024-11-20,FB-008,10,34.00
2024-11-20,FB-009,27,68.00
2024-11-20,HC-001,14,55.00
2024-11-20,HC-002,6,115.00
2024-11-20,HC-003,5,42.00
2024-11-20,HC-004,3,62.00
2024-11-20,HC-005,2,98.00
2024-11-20,HC-006,4,82.00
2024-11-20,HC-007,8,28.00
2024-11-20,HC-008,11,62.00
2024-11-20,HC-009,4,135.00
2024-11-20,HW-001,2,85.00
2024-11-20,HW-002,5,275.00
2024-11-20,HW-003,1,98.00
2024-11-20,HW-004,1,685.00
2024-11-20,HW-006,1,28.00
2024-11-20,HW-010,7,16.00
2024-11-20,PC-001,7,52.00
2024-11-20,PC-002,4,32.00
2024-11-20,PC-003,8,68.00
2024-11-20,PC-004,5,38.00
2024-11-20,PC-005,3,95.00
2024-11-20,PC-006,2,135.00
2024-11-20,PC-007,3,38.00
2024-11-20,PC-008,3,79.00
2024-11-20,PC-009,14,49.00
2024-11-20,SO-001,12,30.00
2024-11-20,SO-002,6,90.00
2024-11-20,SO-003,3,260.00
2024-11-20,SO-004,2,72.00
2024-11-20,SO-005,5,85.00
2024-11-20,SO-006,2,95.00
2024-11-20,SO-007,1,45.00
2024-11-20,SO-008,1,35.00
2024-11-20,SO-009,1,78.00
2024-11-21,FB-001,12,125.00
2024-11-21,FB-002,84,14.00
2024-11-21,FB-003,21,24.00
2024-11-21,FB-004,6,78.00
2024-11-21,FB-005,12,115.00
2024-11-21,FB-006,39,66.00
2024-11-21,FB-007,7,275.00
2024-11-21,FB-008,12,34.00
2024-11-21,FB-009,32,68.00
2024-11-21,HC-001,9,55.00
2024-11-21,HC-002,7,115.00
2024-11-21,HC-003,8,42.00
2024-11-21,HC-004,2,62.00
2024-11-21,HC-005,1,98.00
2024-11-21,HC-006,2,82.00
2024-11-21,HC-007,5,28.00
2024-11-21,HC-008,8,62.00
2024-11-21,HC-009,5,135.00
2024-11-21,HW-001,1,85.00
2024-11-21,HW-002,5,275.00
2024-11-21,HW-005,1,48.00
2024-11-21,HW-010,8,16.00
2024-11-21,PC-001,13,52.00
2024-11-21,PC-002,10,32.00
2024-11-21,PC-003,7,68.00
2024-11-21,PC-004,4,38.00
2024-11-21,PC-005,1,95.00
2024-11-21,PC-007,5,38.00
2024-11-21,PC-008,3,79.00
2024-11-21,PC-009,6,49.00
2024-11-21,SO-001,11,30.00
2024-11-21,SO-002,3,90.00
2024-11-21,SO-003,2,260.00
2024-11-21,SO-004,3,72.00
2024-11-21,SO-005,2,85.00
2024-11-21,SO-006,1,95.00
2024-11-21,SO-007,1,45.00
2024-11-21,SO-008,1,35.00
2024-11-22,FB-001,18,125.00
2024-11-22,FB-002,100,14.00
2024-11-22,FB-003,22,24.00
2024-11-22,FB-004,12,78.00
2024-11-22,FB-005,10,115.00
2024-11-22,FB-006,37,66.00
2024-11-22,FB-007,4,275.00
2024-11-22,FB-008,11,34.00
2024-11-22,FB-009,41,68.00
2024-11-22,HC-001,16,55.00
2024-11-22,HC-002,8,115.00
2024-11-22,HC-003,3,42.00
2024-11-22,HC-004,6,62.00
2024-11-22,HC-005,3,98.00
2024-11-22,HC-006,1,82.00
2024-11-22,HC-007,8,28.00
2024-11-22,HC-008,8,62.00
2024-11-22,HC-009,1,135.00
2024-11-22,HW-001,1,85.00
2024-11-22,HW-002,4,275.00
2024-11-22,HW-004,3,685.00
2024-11-22,HW-006,1,28.00
2024-11-22,HW-010,9,16.00
2024-11-22,PC-001,11,52.00
2024-11-22,PC-002,6,32.00
2024-11-22,PC-003,8,68.00
2024-11-22,PC-004,5,38.00
2024-11-22,PC-005,4,95.00
2024-11-22,PC-006,2,135.00
2024-11-22,PC-007,2,38.00
2024-11-22,PC-008,1,79.00
2024-11-22,PC-009,13,49.00
2024-11-22,SO-001,14,30.00
2024-11-22,SO-002,2,90.00
2024-11-22,SO-003,2,260.00
2024-11-22,SO-004,1,72.00
2024-11-22,SO-005,3,85.00
2024-11-22,SO-006,1,95.00
2024-11-22,SO-007,2,45.00
2024-11-22,SO-008,3,35.00
2024-11-22,SO-009,2,78.00
2024-11-23,FB-001,18,125.00
2024-11-23,FB-002,94,14.00
2024-11-23,FB-003,28,24.00
2024-11-23,FB-004,19,78.00
2024-11-23,FB-005,16,115.00
2024-11-23,FB-006,28,66.00
2024-11-23,FB-007,9,275.00
2024-11-23,FB-008,18,34.00
2024-11-23,FB-009,42,68.00
2024-11-23,HC-001,12,55.00
2024-11-23,HC-002,10,115.00
2024-11-23,HC-003,5,42.00
2024-11-23,HC-004,7,62.00
2024-11-23,HC-005,7,98.00
2024-11-23,HC-006,3,82.00
2024-11-23,HC-007,5,28.00
2024-11-23,HC-008,10,62.00
2024-11-23,HW-001,5,85.00
2024-11-23,HW-002,6,275.00
2024-11-23,HW-003,1,98.00
2024-11-23,HW-004,1,685.00
2024-11-23,HW-005,1,48.00
2024-11-23,HW-008,1,125.00
2024-11-23,HW-010,8,16.00
2024-11-23,PC-001,11,52.00
2024-11-23,PC-002,6,32.00
2024-11-23,PC-003,8,68.00
2024-11-23,PC-004,4,38.00
2024-11-23,PC-005,4,95.00
2024-11-23,PC-006,2,135.00
2024-11-23,PC-007,5,38.00
2024-11-23,PC-008,2,79.00
2024-11-23,PC-009,6,49.00
2024-11-23,SO-001,8,30.00
2024-11-23,SO-002,4,90.00
2024-11-23,SO-003,3,260.00
2024-11-23,SO-004,3,72.00
2024-11-23,SO-005,1,85.00
2024-11-23,SO-006,1,95.00
2024-11-23,SO-007,3,45.00
2024-11-23,SO-008,1,35.00
2024-11-23,SO-009,3,78.00
2024-11-24,FB-001,15,125.00
2024-11-24,FB-002,68,14.00
2024-11-24,FB-003,28,24.00
2024-11-24,FB-004,16,78.00
2024-11-24,FB-005,12,115.00
2024-11-24,FB-006,34,66.00
2024-11-24,FB-007,4,275.00
2024-11-24,FB-008,16,34.00
2024-11-24,FB-009,47,68.00
2024-11-24,HC-001,10,55.00
2024-11-24,HC-002,9,115.00
2024-11-24,HC-003,2,42.00
2024-11-24,HC-004,7,62.00
2024-11-24,HC-005,4,98.00
2024-11-24,HC-006,1,82.00
2024-11-24,HC-007,5,28.00
2024-11-24,HC-008,15,62.00
2024-11-24,HC-009,3,135.00
2024-11-24,HW-001,1,85.00
2024-11-24,HW-002,5,275.00
2024-11-24,HW-004,1,685.00
2024-11-24,HW-006,1,28.00
2024-11-24,HW-010,5,16.00
2024-11-24,PC-001,12,52.00
2024-11-24,PC-002,4,32.00
2024-11-24,PC-003,6,68.00
2024-11-24,PC-004,5,38.00
2024-11-24,PC-005,2,95.00
2024-11-24,PC-007,1,38.00
2024-11-24,PC-008,4,79.00
2024-11-24,PC-009,6,49.00
2024-11-24,SO-001,1,30.00
2024-11-24,SO-002,5,90.00
2024-11-24,SO-003,3,260.00
2024-11-24,SO-005,1,85.00
2024-11-24,SO-008,1,35.00
2024-11-24,SO-009,2,78.00
2024-11-25,FB-001,16,125.00
2024-11-25,FB-002,75,14.00
2024-11-25,FB-003,24,24.00
2024-11-25,FB-004,8,78.00
2024-11-25,FB-005,10,115.00
2024-11-25,FB-006,26,66.00
2024-11-25,FB-007,5,275.00
2024-11-25,FB-008,14,34.00
2024-11-25,FB-009,30,68.00
2024-11-25,HC-001,13,55.00
2024-11-25,HC-002,4,115.00
2024-11-25,HC-004,3,62.00
2024-11-25,HC-005,2,98.00
2024-11-25,HC-006,3,82.00
2024-11-25,HC-007,6,28.00
2024-11-25,HC-008,8,62.00
2024-11-25,HC-009,2,135.00
2024-11-25,HW-001,1,85.00
2024-11-25,HW-002,6,275.00
2024-11-25,HW-006,1,28.00
2024-11-25,HW-008,2,125.00
2024-11-25,HW-010,5,16.00
2024-11-25,PC-001,11,52.00
2024-11-25,PC-002,6,32.00
2024-11-25,PC-003,7,68.00
2024-11-25,PC-004,7,38.00
2024-11-25,PC-005,3,95.00
2024-11-25,PC-006,2,135.00
2024-11-25,PC-007,1,38.00
2024-11-25,PC-008,1,79.00
2024-11-25,PC-009,10,49.00
2024-11-25,SO-001,13,30.00
2024-11-25,SO-002,5,90.00
2024-11-25,SO-003,1,260.00
2024-11-25,SO-004,7,72.00
2024-11-25,SO-005,1,85.00
2024-11-25,SO-006,3,95.00
2024-11-25,SO-009,2,78.00
2024-11-26,FB-001,14,125.00
2024-11-26,FB-002,46,14.00
2024-11-26,FB-003,13,24.00
2024-11-26,FB-004,7,78.00
2024-11-26,FB-005,13,115.00
2024-11-26,FB-006,31,66.00
2024-11-26,FB-007,14,275.00
2024-11-26,FB-008,9,34.00
2024-11-26,FB-009,13,68.00
2024-11-26,HC-001,17,55.00
2024-11-26,HC-002,5,115.00
2024-11-26,HC-003,5,42.00
2024-11-26,HC-004,3,62.00
2024-11-26,HC-005,3,98.00
2024-11-26,HC-006,1,82.00
2024-11-26,HC-007,8,28.00
2024-11-26,HC-008,9,62.00
2024-11-26,HC-009,2,135.00
2024-11-26,HW-001,3,85.00
2024-11-26,HW-002,1,275.00
2024-11-26,HW-003,1,98.00
2024-11-26,HW-004,1,685.00
2024-11-26,HW-006,1,28.00
2024-11-26,HW-010,7,16.00
2024-11-26,PC-001,9,52.00
2024-11-26,PC-002,2,32.00
2024-11-26,PC-003,8,68.00
2024-11-26,PC-004,3,38.00
2024-11-26,PC-005,5,95.00
2024-11-26,PC-006,1,135.00
2024-11-26,PC-007,2,38.00
2024-11-26,PC-008,5,79.00
2024-11-26,PC-009,5,49.00
2024-11-26,SO-001,14,30.00
2024-11-26,SO-002,3,90.00
2024-11-26,SO-003,2,260.00
2024-11-26,SO-004,1,72.00
2024-11-26,SO-005,2,85.00
2024-11-26,SO-006,1,95.00
2024-11-26,SO-007,1,45.00
2024-11-26,SO-008,2,35.00
2024-11-26,SO-009,1,78.00
2024-11-27,FB-001,15,125.00
2024-11-27,FB-002,62,14.00
2024-11-27,FB-003,16,24.00
2024-11-27,FB-004,11,78.00
2024-11-27,FB-005,8,115.00
2024-11-27,FB-006,28,66.00
2024-11-27,FB-007,7,275.00
2024-11-27,FB-008,9,34.00
2024-11-27,FB-009,15,68.00
2024-11-27,HC-001,11,55.00
2024-11-27,HC-002,8,115.00
2024-11-27,HC-003,2,42.00
2024-11-27,HC-004,4,62.00
2024-11-27,HC-005,3,98.00
2024-11-27,HC-006,4,82.00
2024-11-27,HC-007,5,28.00
2024-11-27,HC-008,5,62.00
2024-11-27,HC-009,4,135.00
2024-11-27,HW-001,2,85.00
2024-11-27,HW-002,5,275.00
2024-11-27,HW-003,1,98.00
2024-11-27,HW-005,1,48.00
2024-11-27,HW-010,10,16.00
2024-11-27,PC-001,12,52.00
2024-11-27,PC-002,7,32.00
2024-11-27,PC-003,8,68.00
2024-11-27,PC-004,5,38.00
2024-11-27,PC-005,3,95.00
2024-11-27,PC-006,1,135.00
2024-11-27,PC-007,1,38.00
2024-11-27,PC-008,3,79.00
2024-11-27,PC-009,10,49.00
2024-11-27,SO-001,11,30.00
2024-11-27,SO-002,2,90.00
2024-11-27,SO-003,5,260.00
2024-11-27,SO-004,9,72.00
2024-11-27,SO-006,2,95.00
2024-11-27,SO-008,4,35.00
2024-11-27,SO-009,1,78.00
2024-11-28,FB-001,9,125.00
2024-11-28,FB-002,56,14.00
2024-11-28,FB-003,24,24.00
2024-11-28,FB-004,13,78.00
2024-11-28,FB-005,18,115.00
2024-11-28,FB-006,32,66.00
2024-11-28,FB-007,14,275.00
2024-11-28,FB-008,17,34.00
2024-11-28,FB-009,25,68.00
2024-11-28,HC-001,12,55.00
2024-11-28,HC-002,9,115.00
2024-11-28,HC-003,3,42.00
2024-11-28,HC-004,1,62.00
2024-11-28,HC-005,6,98.00
2024-11-28,HC-006,4,82.00
2024-11-28,HC-007,13,28.00
2024-11-28,HC-008,9,62.00
2024-11-28,HC-009,1,135.00
2024-11-28,HW-001,2,85.00
2024-11-28,HW-002,2,275.00
2024-11-28,HW-003,1,98.00
2024-11-28,HW-004,2,685.00
2024-11-28,HW-005,2,48.00
2024-11-28,HW-010,10,16.00
2024-11-28,PC-001,9,52.00
2024-11-28,PC-002,6,32.00
2024-11-28,PC-003,7,68.00
2024-11-28,PC-004,1,38.00
2024-11-28,PC-005,1,95.00
2024-11-28,PC-006,2,135.00
2024-11-28,PC-007,8,38.00
2024-11-28,PC-008,4,79.00
2024-11-28,PC-009,7,49.00
2024-11-28,SO-001,8,30.00
2024-11-28,SO-002,4,90.00
2024-11-28,SO-003,4,260.00
2024-11-28,SO-004,7,72.00
2024-11-28,SO-005,2,85.00
2024-11-28,SO-006,1,95.00
2024-11-28,SO-007,2,45.00
2024-11-28,SO-008,2,35.00
2024-11-28,SO-009,2,78.00
2024-11-29,FB-001,17,125.00
2024-11-29,FB-002,88,14.00
2024-11-29,FB-003,30,24.00
2024-11-29,FB-004,24,78.00
2024-11-29,FB-005,22,115.00
2024-11-29,FB-006,28,66.00
2024-11-29,FB-007,12,275.00
2024-11-29,FB-008,13,34.00
2024-11-29,FB-009,27,68.00
2024-11-29,HC-001,15,55.00
2024-11-29,HC-002,8,115.00
2024-11-29,HC-003,9,42.00
2024-11-29,HC-004,5,62.00
2024-11-29,HC-005,7,98.00
2024-11-29,HC-006,2,82.00
2024-11-29,HC-007,7,28.00
2024-11-29,HC-008,11,62.00
2024-11-29,HC-009,2,135.00
2024-11-29,HW-001,4,85.00
2024-11-29,HW-002,6,275.00
2024-11-29,HW-004,2,685.00
2024-11-29,HW-005,2,48.00
2024-11-29,HW-007,1,38.00
2024-11-29,HW-010,9,16.00
2024-11-29,PC-001,16,52.00
2024-11-29,PC-002,10,32.00
2024-11-29,PC-003,5,68.00
2024-11-29,PC-004,5,38.00
2024-11-29,PC-005,2,95.00
2024-11-29,PC-006,4,135.00
2024-11-29,PC-007,7,38.00
2024-11-29,PC-008,6,79.00
2024-11-29,PC-009,11,49.00
2024-11-29,SO-001,16,30.00
2024-11-29,SO-002,2,90.00
2024-11-29,SO-003,3,260.00
2024-11-29,SO-004,1,72.00
2024-11-29,SO-005,2,85.00
2024-11-29,SO-006,2,95.00
2024-11-29,SO-007,2,45.00
2024-11-29,SO-008,2,35.00
2024-11-30,FB-001,21,125.00
2024-11-30,FB-002,103,14.00
2024-11-30,FB-003,19,24.00
2024-11-30,FB-004,18,78.00
2024-11-30,FB-005,24,115.00
2024-11-30,FB-006,60,66.00
2024-11-30,FB-007,6,275.00
2024-11-30,FB-008,17,34.00
2024-11-30,FB-009,35,68.00
2024-11-30,HC-001,20,55.00
2024-11-30,HC-002,12,115.00
2024-11-30,HC-003,7,42.00
2024-11-30,HC-004,10,62.00
2024-11-30,HC-005,5,98.00
2024-11-30,HC-006,3,82.00
2024-11-30,HC-007,11,28.00
2024-11-30,HC-008,4,62.00
2024-11-30,HW-001,1,85.00
2024-11-30,HW-002,8,275.00
2024-11-30,HW-003,5,98.00
2024-11-30,HW-004,1,685.00
2024-11-30,HW-006,1,28.00
2024-11-30,HW-008,1,125.00
2024-11-30,HW-010,13,16.00
2024-11-30,PC-001,12,52.00
2024-11-30,PC-002,4,32.00
2024-11-30,PC-003,6,68.00
2024-11-30,PC-004,4,38.00
2024-11-30,PC-005,7,95.00
2024-11-30,PC-006,1,135.00
2024-11-30,PC-007,5,38.00
2024-11-30,PC-008,2,79.00
2024-11-30,PC-009,7,49.00
2024-11-30,SO-001,4,30.00
2024-11-30,SO-002,2,90.00
2024-11-30,SO-003,1,260.00
2024-11-30,SO-004,3,72.00
2024-11-30,SO-005,1,85.00
2024-11-30,SO-006,2,95.00
2024-11-30,SO-008,3,35.00
2024-11-30,SO-009,2,78.00
2024-12-01,FB-001,26,125.00
2024-12-01,FB-002,111,14.00
2024-12-01,FB-004,16,78.00
2024-12-01,FB-005,25,115.00
2024-12-01,FB-006,59,66.00
2024-12-01,FB-009,47,68.00
2024-12-01,HC-001,21,55.00
2024-12-01,HC-002,14,115.00
2024-12-01,HC-003,5,42.00
2024-12-01,HC-004,8,62.00
2024-12-01,HC-005,7,98.00
2024-12-01,HC-006,4,82.00
2024-12-01,HC-007,13,28.00
2024-12-01,HC-008,9,62.00
2024-12-01,HC-009,4,135.00
2024-12-01,HW-001,1,85.00
2024-12-01,HW-002,1,275.00
2024-12-01,HW-008,1,125.00
2024-12-01,HW-010,7,16.00
2024-12-01,PC-001,17,52.00
2024-12-01,PC-002,8,32.00
2024-12-01,PC-003,10,68.00
2024-12-01,PC-004,8,38.00
2024-12-01,PC-005,4,95.00
2024-12-01,PC-006,4,135.00
2024-12-01,PC-007,2,38.00
2024-12-01,PC-008,5,79.00
2024-12-01,PC-009,10,49.00
2024-12-01,SO-001,7,30.00
2024-12-01,SO-004,2,72.00
2024-12-01,SO-006,1,95.00
2024-12-01,SO-007,1,45.00
2024-12-01,SO-009,1,78.00
2024-12-02,FB-001,19,125.00
2024-12-02,FB-002,69,14.00
2024-12-02,FB-003,17,24.00
2024-12-02,FB-004,9,78.00
2024-12-02,FB-005,14,115.00
2024-12-02,FB-006,36,66.00
2024-12-02,FB-007,17,275.00
2024-12-02,FB-008,6,34.00
2024-12-02,FB-009,18,68.00
2024-12-02,HC-001,10,55.00
2024-12-02,HC-002,6,115.00
2024-12-02,HC-003,4,42.00
2024-12-02,HC-004,2,62.00
2024-12-02,HC-005,4,98.00
2024-12-02,HC-006,3,82.00
2024-12-02,HC-007,6,28.00
2024-12-02,HC-008,7,62.00
2024-12-02,HC-009,2,135.00
2024-12-02,HW-001,1,85.00
2024-12-02,HW-002,1,275.00
2024-12-02,HW-004,1,685.00
2024-12-02,HW-005,1,48.00
2024-12-02,HW-006,1,28.00
2024-12-02,HW-008,1,125.00
2024-12-02,HW-010,6,16.00
2024-12-02,PC-001,5,52.00
2024-12-02,PC-002,4,32.00
2024-12-02,PC-003,7,68.00
2024-12-02,PC-004,3,38.00
2024-12-02,PC-005,6,95.00
2024-12-02,PC-006,2,135.00
2024-12-02,PC-007,2,38.00
2024-12-02,PC-008,2,79.00
2024-12-02,PC-009,7,49.00
2024-12-02,SO-001,10,30.00
2024-12-02,SO-002,2,90.00
2024-12-02,SO-003,3,260.00
2024-12-02,SO-004,2,72.00
2024-12-02,SO-005,1,85.00
2024-12-02,SO-006,5,95.00
2024-12-02,SO-007,1,45.00
2024-12-02,SO-008,4,35.00
2024-12-02,SO-009,1,78.00
2024-12-03,FB-001,19,125.00
2024-12-03,FB-002,76,14.00
2024-12-03,FB-003,19,24.00
2024-12-03,FB-004,17,78.00
2024-12-03,FB-005,14,115.00
2024-12-03,FB-006,23,66.00
2024-12-03,FB-007,2,275.00
2024-12-03,FB-008,15,34.00
2024-12-03,HC-001,13,55.00
2024-12-03,HC-002,5,115.00
2024-12-03,HC-003,3,42.00
2024-12-03,HC-004,9,62.00
2024-12-03,HC-005,3,98.00
2024-12-03,HC-006,3,82.00
2024-12-03,HC-007,6,28.00
2024-12-03,HC-008,9,62.00
2024-12-03,HC-009,3,135.00
2024-12-03,HW-001,1,85.00
2024-12-03,HW-002,3,275.00
2024-12-03,HW-003,1,98.00
2024-12-03,HW-006,2,28.00
2024-12-03,HW-010,6,16.00
2024-12-03,PC-001,10,52.00
2024-12-03,PC-002,8,32.00
2024-12-03,PC-003,7,68.00
2024-12-03,PC-004,8,38.00
2024-12-03,PC-005,8,95.00
2024-12-03,PC-006,2,135.00
2024-12-03,PC-007,3,38.00
2024-12-03,PC-008,3,79.00
2024-12-03,PC-009,8,49.00
2024-12-03,SO-001,11,30.00
2024-12-03,SO-002,2,90.00
2024-12-03,SO-003,4,260.00
2024-12-03,SO-004,1,72.00
2024-12-03,SO-005,2,85.00
2024-12-03,SO-006,1,95.00
2024-12-03,SO-008,4,35.00
2024-12-03,SO-009,1,78.00
2024-12-04,FB-001,16,125.00
2024-12-04,FB-002,78,14.00
2024-12-04,FB-003,17,24.00
2024-12-04,FB-004,9,78.00
2024-12-04,FB-005,14,115.00
2024-12-04,FB-006,29,66.00
2024-12-04,FB-007,9,275.00
2024-12-04,FB-008,16,34.00
2024-12-04,FB-009,23,68.00
2024-12-04,HC-001,14,55.00
2024-12-04,HC-002,5,115.00
2024-12-04,HC-003,6,42.00
2024-12-04,HC-004,6,62.00
2024-12-04,HC-005,2,98.00
2024-12-04,HC-006,3,82.00
2024-12-04,HC-007,5,28.00
2024-12-04,HC-008,12,62.00
2024-12-04,HC-009,1,135.00
2024-12-04,HW-001,3,85.00
2024-12-04,HW-002,6,275.00
2024-12-04,HW-003,2,98.00
2024-12-04,HW-006,4,28.00
2024-12-04,HW-008,1,125.00
2024-12-04,HW-010,8,16.00
2024-12-04,PC-001,9,52.00
2024-12-04,PC-002,6,32.00
2024-12-04,PC-003,4,68.00
2024-12-04,PC-004,12,38.00
2024-12-04,PC-005,3,95.00
2024-12-04,PC-006,2,135.00
2024-12-04,PC-007,1,38.00
2024-12-04,PC-009,3,49.00
2024-12-04,SO-001,5,30.00
2024-12-04,SO-002,6,90.00
2024-12-04,SO-003,1,260.00
2024-12-04,SO-004,7,72.00
2024-12-04,SO-005,4,85.00
2024-12-04,SO-006,2,95.00
2024-12-04,SO-007,2,45.00
2024-12-04,SO-008,2,35.00
2024-12-04,SO-009,2,78.00
2024-12-05,FB-001,18,125.00
2024-12-05,FB-002,76,14.00
2024-12-05,FB-003,18,24.00
2024-12-05,FB-004,11,78.00
2024-12-05,FB-005,9,115.00
2024-12-05,FB-006,28,66.00
2024-12-05,FB-007,4,275.00
2024-12-05,FB-008,12,34.00
2024-12-05,FB-009,24,68.00
2024-12-05,HC-001,10,55.00
2024-12-05,HC-002,7,115.00
2024-12-05,HC-003,8,42.00
2024-12-05,HC-004,10,62.00
2024-12-05,HC-006,1,82.00
2024-12-05,HC-007,6,28.00
2024-12-05,HC-008,5,62.00
2024-12-05,HC-009,1,135.00
2024-12-05,HW-001,2,85.00
2024-12-05,HW-002,2,275.00
2024-12-05,HW-003,2,98.00
2024-12-05,HW-005,2,48.00
2024-12-05,HW-007,1,38.00
2024-12-05,HW-008,2,125.00
2024-12-05,HW-010,13,16.00
2024-12-05,PC-001,18,52.00
2024-12-05,PC-002,8,32.00
2024-12-05,PC-003,4,68.00
2024-12-05,PC-004,5,38.00
2024-12-05,PC-005,3,95.00
2024-12-05,PC-006,5,135.00
2024-12-05,PC-008,2,79.00
2024-12-05,PC-009,6,49.00
2024-12-05,SO-001,10,30.00
2024-12-05,SO-002,2,90.00
2024-12-05,SO-003,2,260.00
2024-12-05,SO-004,4,72.00
2024-12-05,SO-005,3,85.00
2024-12-05,SO-006,2,95.00
2024-12-05,SO-008,2,35.00
2024-12-05,SO-009,1,78.00
2024-12-06,FB-001,29,125.00
2024-12-06,FB-002,103,14.00
2024-12-06,FB-003,13,24.00
2024-12-06,FB-004,18,78.00
2024-12-06,FB-005,14,115.00
2024-12-06,FB-006,40,66.00
2024-12-06,FB-007,12,275.00
2024-12-06,FB-008,15,34.00
2024-12-06,FB-009,38,68.00
2024-12-06,HC-001,17,55.00
2024-12-06,HC-002,6,115.00
2024-12-06,HC-003,5,42.00
2024-12-06,HC-004,3,62.00
2024-12-06,HC-005,6,98.00
2024-12-06,HC-006,4,82.00
2024-12-06,HC-007,4,28.00
2024-12-06,HC-008,14,62.00
2024-12-06,HC-009,3,135.00
2024-12-06,HW-001,1,85.00
2024-12-06,HW-002,3,275.00
2024-12-06,HW-004,2,685.00
2024-12-06,HW-005,1,48.00
2024-12-06,HW-006,4,28.00
2024-12-06,HW-008,1,125.00
2024-12-06,HW-010,12,16.00
2024-12-06,PC-001,13,52.00
2024-12-06,PC-002,12,32.00
2024-12-06,PC-003,4,68.00
2024-12-06,PC-004,4,38.00
2024-12-06,PC-005,4,95.00
2024-12-06,PC-006,5,135.00
2024-12-06,PC-007,3,38.00
2024-12-06,PC-008,1,79.00
2024-12-06,PC-009,10,49.00
2024-12-06,SO-001,12,30.00
2024-12-06,SO-002,1,90.00
2024-12-06,SO-003,3,260.00
2024-12-06,SO-004,1,72.00
2024-12-06,SO-005,5,85.00
2024-12-06,SO-009,2,78.00
2024-12-07,FB-001,31,125.00
2024-12-07,FB-002,17,14.00
2024-12-07,FB-003,29,24.00
2024-12-07,FB-004,12,78.00
2024-12-07,FB-005,22,115.00
2024-12-07,FB-006,41,66.00
2024-12-07,FB-007,9,275.00
2024-12-07,FB-008,15,34.00
2024-12-07,FB-009,41,68.00
2024-12-07,HC-001,16,55.00
2024-12-07,HC-002,8,115.00
2024-12-07,HC-003,11,42.00
2024-12-07,HC-004,6,62.00
2024-12-07,HC-005,3,98.00
2024-12-07,HC-006,3,82.00
2024-12-07,HC-007,7,28.00
2024-12-07,HC-008,12,62.00
2024-12-07,HC-009,4,135.00
2024-12-07,HW-001,3,85.00
2024-12-07,HW-002,7,275.00
2024-12-07,HW-003,1,98.00
2024-12-07,HW-005,1,48.00
2024-12-07,HW-007,2,38.00
2024-12-07,HW-008,1,125.00
2024-12-07,HW-010,11,16.00
2024-12-07,PC-001,11,52.00
2024-12-07,PC-002,6,32.00
2024-12-07,PC-003,10,68.00
2024-12-07,PC-004,6,38.00
2024-12-07,PC-005,3,95.00
2024-12-07,PC-006,2,135.00
2024-12-07,PC-007,5,38.00
2024-12-07,PC-008,6,79.00
2024-12-07,PC-009,15,49.00
2024-12-07,SO-001,6,30.00
2024-12-07,SO-003,1,260.00
2024-12-07,SO-004,2,72.00
2024-12-07,SO-005,3,85.00
2024-12-07,SO-006,1,95.00
2024-12-07,SO-008,2,35.00
2024-12-07,SO-009,2,78.00
2024-12-08,FB-001,21,125.00
2024-12-08,FB-002,95,14.00
2024-12-08,FB-003,25,24.00
2024-12-08,FB-004,8,78.00
2024-12-08,FB-005,15,115.00
2024-12-08,FB-006,34,66.00
2024-12-08,FB-007,11,275.00
2024-12-08,FB-008,11,34.00
2024-12-08,FB-009,28,68.00
2024-12-08,HC-001,10,55.00
2024-12-08,HC-002,15,115.00
2024-12-08,HC-003,5,42.00
2024-12-08,HC-004,8,62.00
2024-12-08,HC-005,6,98.00
2024-12-08,HC-006,3,82.00
2024-12-08,HC-007,6,28.00
2024-12-08,HC-008,9,62.00
2024-12-08,HC-009,4,135.00
2024-12-08,HW-001,2,85.00
2024-12-08,HW-002,2,275.00
2024-12-08,HW-007,1,38.00
2024-12-08,HW-010,8,16.00
2024-12-08,PC-001,12,52.00
2024-12-08,PC-002,13,32.00
2024-12-08,PC-003,8,68.00
2024-12-08,PC-004,3,38.00
2024-12-08,PC-005,6,95.00
2024-12-08,PC-006,2,135.00
2024-12-08,PC-007,1,38.00
2024-12-08,PC-008,4,79.00
2024-12-08,PC-009,9,49.00
2024-12-08,SO-001,4,30.00
2024-12-08,SO-002,1,90.00
2024-12-08,SO-003,1,260.00
2024-12-08,SO-004,3,72.00
2024-12-08,SO-005,4,85.00
2024-12-08,SO-007,1,45.00
2024-12-08,SO-008,3,35.00
2024-12-08,SO-009,1,78.00
2024-12-09,FB-001,22,125.00
2024-12-09,FB-002,81,14.00
2024-12-09,FB-003,18,24.00
2024-12-09,FB-004,13,78.00
2024-12-09,FB-005,15,115.00
2024-12-09,FB-006,42,66.00
2024-12-09,FB-007,6,275.00
2024-12-09,FB-008,9,34.00
2024-12-09,FB-009,30,68.00
2024-12-09,HC-001,13,55.00
2024-12-09,HC-002,7,115.00
2024-12-09,HC-003,3,42.00
2024-12-09,HC-004,5,62.00
2024-12-09,HC-005,4,98.00
2024-12-09,HC-006,2,82.00
2024-12-09,HC-007,13,28.00
2024-12-09,HC-008,10,62.00
2024-12-09,HC-009,3,135.00
2024-12-09,HW-001,3,85.00
2024-12-09,HW-002,5,275.00
2024-12-09,HW-003,1,98.00
2024-12-09,HW-004,1,685.00
2024-12-09,HW-006,1,28.00
2024-12-09,HW-010,13,16.00
2024-12-09,PC-001,11,52.00
2024-12-09,PC-002,8,32.00
2024-12-09,PC-003,8,68.00
2024-12-09,PC-004,4,38.00
2024-12-09,PC-005,4,95.00
2024-12-09,PC-008,8,79.00
2024-12-09,PC-009,5,49.00
2024-12-09,SO-001,11,30.00
2024-12-09,SO-002,3,90.00
2024-12-09,SO-003,2,260.00
2024-12-09,SO-004,3,72.00
2024-12-09,SO-005,2,85.00
2024-12-09,SO-006,1,95.00
2024-12-09,SO-007,2,45.00
2024-12-09,SO-008,3,35.00
2024-12-10,FB-001,18,125.00
2024-12-10,FB-002,76,14.00
2024-12-10,FB-003,9,24.00
2024-12-10,FB-004,6,78.00
2024-12-10,FB-005,14,115.00
2024-12-10,FB-006,33,66.00
2024-12-10,FB-007,9,275.00
2024-12-10,FB-008,9,34.00
2024-12-10,FB-009,21,68.00
2024-12-10,HC-001,11,55.00
2024-12-10,HC-003,3,42.00
2024-12-10,HC-004,5,62.00
2024-12-10,HC-005,5,98.00
2024-12-10,HC-006,6,82.00
2024-12-10,HC-007,5,28.00
2024-12-10,HC-008,1,62.00
2024-12-10,HC-009,2,135.00
2024-12-10,HW-001,1,85.00
2024-12-10,HW-002,3,275.00
2024-12-10,HW-003,2,98.00
2024-12-10,HW-004,1,685.00
2024-12-10,HW-005,1,48.00
2024-12-10,HW-006,2,28.00
2024-12-10,HW-010,9,16.00
2024-12-10,PC-001,4,52.00
2024-12-10,PC-002,8,32.00
2024-12-10,PC-003,5,68.00
2024-12-10,PC-004,1,38.00
2024-12-10,PC-005,6,95.00
2024-12-10,PC-006,1,135.00
2024-12-10,PC-007,2,38.00
2024-12-10,PC-008,3,79.00
2024-12-10,PC-009,8,49.00
2024-12-10,SO-001,7,30.00
2024-12-10,SO-002,4,90.00
2024-12-10,SO-004,4,72.00
2024-12-10,SO-005,2,85.00
2024-12-10,SO-006,1,95.00
2024-12-10,SO-007,2,45.00
2024-12-10,SO-008,3,35.00
2024-12-10,SO-009,3,78.00
2024-12-11,FB-001,20,125.00
2024-12-11,FB-002,67,14.00
2024-12-11,FB-003,17,24.00
2024-12-11,FB-004,8,78.00
2024-12-11,FB-005,14,115.00
2024-12-11,FB-006,35,66.00
2024-12-11,FB-007,4,275.00
2024-12-11,FB-008,11,34.00
2024-12-11,FB-009,24,68.00
2024-12-11,HC-001,7,55.00
2024-12-11,HC-002,6,115.00
2024-12-11,HC-003,7,42.00
2024-12-11,HC-004,4,62.00
2024-12-11,HC-005,6,98.00
2024-12-11,HC-006,3,82.00
2024-12-11,HC-007,14,28.00
2024-12-11,HC-008,9,62.00
2024-12-11,HC-009,1,135.00
2024-12-11,HW-001,1,85.00
2024-12-11,HW-002,3,275.00
2024-12-11,HW-003,1,98.00
2024-12-11,HW-004,1,685.00
2024-12-11,HW-005,1,48.00
2024-12-11,HW-006,1,28.00
2024-12-11,HW-010,5,16.00
2024-12-11,PC-001,17,52.00
2024-12-11,PC-002,9,32.00
2024-12-11,PC-003,3,68.00
2024-12-11,PC-004,5,38.00
2024-12-11,PC-006,2,135.00
2024-12-11,PC-007,7,38.00
2024-12-11,PC-008,4,79.00
2024-12-11,PC-009,11,49.00
2024-12-11,SO-001,6,30.00
2024-12-11,SO-002,1,90.00
2024-12-11,SO-003,4,260.00
2024-12-11,SO-004,6,72.00
2024-12-11,SO-005,2,85.00
2024-12-11,SO-006,1,95.00
2024-12-11,SO-008,3,35.00
2024-12-12,FB-001,24,125.00
2024-12-12,FB-002,99,14.00
2024-12-12,FB-003,16,24.00
2024-12-12,FB-004,8,78.00
2024-12-12,FB-005,18,115.00
2024-12-12,FB-006,32,66.00
2024-12-12,FB-007,10,275.00
2024-12-12,FB-008,11,34.00
2024-12-12,FB-009,31,68.00
2024-12-12,HC-001,12,55.00
2024-12-12,HC-002,7,115.00
2024-12-12,HC-003,8,42.00
2024-12-12,HC-004,6,62.00
2024-12-12,HC-005,5,98.00
2024-12-12,HC-006,2,82.00
2024-12-12,HC-007,6,28.00
2024-12-12,HC-008,10,62.00
2024-12-12,HC-009,3,135.00
2024-12-12,HW-001,3,85.00
2024-12-12,HW-002,4,275.00
2024-12-12,HW-003,4,98.00
2024-12-12,HW-004,2,685.00
2024-12-12,HW-006,1,28.00
2024-12-12,HW-010,3,16.00
2024-12-12,PC-001,16,52.00
2024-12-12,PC-002,7,32.00
2024-12-12,PC-003,2,68.00
2024-12-12,PC-004,1,38.00
2024-12-12,PC-005,10,95.00
2024-12-12,PC-006,3,135.00
2024-12-12,PC-007,5,38.00
2024-12-12,PC-008,4,79.00
2024-12-12,PC-009,3,49.00
2024-12-12,SO-001,10,30.00
2024-12-12,SO-002,1,90.00
2024-12-12,SO-003,6,260.00
2024-12-12,SO-004,3,72.00
2024-12-12,SO-005,1,85.00
2024-12-12,SO-006,1,95.00
2024-12-12,SO-007,1,45.00
2024-12-12,SO-008,1,35.00
2024-12-12,SO-009,1,78.00
2024-12-13,FB-001,27,125.00
2024-12-13,FB-002,90,14.00
2024-12-13,FB-003,25,24.00
2024-12-13,FB-004,16,78.00
2024-12-13,FB-005,23,115.00
2024-12-13,FB-006,40,66.00
2024-12-13,FB-007,8,275.00
2024-12-13,FB-008,9,34.00
2024-12-13,FB-009,25,68.00
2024-12-13,HC-001,15,55.00
2024-12-13,HC-002,10,115.00
2024-12-13,HC-003,5,42.00
2024-12-13,HC-004,4,62.00
2024-12-13,HC-005,6,98.00
2024-12-13,HC-006,4,82.00
2024-12-13,HC-007,5,28.00
2024-12-13,HC-008,7,62.00
2024-12-13,HC-009,5,135.00
2024-12-13,HW-002,3,275.00
2024-12-13,HW-004,1,685.00
2024-12-13,HW-005,1,48.00
2024-12-13,HW-006,1,28.00
2024-12-13,HW-008,1,125.00
2024-12-13,HW-010,10,16.00
2024-12-13,PC-001,15,52.00
2024-12-13,PC-002,12,32.00
2024-12-13,PC-003,10,68.00
2024-12-13,PC-004,6,38.00
2024-12-13,PC-005,6,95.00
2024-12-13,PC-006,2,135.00
2024-12-13,PC-007,6,38.00
2024-12-13,PC-008,4,79.00
2024-12-13,PC-009,5,49.00
2024-12-13,SO-001,7,30.00
2024-12-13,SO-002,5,90.00
2024-12-13,SO-003,1,260.00
2024-12-13,SO-004,5,72.00
2024-12-13,SO-005,3,85.00
2024-12-13,SO-006,2,95.00
2024-12-13,SO-007,2,45.00
2024-12-13,SO-008,1,35.00
2024-12-14,FB-001,35,125.00
2024-12-14,FB-002,149,14.00
2024-12-14,FB-003,42,24.00
2024-12-14,FB-004,23,78.00
2024-12-14,FB-005,29,115.00
2024-12-14,FB-006,53,66.00
2024-12-14,FB-007,15,275.00
2024-12-14,FB-008,21,34.00
2024-12-14,FB-009,15,68.00
2024-12-14,HC-001,15,55.00
2024-12-14,HC-002,10,115.00
2024-12-14,HC-003,9,42.00
2024-12-14,HC-004,4,62.00
2024-12-14,HC-005,10,98.00
2024-12-14,HC-006,3,82.00
2024-12-14,HC-007,13,28.00
2024-12-14,HC-008,13,62.00
2024-12-14,HC-009,3,135.00
2024-12-14,HW-001,3,85.00
2024-12-14,HW-002,8,275.00
2024-12-14,HW-003,2,98.00
2024-12-14,HW-005,1,48.00
2024-12-14,HW-010,14,16.00
2024-12-14,PC-001,13,52.00
2024-12-14,PC-002,17,32.00
2024-12-14,PC-003,9,68.00
2024-12-14,PC-004,6,38.00
2024-12-14,PC-005,6,95.00
2024-12-14,PC-006,5,135.00
2024-12-14,PC-007,7,38.00
2024-12-14,PC-008,2,79.00
2024-12-14,PC-009,12,49.00
2024-12-14,SO-001,7,30.00
2024-12-14,SO-002,2,90.00
2024-12-14,SO-003,2,260.00
2024-12-14,SO-004,2,72.00
2024-12-14,SO-005,1,85.00
2024-12-14,SO-008,1,35.00
2024-12-14,SO-009,1,78.00
2024-12-15,FB-001,38,125.00
2024-12-15,FB-002,111,14.00
2024-12-15,FB-003,30,24.00
2024-12-15,FB-004,29,78.00
2024-12-15,FB-005,23,115.00
2024-12-15,FB-006,63,66.00
2024-12-15,FB-007,13,275.00
2024-12-15,FB-008,24,34.00
2024-12-15,FB-009,54,68.00
2024-12-15,HC-001,10,55.00
2024-12-15,HC-002,11,115.00
2024-12-15,HC-003,11,42.00
2024-12-15,HC-004,1,62.00
2024-12-15,HC-005,3,98.00
2024-12-15,HC-006,3,82.00
2024-12-15,HC-007,14,28.00
2024-12-15,HC-008,14,62.00
2024-12-15,HC-009,2,135.00
2024-12-15,HW-001,1,85.00
2024-12-15,HW-002,1,275.00
2024-12-15,HW-004,1,685.00
2024-12-15,HW-008,1,125.00
2024-12-15,HW-010,4,16.00
2024-12-15,PC-001,16,52.00
2024-12-15,PC-002,12,32.00
2024-12-15,PC-003,13,68.00
2024-12-15,PC-004,10,38.00
2024-12-15,PC-005,5,95.00
2024-12-15,PC-006,2,135.00
2024-12-15,PC-007,4,38.00
2024-12-15,PC-008,4,79.00
2024-12-15,SO-001,4,30.00
2024-12-15,SO-002,2,90.00
2024-12-15,SO-004,5,72.00
2024-12-15,SO-005,2,85.00
2024-12-15,SO-006,1,95.00
2024-12-15,SO-007,3,45.00
2024-12-15,SO-008,1,35.00
2024-12-16,FB-001,27,125.00
2024-12-16,FB-003,28,24.00
2024-12-16,FB-004,11,78.00
2024-12-16,FB-007,18,275.00
2024-12-16,FB-008,20,34.00
2024-12-16,FB-009,40,68.00
2024-12-16,HC-001,13,55.00
2024-12-16,HC-002,9,115.00
2024-12-16,HC-003,9,42.00
2024-12-16,HC-004,5,62.00
2024-12-16,HC-005,4,98.00
2024-12-16,HC-006,2,82.00
2024-12-16,HC-007,6,28.00
2024-12-16,HC-008,8,62.00
2024-12-16,HC-009,1,135.00
2024-12-16,HW-001,1,85.00
2024-12-16,HW-002,1,275.00
2024-12-16,HW-003,2,98.00
2024-12-16,HW-004,1,685.00
2024-12-16,HW-008,1,125.00
2024-12-16,HW-010,12,16.00
2024-12-16,PC-001,17,52.00
2024-12-16,PC-002,8,32.00
2024-12-16,PC-003,4,68.00
2024-12-16,PC-004,6,38.00
2024-12-16,PC-005,5,95.00
2024-12-16,PC-006,7,135.00
2024-12-16,PC-007,5,38.00
2024-12-16,PC-008,6,79.00
2024-12-16,PC-009,8,49.00
2024-12-16,SO-001,10,30.00
2024-12-16,SO-002,8,90.00
2024-12-16,SO-003,6,260.00
2024-12-16,SO-004,4,72.00
2024-12-16,SO-005,2,85.00
2024-12-16,SO-006,1,95.00
2024-12-16,SO-007,3,45.00
2024-12-16,SO-008,1,35.00
2024-12-16,SO-009,3,78.00
2024-12-17,FB-001,30,125.00
2024-12-17,FB-003,30,24.00
2024-12-17,FB-004,9,78.00
2024-12-17,FB-007,10,275.00
2024-12-17,FB-008,13,34.00
2024-12-17,FB-009,29,68.00
2024-12-17,HC-001,10,55.00
2024-12-17,HC-002,10,115.00
2024-12-17,HC-003,4,42.00
2024-12-17,HC-004,5,62.00
2024-12-17,HC-005,6,98.00
2024-12-17,HC-006,5,82.00
2024-12-17,HC-007,4,28.00
2024-12-17,HC-008,5,62.00
2024-12-17,HC-009,4,135.00
2024-12-17,HW-001,2,85.00
2024-12-17,HW-002,7,275.00
2024-12-17,HW-003,1,98.00
2024-12-17,HW-004,2,685.00
2024-12-17,HW-006,2,28.00
2024-12-17,HW-008,1,125.00
2024-12-17,HW-010,9,16.00
2024-12-17,PC-001,10,52.00
2024-12-17,PC-002,8,32.00
2024-12-17,PC-003,7,68.00
2024-12-17,PC-004,4,38.00
2024-12-17,PC-005,4,95.00
2024-12-17,PC-007,4,38.00
2024-12-17,PC-008,4,79.00
2024-12-17,PC-009,10,49.00
2024-12-17,SO-001,13,30.00
2024-12-17,SO-002,2,90.00
2024-12-17,SO-003,2,260.00
2024-12-17,SO-004,4,72.00
2024-12-17,SO-005,1,85.00
2024-12-17,SO-006,3,95.00
2024-12-17,SO-007,1,45.00
2024-12-17,SO-008,5,35.00
2024-12-17,SO-009,2,78.00
2024-12-18,FB-001,24,125.00
2024-12-18,FB-002,100,14.00
2024-12-18,FB-003,29,24.00
2024-12-18,FB-004,13,78.00
2024-12-18,FB-005,18,115.00
2024-12-18,FB-006,37,66.00
2024-12-18,FB-007,11,275.00
2024-12-18,FB-008,10,34.00
2024-12-18,FB-009,28,68.00
2024-12-18,HC-001,14,55.00
2024-12-18,HC-002,8,115.00
2024-12-18,HC-003,8,42.00
2024-12-18,HC-004,8,62.00
2024-12-18,HC-006,2,82.00
2024-12-18,HC-007,5,28.00
2024-12-18,HC-008,10,62.00
2024-12-18,HC-009,3,135.00
2024-12-18,HW-001,2,85.00
2024-12-18,HW-002,4,275.00
2024-12-18,HW-003,3,98.00
2024-12-18,HW-005,1,48.00
2024-12-18,HW-007,1,38.00
2024-12-18,HW-010,11,16.00
2024-12-18,PC-001,11,52.00
2024-12-18,PC-002,12,32.00
2024-12-18,PC-003,6,68.00
2024-12-18,PC-004,2,38.00
2024-12-18,PC-005,4,95.00
2024-12-18,PC-006,1,135.00
2024-12-18,PC-007,5,38.00
2024-12-18,PC-008,3,79.00
2024-12-18,PC-009,6,49.00
2024-12-18,SO-001,13,30.00
2024-12-18,SO-002,2,90.00
2024-12-18,SO-003,2,260.00
2024-12-18,SO-004,1,72.00
2024-12-18,SO-005,1,85.00
2024-12-18,SO-006,1,95.00
2024-12-18,SO-007,2,45.00
2024-12-18,SO-008,1,35.00
2024-12-18,SO-009,2,78.00
2024-12-19,FB-001,12,125.00
2024-12-19,FB-002,92,14.00
2024-12-19,FB-003,23,24.00
2024-12-19,FB-004,17,78.00
2024-12-19,FB-005,21,115.00
2024-12-19,FB-006,27,66.00
2024-12-19,FB-007,2,275.00
2024-12-19,FB-008,1,34.00
2024-12-19,FB-009,27,68.00
2024-12-19,HC-001,9,55.00
2024-12-19,HC-002,15,115.00
2024-12-19,HC-003,8,42.00
2024-12-19,HC-004,4,62.00
2024-12-19,HC-005,3,98.00
2024-12-19,HC-006,4,82.00
2024-12-19,HC-007,9,28.00
2024-12-19,HC-008,11,62.00
2024-12-19,HC-009,4,135.00
2024-12-19,HW-001,1,85.00
2024-12-19,HW-002,4,275.00
2024-12-19,HW-003,2,98.00
2024-12-19,HW-004,1,685.00
2024-12-19,HW-005,1,48.00
2024-12-19,HW-006,1,28.00
2024-12-19,HW-008,2,125.00
2024-12-19,HW-010,11,16.00
2024-12-19,PC-001,12,52.00
2024-12-19,PC-002,7,32.00
2024-12-19,PC-003,7,68.00
2024-12-19,PC-004,10,38.00
2024-12-19,PC-005,6,95.00
2024-12-19,PC-006,3,135.00
2024-12-19,PC-007,3,38.00
2024-12-19,PC-009,6,49.00
2024-12-19,SO-001,6,30.00
2024-12-19,SO-002,3,90.00
2024-12-19,SO-003,6,260.00
2024-12-19,SO-004,1,72.00
2024-12-19,SO-006,1,95.00
2024-12-19,SO-007,3,45.00
2024-12-19,SO-008,3,35.00
2024-12-19,SO-009,1,78.00
2024-12-20,FB-001,36,125.00
2024-12-20,FB-002,99,14.00
2024-12-20,FB-003,35,24.00
2024-12-20,FB-004,12,78.00
2024-12-20,FB-005,26,115.00
2024-12-20,FB-006,42,66.00
2024-12-20,FB-009,21,68.00
2024-12-20,HC-001,18,55.00
2024-12-20,HC-002,20,115.00
2024-12-20,HC-003,6,42.00
2024-12-20,HC-004,4,62.00
2024-12-20,HC-005,5,98.00
2024-12-20,HC-006,3,82.00
2024-12-20,HC-007,8,28.00
2024-12-20,HC-008,10,62.00
2024-12-20,HC-009,4,135.00
2024-12-20,HW-001,2,85.00
2024-12-20,HW-002,7,275.00
2024-12-20,HW-003,2,98.00
2024-12-20,HW-005,1,48.00
2024-12-20,HW-006,1,28.00
2024-12-20,HW-010,11,16.00
2024-12-20,PC-001,13,52.00
2024-12-20,PC-002,3,32.00
2024-12-20,PC-003,6,68.00
2024-12-20,PC-004,2,38.00
2024-12-20,PC-005,1,95.00
2024-12-20,PC-006,1,135.00
2024-12-20,PC-007,3,38.00
2024-12-20,PC-008,5,79.00
2024-12-20,PC-009,8,49.00
2024-12-20,SO-001,10,30.00
2024-12-20,SO-002,1,90.00
2024-12-20,SO-003,7,260.00
2024-12-20,SO-004,5,72.00
2024-12-20,SO-005,3,85.00
2024-12-20,SO-006,6,95.00
2024-12-20,SO-007,1,45.00
2024-12-20,SO-008,8,35.00
2024-12-20,SO-009,2,78.00
2024-12-21,FB-001,25,125.00
2024-12-21,FB-002,139,14.00
2024-12-21,FB-003,45,24.00
2024-12-21,FB-004,19,78.00
2024-12-21,FB-005,25,115.00
2024-12-21,FB-006,39,66.00
2024-12-21,FB-008,18,34.00
2024-12-21,FB-009,37,68.00
2024-12-21,HC-001,19,55.00
2024-12-21,HC-002,7,115.00
2024-12-21,HC-004,2,62.00
2024-12-21,HC-005,5,98.00
2024-12-21,HC-006,4,82.00
2024-12-21,HC-007,7,28.00
2024-12-21,HC-008,13,62.00
2024-12-21,HC-009,4,135.00
2024-12-21,HW-001,4,85.00
2024-12-21,HW-002,2,275.00
2024-12-21,HW-003,1,98.00
2024-12-21,HW-004,1,685.00
2024-12-21,HW-006,2,28.00
2024-12-21,HW-008,1,125.00
2024-12-21,HW-010,19,16.00
2024-12-21,PC-001,16,52.00
2024-12-21,PC-002,18,32.00
2024-12-21,PC-003,6,68.00
2024-12-21,PC-004,6,38.00
2024-12-21,PC-005,6,95.00
2024-12-21,PC-006,3,135.00
2024-12-21,PC-007,2,38.00
2024-12-21,PC-008,3,79.00
2024-12-21,PC-009,9,49.00
2024-12-21,SO-001,12,30.00
2024-12-21,SO-002,1,90.00
2024-12-21,SO-003,1,260.00
2024-12-21,SO-004,3,72.00
2024-12-21,SO-005,1,85.00
2024-12-21,SO-006,3,95.00
2024-12-21,SO-007,2,45.00
2024-12-21,SO-008,2,35.00
2024-12-22,FB-001,34,125.00
2024-12-22,FB-002,96,14.00
2024-12-22,FB-003,37,24.00
2024-12-22,FB-004,14,78.00
2024-12-22,FB-005,17,115.00
2024-12-22,FB-006,51,66.00
2024-12-22,FB-007,11,275.00
2024-12-22,FB-008,14,34.00
2024-12-22,FB-009,36,68.00
2024-12-22,HC-001,13,55.00
2024-12-22,HC-002,15,115.00
2024-12-22,HC-004,5,62.00
2024-12-22,HC-005,4,98.00
2024-12-22,HC-006,6,82.00
2024-12-22,HC-007,12,28.00
2024-12-22,HC-008,13,62.00
2024-12-22,HC-009,3,135.00
2024-12-22,HW-001,2,85.00
2024-12-22,HW-002,1,275.00
2024-12-22,HW-003,1,98.00
2024-12-22,HW-004,1,685.00
2024-12-22,HW-006,1,28.00
2024-12-22,HW-010,5,16.00
2024-12-22,PC-001,4,52.00
2024-12-22,PC-002,7,32.00
2024-12-22,PC-003,9,68.00
2024-12-22,PC-004,3,38.00
2024-12-22,PC-005,4,95.00
2024-12-22,PC-006,1,135.00
2024-12-22,PC-007,9,38.00
2024-12-22,PC-009,13,49.00
2024-12-22,SO-001,2,30.00
2024-12-22,SO-004,1,72.00
2024-12-22,SO-005,4,85.00
2024-12-22,SO-006,2,95.00
2024-12-22,SO-007,1,45.00
2024-12-22,SO-008,1,35.00
2024-12-23,FB-001,19,125.00
2024-12-23,FB-002,69,14.00
2024-12-23,FB-003,6,24.00
2024-12-23,FB-004,11,78.00
2024-12-23,FB-005,25,115.00
2024-12-23,FB-006,39,66.00
2024-12-23,FB-007,11,275.00
2024-12-23,FB-008,15,34.00
2024-12-23,FB-009,39,68.00
2024-12-23,HC-001,10,55.00
2024-12-23,HC-002,6,115.00
2024-12-23,HC-003,2,42.00
2024-12-23,HC-004,3,62.00
2024-12-23,HC-005,5,98.00
2024-12-23,HC-007,5,28.00
2024-12-23,HC-008,9,62.00
2024-12-23,HC-009,2,135.00
2024-12-23,HW-001,6,85.00
2024-12-23,HW-002,2,275.00
2024-12-23,HW-003,2,98.00
2024-12-23,HW-007,1,38.00
2024-12-23,HW-008,1,125.00
2024-12-23,HW-010,7,16.00
2024-12-23,PC-001,14,52.00
2024-12-23,PC-002,6,32.00
2024-12-23,PC-003,8,68.00
2024-12-23,PC-004,4,38.00
2024-12-23,PC-005,3,95.00
2024-12-23,PC-006,3,135.00
2024-12-23,PC-007,2,38.00
2024-12-23,PC-008,3,79.00
2024-12-23,PC-009,8,49.00
2024-12-23,SO-001,15,30.00
2024-12-23,SO-002,3,90.00
2024-12-23,SO-003,2,260.00
2024-12-23,SO-004,2,72.00
2024-12-23,SO-005,3,85.00
2024-12-23,SO-006,1,95.00
2024-12-23,SO-007,2,45.00
2024-12-23,SO-008,1,35.00
2024-12-23,SO-009,1,78.00
2024-12-24,FB-001,17,125.00
2024-12-24,FB-002,85,14.00
2024-12-24,FB-004,15,78.00
2024-12-24,FB-005,19,115.00
2024-12-24,FB-006,31,66.00
2024-12-24,FB-007,10,275.00
2024-12-24,FB-008,11,34.00
2024-12-24,FB-009,1,68.00
2024-12-24,HC-001,7,55.00
2024-12-24,HC-002,9,115.00
2024-12-24,HC-003,2,42.00
2024-12-24,HC-004,3,62.00
2024-12-24,HC-005,2,98.00
2024-12-24,HC-006,4,82.00
2024-12-24,HC-007,6,28.00
2024-12-24,HC-008,4,62.00
2024-12-24,HC-009,2,135.00
2024-12-24,HW-001,3,85.00
2024-12-24,HW-002,2,275.00
2024-12-24,HW-003,1,98.00
2024-12-24,HW-005,3,48.00
2024-12-24,HW-006,3,28.00
2024-12-24,HW-007,1,38.00
2024-12-24,HW-010,11,16.00
2024-12-24,PC-001,8,52.00
2024-12-24,PC-003,4,68.00
2024-12-24,PC-004,6,38.00
2024-12-24,PC-006,1,135.00
2024-12-24,PC-007,2,38.00
2024-12-24,PC-009,10,49.00
2024-12-24,SO-001,4,30.00
2024-12-24,SO-002,2,90.00
2024-12-24,SO-003,3,260.00
2024-12-24,SO-004,3,72.00
2024-12-24,SO-005,3,85.00
2024-12-24,SO-006,3,95.00
2024-12-24,SO-007,2,45.00
2024-12-24,SO-008,3,35.00
2024-12-24,SO-009,1,78.00
2024-12-26,FB-001,16,125.00
2024-12-26,FB-002,98,14.00
2024-12-26,FB-004,16,78.00
2024-12-26,FB-005,22,115.00
2024-12-26,FB-006,30,66.00
2024-12-26,FB-007,5,275.00
2024-12-26,FB-008,19,34.00
2024-12-26,FB-009,34,68.00
2024-12-26,HC-001,13,55.00
2024-12-26,HC-002,6,115.00
2024-12-26,HC-003,2,42.00
2024-12-26,HC-004,6,62.00
2024-12-26,HC-005,2,98.00
2024-12-26,HC-006,2,82.00
2024-12-26,HC-007,9,28.00
2024-12-26,HC-008,3,62.00
2024-12-26,HC-009,7,135.00
2024-12-26,HW-001,1,85.00
2024-12-26,HW-002,7,275.00
2024-12-26,HW-005,1,48.00
2024-12-26,HW-006,3,28.00
2024-12-26,HW-010,9,16.00
2024-12-26,PC-001,9,52.00
2024-12-26,PC-002,6,32.00
2024-12-26,PC-003,3,68.00
2024-12-26,PC-004,6,38.00
2024-12-26,PC-005,4,95.00
2024-12-26,PC-006,2,135.00
2024-12-26,PC-007,4,38.00
2024-12-26,PC-008,1,79.00
2024-12-26,PC-009,7,49.00
2024-12-26,SO-001,11,30.00
2024-12-26,SO-003,1,260.00
2024-12-26,SO-004,3,72.00
2024-12-26,SO-005,1,85.00
2024-12-26,SO-006,1,95.00
2024-12-26,SO-008,4,35.00
2024-12-26,SO-009,4,78.00
2024-12-27,FB-001,17,125.00
2024-12-27,FB-002,86,14.00
2024-12-27,FB-003,27,24.00
2024-12-27,FB-004,20,78.00
2024-12-27,FB-005,21,115.00
2024-12-27,FB-006,36,66.00
2024-12-27,FB-007,14,275.00
2024-12-27,FB-008,17,34.00
2024-12-27,FB-009,35,68.00
2024-12-27,HC-001,15,55.00
2024-12-27,HC-002,7,115.00
2024-12-27,HC-003,2,42.00
2024-12-27,HC-004,4,62.00
2024-12-27,HC-005,1,98.00
2024-12-27,HC-006,3,82.00
2024-12-27,HC-007,8,28.00
2024-12-27,HC-008,7,62.00
2024-12-27,HC-009,3,135.00
2024-12-27,HW-001,4,85.00
2024-12-27,HW-002,5,275.00
2024-12-27,HW-004,1,685.00
2024-12-27,HW-005,1,48.00
2024-12-27,HW-006,1,28.00
2024-12-27,HW-010,13,16.00
2024-12-27,PC-001,15,52.00
2024-12-27,PC-002,12,32.00
2024-12-27,PC-003,8,68.00
2024-12-27,PC-004,5,38.00
2024-12-27,PC-005,4,95.00
2024-12-27,PC-006,1,135.00
2024-12-27,PC-007,3,38.00
2024-12-27,PC-008,1,79.00
2024-12-27,PC-009,10,49.00
2024-12-27,SO-001,13,30.00
2024-12-27,SO-002,4,90.00
2024-12-27,SO-003,3,260.00
2024-12-27,SO-004,3,72.00
2024-12-27,SO-005,2,85.00
2024-12-27,SO-006,1,95.00
2024-12-27,SO-007,1,45.00
2024-12-27,SO-008,3,35.00
2024-12-27,SO-009,1,78.00
2024-12-28,FB-001,26,125.00
2024-12-28,FB-003,37,24.00
2024-12-28,FB-004,26,78.00
2024-12-28,FB-005,24,115.00
2024-12-28,FB-006,49,66.00
2024-12-28,FB-007,19,275.00
2024-12-28,FB-008,24,34.00
2024-12-28,FB-009,47,68.00
2024-12-28,HC-001,11,55.00
2024-12-28,HC-002,10,115.00
2024-12-28,HC-003,2,42.00
2024-12-28,HC-004,5,62.00
2024-12-28,HC-005,6,98.00
2024-12-28,HC-006,4,82.00
2024-12-28,HC-007,4,28.00
2024-12-28,HC-008,8,62.00
2024-12-28,HC-009,5,135.00
2024-12-28,HW-001,3,85.00
2024-12-28,HW-002,6,275.00
2024-12-28,HW-006,4,28.00
2024-12-28,HW-008,2,125.00
2024-12-28,HW-010,6,16.00
2024-12-28,PC-001,8,52.00
2024-12-28,PC-002,8,32.00
2024-12-28,PC-003,7,68.00
2024-12-28,PC-004,10,38.00
2024-12-28,PC-005,3,95.00
2024-12-28,PC-006,4,135.00
2024-12-28,PC-007,6,38.00
2024-12-28,PC-008,3,79.00
2024-12-28,PC-009,12,49.00
2024-12-28,SO-001,3,30.00
2024-12-28,SO-002,1,90.00
2024-12-28,SO-003,2,260.00
2024-12-28,SO-004,5,72.00
2024-12-28,SO-006,1,95.00
2024-12-28,SO-007,1,45.00
2024-12-28,SO-008,3,35.00
2024-12-29,FB-001,14,125.00
2024-12-29,FB-002,125,14.00
2024-12-29,FB-003,32,24.00
2024-12-29,FB-004,20,78.00
2024-12-29,FB-005,14,115.00
2024-12-29,FB-006,30,66.00
2024-12-29,FB-007,10,275.00
2024-12-29,FB-008,2,34.00
2024-12-29,FB-009,42,68.00
2024-12-29,HC-001,12,55.00
2024-12-29,HC-002,5,115.00
2024-12-29,HC-003,10,42.00
2024-12-29,HC-004,6,62.00
2024-12-29,HC-005,3,98.00
2024-12-29,HC-006,4,82.00
2024-12-29,HC-007,7,28.00
2024-12-29,HC-008,7,62.00
2024-12-29,HC-009,3,135.00
2024-12-29,HW-001,2,85.00
2024-12-29,HW-002,3,275.00
2024-12-29,HW-005,1,48.00
2024-12-29,HW-006,1,28.00
2024-12-29,HW-007,1,38.00
2024-12-29,HW-010,6,16.00
2024-12-29,PC-001,7,52.00
2024-12-29,PC-002,7,32.00
2024-12-29,PC-003,5,68.00
2024-12-29,PC-004,3,38.00
2024-12-29,PC-005,3,95.00
2024-12-29,PC-006,4,135.00
2024-12-29,PC-007,2,38.00
2024-12-29,PC-008,5,79.00
2024-12-29,PC-009,3,49.00
2024-12-29,SO-001,10,30.00
2024-12-29,SO-003,3,260.00
2024-12-29,SO-004,3,72.00
2024-12-29,SO-005,1,85.00
2024-12-29,SO-006,1,95.00
2024-12-29,SO-007,3,45.00
2024-12-29,SO-008,2,35.00
2024-12-29,SO-009,1,78.00
2024-12-30,FB-001,16,125.00
2024-12-30,FB-002,134,14.00
2024-12-30,FB-003,35,24.00
2024-12-30,FB-004,10,78.00
2024-12-30,FB-005,19,115.00
2024-12-30,FB-006,45,66.00
2024-12-30,FB-007,12,275.00
2024-12-30,FB-008,18,34.00
2024-12-30,FB-009,61,68.00
2024-12-30,HC-001,16,55.00
2024-12-30,HC-002,8,115.00
2024-12-30,HC-003,5,42.00
2024-12-30,HC-004,3,62.00
2024-12-30,HC-005,4,98.00
2024-12-30,HC-006,1,82.00
2024-12-30,HC-007,7,28.00
2024-12-30,HC-008,6,62.00
2024-12-30,HC-009,1,135.00
2024-12-30,HW-001,1,85.00
2024-12-30,HW-002,6,275.00
2024-12-30,HW-003,1,98.00
2024-12-30,HW-005,1,48.00
2024-12-30,HW-006,2,28.00
2024-12-30,HW-007,2,38.00
2024-12-30,HW-010,10,16.00
2024-12-30,PC-001,9,52.00
2024-12-30,PC-002,4,32.00
2024-12-30,PC-003,5,68.00
2024-12-30,PC-004,8,38.00
2024-12-30,PC-005,8,95.00
2024-12-30,PC-006,1,135.00
2024-12-30,PC-007,4,38.00
2024-12-30,PC-008,1,79.00
2024-12-30,PC-009,2,49.00
2024-12-30,SO-001,10,30.00
2024-12-30,SO-002,4,90.00
2024-12-30,SO-003,4,260.00
2024-12-30,SO-004,5,72.00
2024-12-30,SO-007,3,45.00
2024-12-30,SO-008,2,35.00
2024-12-30,SO-009,2,78.00
2024-12-31,FB-001,29,125.00
2024-12-31,FB-002,144,14.00
2024-12-31,FB-003,30,24.00
2024-12-31,FB-004,18,78.00
2024-12-31,FB-005,19,115.00
2024-12-31,FB-006,46,66.00
2024-12-31,FB-007,10,275.00
2024-12-31,FB-008,15,34.00
2024-12-31,FB-009,65,68.00
2024-12-31,HC-001,8,55.00
2024-12-31,HC-002,6,115.00
2024-12-31,HC-003,4,42.00
2024-12-31,HC-004,7,62.00
2024-12-31,HC-005,4,98.00
2024-12-31,HC-006,3,82.00
2024-12-31,HC-007,6,28.00
2024-12-31,HC-008,16,62.00
2024-12-31,HC-009,3,135.00
2024-12-31,HW-001,6,85.00
2024-12-31,HW-002,4,275.00
2024-12-31,HW-003,2,98.00
2024-12-31,HW-005,2,48.00
2024-12-31,HW-006,3,28.00
2024-12-31,HW-008,1,125.00
2024-12-31,HW-010,5,16.00
2024-12-31,PC-001,15,52.00
2024-12-31,PC-002,6,32.00
2024-12-31,PC-003,4,68.00
2024-12-31,PC-004,7,38.00
2024-12-31,PC-005,5,95.00
2024-12-31,PC-006,2,135.00
2024-12-31,PC-007,3,38.00
2024-12-31,PC-008,3,79.00
2024-12-31,PC-009,9,49.00
2024-12-31,SO-001,13,30.00
2024-12-31,SO-002,4,90.00
2024-12-31,SO-003,3,260.00
2024-12-31,SO-004,4,72.00
2024-12-31,SO-006,3,95.00
2024-12-31,SO-007,2,45.00
2024-12-31,SO-008,3,35.00
2024-12-31,SO-009,2,78.00
2025-01-02,FB-001,7,125.00
2025-01-02,FB-002,88,14.00
2025-01-02,FB-003,21,24.00
2025-01-02,FB-004,11,78.00
2025-01-02,FB-005,5,115.00
2025-01-02,FB-006,16,66.00
2025-01-02,FB-007,8,275.00
2025-01-02,FB-008,8,34.00
2025-01-02,FB-009,25,68.00
2025-01-02,HC-001,11,55.00
2025-01-02,HC-002,9,115.00
2025-01-02,HC-003,4,42.00
2025-01-02,HC-004,6,62.00
2025-01-02,HC-005,3,98.00
2025-01-02,HC-006,1,82.00
2025-01-02,HC-007,5,28.00
2025-01-02,HC-008,7,62.00
2025-01-02,HC-009,1,135.00
2025-01-02,HW-001,1,85.00
2025-01-02,HW-002,4,275.00
2025-01-02,HW-003,1,98.00
2025-01-02,HW-005,1,48.00
2025-01-02,HW-006,2,28.00
2025-01-02,HW-008,1,125.00
2025-01-02,HW-010,11,16.00
2025-01-02,PC-001,10,52.00
2025-01-02,PC-002,11,32.00
2025-01-02,PC-003,5,68.00
2025-01-02,PC-004,4,38.00
2025-01-02,PC-005,5,95.00
2025-01-02,PC-007,3,38.00
2025-01-02,PC-008,2,79.00
2025-01-02,PC-009,10,49.00
2025-01-02,SO-001,12,30.00
2025-01-02,SO-002,4,90.00
2025-01-02,SO-003,4,260.00
2025-01-02,SO-004,12,72.00
2025-01-02,SO-005,1,85.00
2025-01-02,SO-006,2,95.00
2025-01-02,SO-007,2,45.00
2025-01-02,SO-008,5,35.00
2025-01-02,SO-009,3,78.00
2025-01-03,FB-001,20,125.00
2025-01-03,FB-002,85,14.00
2025-01-03,FB-003,19,24.00
2025-01-03,FB-004,14,78.00
2025-01-03,FB-005,9,115.00
2025-01-03,FB-006,30,66.00
2025-01-03,FB-007,10,275.00
2025-01-03,FB-008,8,34.00
2025-01-03,FB-009,3,68.00
2025-01-03,HC-001,5,55.00
2025-01-03,HC-002,6,115.00
2025-01-03,HC-003,5,42.00
2025-01-03,HC-004,7,62.00
2025-01-03,HC-005,4,98.00
2025-01-03,HC-006,4,82.00
2025-01-03,HC-007,4,28.00
2025-01-03,HC-008,5,62.00
2025-01-03,HC-009,2,135.00
2025-01-03,HW-001,2,85.00
2025-01-03,HW-002,5,275.00
2025-01-03,HW-003,1,98.00
2025-01-03,HW-005,1,48.00
2025-01-03,HW-006,3,28.00
2025-01-03,HW-010,5,16.00
2025-01-03,PC-001,10,52.00
2025-01-03,PC-002,5,32.00
2025-01-03,PC-003,5,68.00
2025-01-03,PC-004,5,38.00
2025-01-03,PC-005,5,95.00
2025-01-03,PC-006,3,135.00
2025-01-03,PC-007,3,38.00
2025-01-03,PC-008,3,79.00
2025-01-03,PC-009,8,49.00
2025-01-03,SO-001,18,30.00
2025-01-03,SO-002,6,90.00
2025-01-03,SO-003,2,260.00
2025-01-03,SO-004,2,72.00
2025-01-03,SO-005,4,85.00
2025-01-03,SO-006,5,95.00
2025-01-03,SO-007,6,45.00
2025-01-03,SO-008,9,35.00
2025-01-03,SO-009,2,78.00
2025-01-04,FB-001,26,125.00
2025-01-04,FB-002,105,14.00
2025-01-04,FB-003,31,24.00
2025-01-04,FB-004,15,78.00
2025-01-04,FB-005,14,115.00
2025-01-04,FB-006,36,66.00
2025-01-04,FB-007,7,275.00
2025-01-04,FB-008,15,34.00
2025-01-04,FB-009,39,68.00
2025-01-04,HC-001,15,55.00
2025-01-04,HC-002,5,115.00
2025-01-04,HC-003,5,42.00
2025-01-04,HC-004,5,62.00
2025-01-04,HC-005,5,98.00
2025-01-04,HC-006,3,82.00
2025-01-04,HC-007,9,28.00
2025-01-04,HC-008,17,62.00
2025-01-04,HC-009,1,135.00
2025-01-04,HW-001,4,85.00
2025-01-04,HW-002,9,275.00
2025-01-04,HW-003,1,98.00
2025-01-04,HW-004,1,685.00
2025-01-04,HW-005,1,48.00
2025-01-04,HW-006,1,28.00
2025-01-04,HW-007,1,38.00
2025-01-04,HW-010,10,16.00
2025-01-04,PC-001,16,52.00
2025-01-04,PC-002,5,32.00
2025-01-04,PC-003,3,68.00
2025-01-04,PC-004,4,38.00
2025-01-04,PC-005,7,95.00
2025-01-04,PC-006,3,135.00
2025-01-04,PC-007,1,38.00
2025-01-04,PC-009,6,49.00
2025-01-04,SO-001,12,30.00
2025-01-04,SO-002,3,90.00
2025-01-04,SO-003,3,260.00
2025-01-04,SO-004,4,72.00
2025-01-04,SO-005,2,85.00
2025-01-04,SO-006,2,95.00
2025-01-04,SO-007,1,45.00
2025-01-04,SO-008,2,35.00
2025-01-05,FB-001,23,125.00
2025-01-05,FB-002,72,14.00
2025-01-05,FB-003,23,24.00
2025-01-05,FB-004,22,78.00
2025-01-05,FB-005,8,115.00
2025-01-05,FB-006,30,66.00
2025-01-05,FB-007,6,275.00
2025-01-05,FB-008,8,34.00
2025-01-05,FB-009,25,68.00
2025-01-05,HC-001,9,55.00
2025-01-05,HC-002,13,115.00
2025-01-05,HC-003,4,42.00
2025-01-05,HC-004,4,62.00
2025-01-05,HC-005,5,98.00
2025-01-05,HC-006,4,82.00
2025-01-05,HC-007,10,28.00
2025-01-05,HC-008,11,62.00
2025-01-05,HC-009,7,135.00
2025-01-05,HW-001,2,85.00
2025-01-05,HW-002,1,275.00
2025-01-05,HW-006,1,28.00
2025-01-05,HW-010,5,16.00
2025-01-05,PC-001,8,52.00
2025-01-05,PC-002,6,32.00
2025-01-05,PC-003,5,68.00
2025-01-05,PC-004,1,38.00
2025-01-05,PC-005,4,95.00
2025-01-05,PC-006,3,135.00
2025-01-05,PC-007,3,38.00
2025-01-05,PC-008,3,79.00
2025-01-05,PC-009,9,49.00
2025-01-05,SO-001,11,30.00
2025-01-05,SO-002,1,90.00
2025-01-05,SO-003,5,260.00
2025-01-05,SO-004,5,72.00
2025-01-05,SO-005,2,85.00
2025-01-05,SO-006,2,95.00
2025-01-06,FB-001,12,125.00
2025-01-06,FB-002,39,14.00
2025-01-06,FB-003,17,24.00
2025-01-06,FB-004,12,78.00
2025-01-06,FB-005,5,115.00
2025-01-06,FB-006,22,66.00
2025-01-06,FB-007,9,275.00
2025-01-06,FB-008,7,34.00
2025-01-06,FB-009,28,68.00
2025-01-06,HC-001,8,55.00
2025-01-06,HC-002,7,115.00
2025-01-06,HC-003,9,42.00
2025-01-06,HC-004,6,62.00
2025-01-06,HC-005,3,98.00
2025-01-06,HC-006,2,82.00
2025-01-06,HC-007,3,28.00
2025-01-06,HC-008,5,62.00
2025-01-06,HC-009,1,135.00
2025-01-06,HW-001,1,85.00
2025-01-06,HW-002,4,275.00
2025-01-06,HW-004,1,685.00
2025-01-06,HW-005,1,48.00
2025-01-06,HW-006,1,28.00
2025-01-06,HW-010,9,16.00
2025-01-06,PC-001,12,52.00
2025-01-06,PC-002,5,32.00
2025-01-06,PC-003,6,68.00
2025-01-06,PC-004,1,38.00
2025-01-06,PC-006,1,135.00
2025-01-06,PC-007,2,38.00
2025-01-06,PC-008,2,79.00
2025-01-06,PC-009,4,49.00
2025-01-06,SO-001,10,30.00
2025-01-06,SO-002,2,90.00
2025-01-06,SO-003,3,260.00
2025-01-06,SO-004,4,72.00
2025-01-06,SO-005,4,85.00
2025-01-06,SO-006,2,95.00
2025-01-06,SO-007,1,45.00
2025-01-06,SO-008,6,35.00
2025-01-06,SO-009,2,78.00
2025-01-07,FB-001,16,125.00
2025-01-07,FB-002,41,14.00
2025-01-07,FB-003,20,24.00
2025-01-07,FB-004,6,78.00
2025-01-07,FB-005,10,115.00
2025-01-07,FB-007,8,275.00
2025-01-07,FB-008,4,34.00
2025-01-07,FB-009,21,68.00
2025-01-07,HC-001,13,55.00
2025-01-07,HC-002,4,115.00
2025-01-07,HC-003,8,42.00
2025-01-07,HC-004,5,62.00
2025-01-07,HC-005,2,98.00
2025-01-07,HC-006,3,82.00
2025-01-07,HC-007,7,28.00
2025-01-07,HC-008,5,62.00
2025-01-07,HW-001,5,85.00
2025-01-07,HW-002,5,275.00
2025-01-07,HW-004,2,685.00
2025-01-07,HW-005,1,48.00
2025-01-07,HW-006,2,28.00
2025-01-07,HW-010,13,16.00
2025-01-07,PC-001,11,52.00
2025-01-07,PC-002,6,32.00
2025-01-07,PC-003,3,68.00
2025-01-07,PC-004,5,38.00
2025-01-07,PC-005,2,95.00
2025-01-07,PC-006,2,135.00
2025-01-07,PC-007,3,38.00
2025-01-07,PC-008,6,79.00
2025-01-07,PC-009,5,49.00
2025-01-07,SO-001,24,30.00
2025-01-07,SO-002,9,90.00
2025-01-07,SO-003,4,260.00
2025-01-07,SO-004,7,72.00
2025-01-07,SO-005,3,85.00
2025-01-07,SO-007,5,45.00
2025-01-07,SO-008,2,35.00
2025-01-08,FB-001,20,125.00
2025-01-08,FB-002,51,14.00
2025-01-08,FB-003,14,24.00
2025-01-08,FB-004,7,78.00
2025-01-08,FB-005,10,115.00
2025-01-08,FB-006,27,66.00
2025-01-08,FB-007,9,275.00
2025-01-08,FB-008,6,34.00
2025-01-08,FB-009,17,68.00
2025-01-08,HC-001,9,55.00
2025-01-08,HC-002,6,115.00
2025-01-08,HC-003,7,42.00
2025-01-08,HC-004,7,62.00
2025-01-08,HC-005,3,98.00
2025-01-08,HC-007,4,28.00
2025-01-08,HC-008,5,62.00
2025-01-08,HC-009,2,135.00
2025-01-08,HW-001,6,85.00
2025-01-08,HW-002,8,275.00
2025-01-08,HW-007,2,38.00
2025-01-08,HW-010,19,16.00
2025-01-08,PC-001,16,52.00
2025-01-08,PC-002,8,32.00
2025-01-08,PC-003,6,68.00
2025-01-08,PC-004,5,38.00
2025-01-08,PC-005,1,95.00
2025-01-08,PC-006,2,135.00
2025-01-08,PC-007,5,38.00
2025-01-08,PC-008,3,79.00
2025-01-08,PC-009,8,49.00
2025-01-08,SO-001,18,30.00
2025-01-08,SO-002,5,90.00
2025-01-08,SO-004,6,72.00
2025-01-08,SO-005,3,85.00
2025-01-08,SO-006,4,95.00
2025-01-08,SO-007,3,45.00
2025-01-08,SO-008,3,35.00
2025-01-08,SO-009,2,78.00
2025-01-09,FB-001,19,125.00
2025-01-09,FB-002,57,14.00
2025-01-09,FB-003,25,24.00
2025-01-09,FB-004,7,78.00
2025-01-09,FB-005,6,115.00
2025-01-09,FB-006,21,66.00
2025-01-09,FB-007,7,275.00
2025-01-09,FB-008,13,34.00
2025-01-09,FB-009,24,68.00
2025-01-09,HC-001,10,55.00
2025-01-09,HC-002,9,115.00
2025-01-09,HC-003,8,42.00
2025-01-09,HC-004,2,62.00
2025-01-09,HC-005,3,98.00
2025-01-09,HC-008,6,62.00
2025-01-09,HC-009,2,135.00
2025-01-09,HW-001,2,85.00
2025-01-09,HW-002,6,275.00
2025-01-09,HW-003,2,98.00
2025-01-09,HW-004,1,685.00
2025-01-09,HW-005,4,48.00
2025-01-09,HW-006,1,28.00
2025-01-09,HW-010,15,16.00
2025-01-09,PC-001,13,52.00
2025-01-09,PC-002,10,32.00
2025-01-09,PC-003,5,68.00
2025-01-09,PC-004,4,38.00
2025-01-09,PC-005,1,95.00
2025-01-09,PC-006,1,135.00
2025-01-09,PC-007,2,38.00
2025-01-09,PC-008,3,79.00
2025-01-09,PC-009,5,49.00
2025-01-09,SO-001,15,30.00
2025-01-09,SO-002,5,90.00
2025-01-09,SO-003,7,260.00
2025-01-09,SO-004,5,72.00
2025-01-09,SO-005,2,85.00
2025-01-09,SO-006,2,95.00
2025-01-09,SO-007,1,45.00
2025-01-09,SO-008,4,35.00
2025-01-09,SO-009,2,78.00
2025-01-10,FB-001,25,125.00
2025-01-10,FB-002,70,14.00
2025-01-10,FB-003,18,24.00
2025-01-10,FB-004,9,78.00
2025-01-10,FB-005,18,115.00
2025-01-10,FB-006,28,66.00
2025-01-10,FB-007,4,275.00
2025-01-10,FB-008,12,34.00
2025-01-10,FB-009,23,68.00
2025-01-10,HC-001,9,55.00
2025-01-10,HC-002,8,115.00
2025-01-10,HC-003,1,42.00
2025-01-10,HC-004,7,62.00
2025-01-10,HC-005,3,98.00
2025-01-10,HC-006,7,82.00
2025-01-10,HC-007,7,28.00
2025-01-10,HC-008,9,62.00
2025-01-10,HC-009,2,135.00
2025-01-10,HW-001,1,85.00
2025-01-10,HW-002,6,275.00
2025-01-10,HW-003,2,98.00
2025-01-10,HW-004,2,685.00
2025-01-10,HW-005,1,48.00
2025-01-10,HW-006,2,28.00
2025-01-10,HW-007,1,38.00
2025-01-10,HW-008,1,125.00
2025-01-10,HW-010,9,16.00
2025-01-10,PC-001,13,52.00
2025-01-10,PC-002,12,32.00
2025-01-10,PC-003,4,68.00
2025-01-10,PC-004,8,38.00
2025-01-10,PC-005,6,95.00
2025-01-10,PC-006,2,135.00
2025-01-10,PC-007,3,38.00
2025-01-10,PC-008,1,79.00
2025-01-10,PC-009,8,49.00
2025-01-10,SO-001,18,30.00
2025-01-10,SO-002,9,90.00
2025-01-10,SO-003,2,260.00
2025-01-10,SO-004,13,72.00
2025-01-10,SO-005,1,85.00
2025-01-10,SO-006,3,95.00
2025-01-10,SO-007,2,45.00
2025-01-10,SO-008,1,35.00
2025-01-10,SO-009,3,78.00
2025-01-11,FB-001,23,125.00
2025-01-11,FB-002,88,14.00
2025-01-11,FB-003,29,24.00
2025-01-11,FB-004,20,78.00
2025-01-11,FB-005,12,115.00
2025-01-11,FB-006,40,66.00
2025-01-11,FB-007,10,275.00
2025-01-11,FB-008,13,34.00
2025-01-11,FB-009,28,68.00
2025-01-11,HC-001,12,55.00
2025-01-11,HC-002,13,115.00
2025-01-11,HC-003,15,42.00
2025-01-11,HC-004,4,62.00
2025-01-11,HC-005,4,98.00
2025-01-11,HC-006,4,82.00
2025-01-11,HC-007,8,28.00
2025-01-11,HC-008,8,62.00
2025-01-11,HC-009,2,135.00
2025-01-11,HW-002,7,275.00
2025-01-11,HW-004,2,685.00
2025-01-11,HW-006,1,28.00
2025-01-11,HW-010,18,16.00
2025-01-11,PC-001,8,52.00
2025-01-11,PC-002,9,32.00
2025-01-11,PC-003,5,68.00
2025-01-11,PC-004,4,38.00
2025-01-11,PC-005,4,95.00
2025-01-11,PC-006,1,135.00
2025-01-11,PC-007,4,38.00
2025-01-11,PC-008,8,79.00
2025-01-11,PC-009,9,49.00
2025-01-11,SO-001,22,30.00
2025-01-11,SO-002,4,90.00
2025-01-11,SO-003,3,260.00
2025-01-11,SO-004,7,72.00
2025-01-11,SO-005,4,85.00
2025-01-11,SO-006,2,95.00
2025-01-11,SO-007,2,45.00
2025-01-11,SO-008,1,35.00
2025-01-11,SO-009,3,78.00
2025-01-12,FB-001,24,125.00
2025-01-12,FB-002,62,14.00
2025-01-12,FB-003,16,24.00
2025-01-12,FB-004,8,78.00
2025-01-12,FB-005,14,115.00
2025-01-12,FB-006,26,66.00
2025-01-12,FB-007,6,275.00
2025-01-12,FB-008,13,34.00
2025-01-12,FB-009,29,68.00
2025-01-12,HC-001,13,55.00
2025-01-12,HC-002,10,115.00
2025-01-12,HC-003,6,42.00
2025-01-12,HC-004,8,62.00
2025-01-12,HC-005,2,98.00
2025-01-12,HC-006,6,82.00
2025-01-12,HC-007,6,28.00
2025-01-12,HC-008,6,62.00
2025-01-12,HW-003,1,98.00
2025-01-12,HW-006,1,28.00
2025-01-12,HW-010,7,16.00
2025-01-12,PC-001,16,52.00
2025-01-12,PC-002,6,32.00
2025-01-12,PC-003,3,68.00
2025-01-12,PC-004,6,38.00
2025-01-12,PC-005,6,95.00
2025-01-12,PC-006,4,135.00
2025-01-12,PC-007,4,38.00
2025-01-12,PC-008,5,79.00
2025-01-12,PC-009,4,49.00
2025-01-12,SO-001,10,30.00
2025-01-12,SO-003,1,260.00
2025-01-12,SO-004,8,72.00
2025-01-12,SO-005,3,85.00
2025-01-12,SO-006,3,95.00
2025-01-12,SO-008,7,35.00
2025-01-13,FB-001,8,125.00
2025-01-13,FB-002,46,14.00
2025-01-13,FB-003,13,24.00
2025-01-13,FB-004,5,78.00
2025-01-13,FB-005,9,115.00
2025-01-13,FB-006,18,66.00
2025-01-13,FB-007,7,275.00
2025-01-13,FB-008,10,34.00
2025-01-13,FB-009,17,68.00
2025-01-13,HC-001,11,55.00
2025-01-13,HC-002,5,115.00
2025-01-13,HC-003,3,42.00
2025-01-13,HC-004,5,62.00
2025-01-13,HC-005,3,98.00
2025-01-13,HC-006,2,82.00
2025-01-13,HC-007,4,28.00
2025-01-13,HC-008,7,62.00
2025-01-13,HC-009,1,135.00
2025-01-13,HW-002,4,275.00
2025-01-13,HW-005,1,48.00
2025-01-13,HW-006,2,28.00
2025-01-13,HW-010,14,16.00
2025-01-13,PC-001,13,52.00
2025-01-13,PC-002,7,32.00
2025-01-13,PC-003,7,68.00
2025-01-13,PC-004,7,38.00
2025-01-13,PC-005,2,95.00
2025-01-13,PC-006,1,135.00
2025-01-13,PC-007,7,38.00
2025-01-13,PC-008,3,79.00
2025-01-13,PC-009,8,49.00
2025-01-13,SO-001,13,30.00
2025-01-13,SO-002,8,90.00
2025-01-13,SO-003,5,260.00
2025-01-13,SO-004,6,72.00
2025-01-13,SO-005,2,85.00
2025-01-13,SO-006,6,95.00
2025-01-13,SO-007,1,45.00
2025-01-13,SO-008,6,35.00
2025-01-13,SO-009,4,78.00
2025-01-14,FB-001,20,125.00
2025-01-14,FB-002,63,14.00
2025-01-14,FB-003,23,24.00
2025-01-14,FB-004,10,78.00
2025-01-14,FB-005,7,115.00
2025-01-14,FB-006,20,66.00
2025-01-14,FB-007,12,275.00
2025-01-14,FB-008,8,34.00
2025-01-14,FB-009,23,68.00
2025-01-14,HC-001,19,55.00
2025-01-14,HC-002,10,115.00
2025-01-14,HC-003,5,42.00
2025-01-14,HC-004,5,62.00
2025-01-14,HC-005,5,98.00
2025-01-14,HC-006,4,82.00
2025-01-14,HC-007,6,28.00
2025-01-14,HC-008,8,62.00
2025-01-14,HC-009,2,135.00
2025-01-14,HW-001,5,85.00
2025-01-14,HW-002,5,275.00
2025-01-14,HW-003,1,98.00
2025-01-14,HW-004,1,685.00
2025-01-14,HW-007,2,38.00
2025-01-14,HW-010,11,16.00
2025-01-14,PC-001,9,52.00
2025-01-14,PC-002,18,32.00
2025-01-14,PC-003,9,68.00
2025-01-14,PC-004,7,38.00
2025-01-14,PC-005,6,95.00
2025-01-14,PC-006,3,135.00
2025-01-14,PC-007,3,38.00
2025-01-14,PC-008,3,79.00
2025-01-14,PC-009,8,49.00
2025-01-14,SO-001,21,30.00
2025-01-14,SO-002,3,90.00
2025-01-14,SO-003,5,260.00
2025-01-14,SO-004,4,72.00
2025-01-14,SO-005,4,85.00
2025-01-14,SO-007,2,45.00
2025-01-14,SO-008,2,35.00
2025-01-14,SO-009,3,78.00
2025-01-15,FB-001,15,125.00
2025-01-15,FB-002,81,14.00
2025-01-15,FB-003,21,24.00
2025-01-15,FB-004,11,78.00
2025-01-15,FB-005,14,115.00
2025-01-15,FB-006,28,66.00
2025-01-15,FB-007,5,275.00
2025-01-15,FB-008,5,34.00
2025-01-15,FB-009,30,68.00
2025-01-15,HC-001,16,55.00
2025-01-15,HC-002,7,115.00
2025-01-15,HC-003,6,42.00
2025-01-15,HC-004,8,62.00
2025-01-15,HC-006,1,82.00
2025-01-15,HC-007,8,28.00
2025-01-15,HC-008,6,62.00
2025-01-15,HC-009,4,135.00
2025-01-15,HW-002,5,275.00
2025-01-15,HW-003,1,98.00
2025-01-15,HW-005,2,48.00
2025-01-15,HW-006,2,28.00
2025-01-15,HW-007,3,38.00
2025-01-15,HW-008,1,125.00
2025-01-15,HW-010,5,16.00
2025-01-15,PC-001,6,52.00
2025-01-15,PC-002,4,32.00
2025-01-15,PC-003,4,68.00
2025-01-15,PC-004,4,38.00
2025-01-15,PC-005,1,95.00
2025-01-15,PC-006,3,135.00
2025-01-15,PC-007,4,38.00
2025-01-15,PC-008,7,79.00
2025-01-15,PC-009,18,49.00
2025-01-15,SO-001,19,30.00
2025-01-15,SO-002,4,90.00
2025-01-15,SO-003,2,260.00
2025-01-15,SO-004,4,72.00
2025-01-15,SO-005,1,85.00
2025-01-15,SO-006,1,95.00
2025-01-15,SO-007,3,45.00
2025-01-15,SO-008,5,35.00
2025-01-15,SO-009,2,78.00
2025-01-16,FB-001,15,125.00
2025-01-16,FB-002,77,14.00
2025-01-16,FB-003,31,24.00
2025-01-16,FB-004,7,78.00
2025-01-16,FB-005,12,115.00
2025-01-16,FB-006,33,66.00
2025-01-16,FB-007,6,275.00
2025-01-16,FB-008,19,34.00
2025-01-16,FB-009,29,68.00
2025-01-16,HC-001,13,55.00
2025-01-16,HC-002,10,115.00
2025-01-16,HC-003,3,42.00
2025-01-16,HC-004,9,62.00
2025-01-16,HC-005,7,98.00
2025-01-16,HC-006,7,82.00
2025-01-16,HC-007,5,28.00
2025-01-16,HC-008,8,62.00
2025-01-16,HC-009,6,135.00
2025-01-16,HW-001,4,85.00
2025-01-16,HW-002,2,275.00
2025-01-16,HW-003,1,98.00
2025-01-16,HW-005,1,48.00
2025-01-16,HW-008,1,125.00
2025-01-16,HW-010,12,16.00
2025-01-16,PC-001,12,52.00
2025-01-16,PC-002,7,32.00
2025-01-16,PC-003,13,68.00
2025-01-16,PC-004,4,38.00
2025-01-16,PC-005,3,95.00
2025-01-16,PC-006,4,135.00
2025-01-16,PC-007,4,38.00
2025-01-16,PC-008,1,79.00
2025-01-16,PC-009,6,49.00
2025-01-16,SO-001,15,30.00
2025-01-16,SO-002,5,90.00
2025-01-16,SO-003,4,260.00
2025-01-16,SO-004,7,72.00
2025-01-16,SO-005,7,85.00
2025-01-16,SO-006,4,95.00
2025-01-16,SO-007,2,45.00
2025-01-16,SO-008,3,35.00
2025-01-16,SO-009,2,78.00
2025-01-17,FB-001,28,125.00
2025-01-17,FB-002,71,14.00
2025-01-17,FB-003,25,24.00
2025-01-17,FB-004,9,78.00
2025-01-17,FB-005,13,115.00
2025-01-17,FB-006,27,66.00
2025-01-17,FB-007,4,275.00
2025-01-17,FB-008,4,34.00
2025-01-17,FB-009,21,68.00
2025-01-17,HC-001,15,55.00
2025-01-17,HC-002,10,115.00
2025-01-17,HC-003,10,42.00
2025-01-17,HC-004,4,62.00
2025-01-17,HC-005,1,98.00
2025-01-17,HC-006,4,82.00
2025-01-17,HC-007,10,28.00
2025-01-17,HC-008,5,62.00
2025-01-17,HW-001,4,85.00
2025-01-17,HW-002,4,275.00
2025-01-17,HW-003,1,98.00
2025-01-17,HW-006,2,28.00
2025-01-17,HW-007,1,38.00
2025-01-17,HW-008,1,125.00
2025-01-17,HW-010,7,16.00
2025-01-17,PC-001,11,52.00
2025-01-17,PC-002,5,32.00
2025-01-17,PC-003,15,68.00
2025-01-17,PC-004,5,38.00
2025-01-17,PC-005,5,95.00
2025-01-17,PC-006,3,135.00
2025-01-17,PC-007,4,38.00
2025-01-17,PC-008,7,79.00
2025-01-17,PC-009,9,49.00
2025-01-17,SO-001,14,30.00
2025-01-17,SO-002,5,90.00
2025-01-17,SO-003,4,260.00
2025-01-17,SO-004,8,72.00
2025-01-17,SO-005,5,85.00
2025-01-17,SO-006,2,95.00
2025-01-17,SO-007,1,45.00
2025-01-17,SO-008,7,35.00
2025-01-17,SO-009,2,78.00
2025-01-18,FB-001,21,125.00
2025-01-18,FB-002,37,14.00
2025-01-18,FB-003,27,24.00
2025-01-18,FB-004,11,78.00
2025-01-18,FB-005,15,115.00
2025-01-18,FB-006,18,66.00
2025-01-18,FB-007,4,275.00
2025-01-18,FB-008,13,34.00
2025-01-18,FB-009,45,68.00
2025-01-18,HC-001,20,55.00
2025-01-18,HC-002,11,115.00
2025-01-18,HC-003,5,42.00
2025-01-18,HC-004,7,62.00
2025-01-18,HC-005,5,98.00
2025-01-18,HC-006,7,82.00
2025-01-18,HC-007,2,28.00
2025-01-18,HC-008,13,62.00
2025-01-18,HC-009,2,135.00
2025-01-18,HW-001,1,85.00
2025-01-18,HW-002,5,275.00
2025-01-18,HW-003,1,98.00
2025-01-18,HW-005,1,48.00
2025-01-18,HW-006,1,28.00
2025-01-18,HW-007,1,38.00
2025-01-18,HW-010,12,16.00
2025-01-18,PC-001,8,52.00
2025-01-18,PC-002,7,32.00
2025-01-18,PC-003,10,68.00
2025-01-18,PC-004,4,38.00
2025-01-18,PC-005,4,95.00
2025-01-18,PC-006,3,135.00
2025-01-18,PC-007,2,38.00
2025-01-18,PC-008,4,79.00
2025-01-18,PC-009,6,49.00
2025-01-18,SO-001,13,30.00
2025-01-18,SO-002,4,90.00
2025-01-18,SO-003,5,260.00
2025-01-18,SO-004,7,72.00
2025-01-18,SO-005,4,85.00
2025-01-18,SO-006,5,95.00
2025-01-18,SO-007,1,45.00
2025-01-18,SO-008,2,35.00
2025-01-18,SO-009,3,78.00
2025-01-19,FB-001,13,125.00
2025-01-19,FB-002,61,14.00
2025-01-19,FB-003,20,24.00
2025-01-19,FB-004,9,78.00
2025-01-19,FB-005,15,115.00
2025-01-19,FB-006,18,66.00
2025-01-19,FB-007,5,275.00
2025-01-19,FB-008,9,34.00
2025-01-19,FB-009,39,68.00
2025-01-19,HC-001,17,55.00
2025-01-19,HC-002,12,115.00
2025-01-19,HC-003,11,42.00
2025-01-19,HC-004,5,62.00
2025-01-19,HC-005,2,98.00
2025-01-19,HC-006,3,82.00
2025-01-19,HC-007,6,28.00
2025-01-19,HC-008,13,62.00
2025-01-19,HC-009,6,135.00
2025-01-19,HW-001,1,85.00
2025-01-19,HW-002,3,275.00
2025-01-19,HW-004,2,685.00
2025-01-19,HW-005,1,48.00
2025-01-19,HW-008,1,125.00
2025-01-19,HW-010,8,16.00
2025-01-19,PC-001,9,52.00
2025-01-19,PC-002,8,32.00
2025-01-19,PC-003,9,68.00
2025-01-19,PC-004,6,38.00
2025-01-19,PC-005,3,95.00
2025-01-19,PC-006,4,135.00
2025-01-19,PC-007,3,38.00
2025-01-19,PC-008,2,79.00
2025-01-19,PC-009,11,49.00
2025-01-19,SO-001,16,30.00
2025-01-19,SO-002,3,90.00
2025-01-19,SO-004,2,72.00
2025-01-19,SO-005,3,85.00
2025-01-19,SO-006,1,95.00
2025-01-19,SO-007,1,45.00
2025-01-19,SO-008,2,35.00
2025-01-19,SO-009,1,78.00
2025-01-20,FB-001,12,125.00
2025-01-20,FB-002,63,14.00
2025-01-20,FB-003,15,24.00
2025-01-20,FB-004,11,78.00
2025-01-20,FB-005,9,115.00
2025-01-20,FB-006,19,66.00
2025-01-20,FB-007,8,275.00
2025-01-20,FB-008,10,34.00
2025-01-20,FB-009,21,68.00
2025-01-20,HC-001,9,55.00
2025-01-20,HC-002,6,115.00
2025-01-20,HC-003,4,42.00
2025-01-20,HC-004,7,62.00
2025-01-20,HC-005,3,98.00
2025-01-20,HC-006,6,82.00
2025-01-20,HC-007,9,28.00
2025-01-20,HC-008,5,62.00
2025-01-20,HC-009,1,135.00
2025-01-20,HW-002,5,275.00
2025-01-20,HW-003,1,98.00
2025-01-20,HW-004,1,685.00
2025-01-20,HW-006,3,28.00
2025-01-20,HW-007,1,38.00
2025-01-20,HW-008,2,125.00
2025-01-20,HW-010,10,16.00
2025-01-20,PC-001,18,52.00
2025-01-20,PC-002,7,32.00
2025-01-20,PC-003,6,68.00
2025-01-20,PC-004,3,38.00
2025-01-20,PC-005,4,95.00
2025-01-20,PC-006,2,135.00
2025-01-20,PC-007,2,38.00
2025-01-20,PC-008,6,79.00
2025-01-20,PC-009,4,49.00
2025-01-20,SO-001,13,30.00
2025-01-20,SO-002,3,90.00
2025-01-20,SO-003,4,260.00
2025-01-20,SO-004,8,72.00
2025-01-20,SO-005,4,85.00
2025-01-20,SO-006,7,95.00
2025-01-20,SO-007,1,45.00
2025-01-20,SO-008,3,35.00
2025-01-20,SO-009,3,78.00
2025-01-21,FB-001,10,125.00
2025-01-21,FB-002,48,14.00
2025-01-21,FB-003,19,24.00
2025-01-21,FB-004,12,78.00
2025-01-21,FB-005,7,115.00
2025-01-21,FB-006,27,66.00
2025-01-21,FB-007,5,275.00
2025-01-21,FB-008,5,34.00
2025-01-21,FB-009,17,68.00
2025-01-21,HC-001,9,55.00
2025-01-21,HC-002,7,115.00
2025-01-21,HC-003,4,42.00
2025-01-21,HC-004,5,62.00
2025-01-21,HC-005,1,98.00
2025-01-21,HC-006,2,82.00
2025-01-21,HC-007,11,28.00
2025-01-21,HC-008,8,62.00
2025-01-21,HC-009,4,135.00
2025-01-21,HW-001,2,85.00
2025-01-21,HW-002,3,275.00
2025-01-21,HW-003,1,98.00
2025-01-21,HW-004,1,685.00
2025-01-21,HW-006,1,28.00
2025-01-21,HW-010,19,16.00
2025-01-21,PC-001,16,52.00
2025-01-21,PC-002,5,32.00
2025-01-21,PC-003,1,68.00
2025-01-21,PC-004,3,38.00
2025-01-21,PC-006,1,135.00
2025-01-21,PC-007,5,38.00
2025-01-21,PC-008,2,79.00
2025-01-21,PC-009,10,49.00
2025-01-21,SO-001,14,30.00
2025-01-21,SO-002,2,90.00
2025-01-21,SO-003,9,260.00
2025-01-21,SO-004,5,72.00
2025-01-21,SO-005,2,85.00
2025-01-21,SO-006,3,95.00
2025-01-21,SO-007,1,45.00
2025-01-21,SO-008,5,35.00
2025-01-21,SO-009,2,78.00
2025-01-22,FB-001,12,125.00
2025-01-22,FB-002,54,14.00
2025-01-22,FB-003,23,24.00
2025-01-22,FB-004,5,78.00
2025-01-22,FB-005,16,115.00
2025-01-22,FB-006,28,66.00
2025-01-22,FB-007,7,275.00
2025-01-22,FB-008,7,34.00
2025-01-22,FB-009,24,68.00
2025-01-22,HC-001,16,55.00
2025-01-22,HC-002,10,115.00
2025-01-22,HC-003,4,42.00
2025-01-22,HC-004,7,62.00
2025-01-22,HC-005,5,98.00
2025-01-22,HC-006,3,82.00
2025-01-22,HC-007,7,28.00
2025-01-22,HC-008,6,62.00
2025-01-22,HC-009,5,135.00
2025-01-22,HW-001,4,85.00
2025-01-22,HW-002,10,275.00
2025-01-22,HW-005,1,48.00
2025-01-22,HW-006,1,28.00
2025-01-22,HW-010,9,16.00
2025-01-22,PC-001,11,52.00
2025-01-22,PC-002,7,32.00
2025-01-22,PC-003,4,68.00
2025-01-22,PC-004,5,38.00
2025-01-22,PC-005,9,95.00
2025-01-22,PC-006,2,135.00
2025-01-22,PC-007,5,38.00
2025-01-22,PC-008,1,79.00
2025-01-22,PC-009,9,49.00
2025-01-22,SO-001,15,30.00
2025-01-22,SO-002,2,90.00
2025-01-22,SO-003,3,260.00
2025-01-22,SO-004,5,72.00
2025-01-22,SO-005,3,85.00
2025-01-22,SO-006,2,95.00
2025-01-22,SO-007,2,45.00
2025-01-22,SO-008,1,35.00
2025-01-22,SO-009,2,78.00
2025-01-23,FB-001,13,125.00
2025-01-23,FB-002,48,14.00
2025-01-23,FB-003,16,24.00
2025-01-23,FB-004,9,78.00
2025-01-23,FB-005,9,115.00
2025-01-23,FB-006,35,66.00
2025-01-23,FB-007,6,275.00
2025-01-23,FB-008,9,34.00
2025-01-23,FB-009,20,68.00
2025-01-23,HC-002,11,115.00
2025-01-23,HC-003,5,42.00
2025-01-23,HC-004,2,62.00
2025-01-23,HC-005,3,98.00
2025-01-23,HC-006,6,82.00
2025-01-23,HC-007,3,28.00
2025-01-23,HC-008,4,62.00
2025-01-23,HC-009,2,135.00
2025-01-23,HW-001,2,85.00
2025-01-23,HW-002,6,275.00
2025-01-23,HW-004,1,685.00
2025-01-23,HW-005,1,48.00
2025-01-23,HW-006,2,28.00
2025-01-23,HW-007,1,38.00
2025-01-23,HW-010,10,16.00
2025-01-23,PC-001,10,52.00
2025-01-23,PC-002,13,32.00
2025-01-23,PC-003,4,68.00
2025-01-23,PC-004,4,38.00
2025-01-23,PC-005,3,95.00
2025-01-23,PC-006,3,135.00
2025-01-23,PC-007,3,38.00
2025-01-23,PC-009,9,49.00
2025-01-23,SO-001,14,30.00
2025-01-23,SO-002,5,90.00
2025-01-23,SO-003,5,260.00
2025-01-23,SO-004,4,72.00
2025-01-23,SO-005,5,85.00
2025-01-23,SO-006,3,95.00
2025-01-23,SO-007,2,45.00
2025-01-23,SO-008,5,35.00
2025-01-23,SO-009,1,78.00
2025-01-24,FB-001,20,125.00
2025-01-24,FB-002,76,14.00
2025-01-24,FB-003,34,24.00
2025-01-24,FB-004,11,78.00
2025-01-24,FB-005,15,115.00
2025-01-24,FB-006,34,66.00
2025-01-24,FB-007,2,275.00
2025-01-24,FB-008,7,34.00
2025-01-24,FB-009,36,68.00
2025-01-24,HC-001,15,55.00
2025-01-24,HC-002,9,115.00
2025-01-24,HC-003,8,42.00
2025-01-24,HC-004,3,62.00
2025-01-24,HC-005,6,98.00
2025-01-24,HC-006,4,82.00
2025-01-24,HC-007,4,28.00
2025-01-24,HC-008,8,62.00
2025-01-24,HC-009,1,135.00
2025-01-24,HW-001,6,85.00
2025-01-24,HW-002,1,275.00
2025-01-24,HW-005,2,48.00
2025-01-24,HW-010,5,16.00
2025-01-24,PC-001,8,52.00
2025-01-24,PC-002,7,32.00
2025-01-24,PC-003,8,68.00
2025-01-24,PC-004,4,38.00
2025-01-24,PC-005,3,95.00
2025-01-24,PC-006,2,135.00
2025-01-24,PC-007,3,38.00
2025-01-24,PC-008,2,79.00
2025-01-24,PC-009,10,49.00
2025-01-24,SO-001,15,30.00
2025-01-24,SO-002,4,90.00
2025-01-24,SO-003,5,260.00
2025-01-24,SO-004,2,72.00
2025-01-24,SO-005,5,85.00
2025-01-24,SO-006,3,95.00
2025-01-24,SO-008,5,35.00
2025-01-24,SO-009,6,78.00
2025-01-25,FB-001,19,125.00
2025-01-25,FB-002,85,14.00
2025-01-25,FB-003,34,24.00
2025-01-25,FB-004,14,78.00
2025-01-25,FB-005,9,115.00
2025-01-25,FB-006,27,66.00
2025-01-25,FB-007,14,275.00
2025-01-25,FB-008,15,34.00
2025-01-25,FB-009,36,68.00
2025-01-25,HC-001,12,55.00
2025-01-25,HC-003,5,42.00
2025-01-25,HC-004,6,62.00
2025-01-25,HC-005,7,98.00
2025-01-25,HC-006,4,82.00
2025-01-25,HC-007,6,28.00
2025-01-25,HC-008,3,62.00
2025-01-25,HC-009,2,135.00
2025-01-25,HW-001,7,85.00
2025-01-25,HW-002,7,275.00
2025-01-25,HW-004,1,685.00
2025-01-25,HW-005,3,48.00
2025-01-25,HW-006,5,28.00
2025-01-25,HW-008,1,125.00
2025-01-25,HW-010,17,16.00
2025-01-25,PC-001,16,52.00
2025-01-25,PC-002,5,32.00
2025-01-25,PC-003,7,68.00
2025-01-25,PC-004,3,38.00
2025-01-25,PC-005,5,95.00
2025-01-25,PC-006,2,135.00
2025-01-25,PC-007,5,38.00
2025-01-25,PC-008,5,79.00
2025-01-25,PC-009,10,49.00
2025-01-25,SO-001,14,30.00
2025-01-25,SO-002,5,90.00
2025-01-25,SO-003,3,260.00
2025-01-25,SO-004,3,72.00
2025-01-25,SO-005,1,85.00
2025-01-25,SO-006,2,95.00
2025-01-25,SO-007,3,45.00
2025-01-25,SO-008,2,35.00
2025-01-25,SO-009,1,78.00
2025-01-26,FB-001,19,125.00
2025-01-26,FB-002,51,14.00
2025-01-26,FB-003,24,24.00
2025-01-26,FB-004,10,78.00
2025-01-26,FB-005,9,115.00
2025-01-26,FB-006,30,66.00
2025-01-26,FB-007,11,275.00
2025-01-26,FB-008,12,34.00
2025-01-26,FB-009,37,68.00
2025-01-26,HC-001,18,55.00
2025-01-26,HC-002,10,115.00
2025-01-26,HC-003,5,42.00
2025-01-26,HC-004,5,62.00
2025-01-26,HC-005,1,98.00
2025-01-26,HC-006,5,82.00
2025-01-26,HC-007,9,28.00
2025-01-26,HC-008,8,62.00
2025-01-26,HC-009,5,135.00
2025-01-26,HW-001,3,85.00
2025-01-26,HW-002,3,275.00
2025-01-26,HW-006,1,28.00
2025-01-26,HW-008,1,125.00
2025-01-26,HW-010,4,16.00
2025-01-26,PC-001,12,52.00
2025-01-26,PC-002,5,32.00
2025-01-26,PC-003,7,68.00
2025-01-26,PC-004,4,38.00
2025-01-26,PC-005,3,95.00
2025-01-26,PC-006,2,135.00
2025-01-26,PC-007,5,38.00
2025-01-26,PC-008,7,79.00
2025-01-26,PC-009,11,49.00
2025-01-26,SO-001,5,30.00
2025-01-26,SO-002,9,90.00
2025-01-26,SO-003,3,260.00
2025-01-26,SO-004,8,72.00
2025-01-26,SO-005,5,85.00
2025-01-26,SO-006,2,95.00
2025-01-26,SO-007,1,45.00
2025-01-26,SO-008,3,35.00
2025-01-26,SO-009,2,78.00
2025-01-27,FB-001,19,125.00
2025-01-27,FB-002,46,14.00
2025-01-27,FB-003,18,24.00
2025-01-27,FB-004,6,78.00
2025-01-27,FB-005,8,115.00
2025-01-27,FB-006,34,66.00
2025-01-27,FB-007,4,275.00
2025-01-27,FB-008,12,34.00
2025-01-27,FB-009,31,68.00
2025-01-27,HC-001,9,55.00
2025-01-27,HC-002,10,115.00
2025-01-27,HC-003,3,42.00
2025-01-27,HC-004,8,62.00
2025-01-27,HC-005,2,98.00
2025-01-27,HC-006,2,82.00
2025-01-27,HC-007,7,28.00
2025-01-27,HC-008,5,62.00
2025-01-27,HC-009,5,135.00
2025-01-27,HW-001,5,85.00
2025-01-27,HW-002,4,275.00
2025-01-27,HW-004,2,685.00
2025-01-27,HW-005,1,48.00
2025-01-27,HW-007,1,38.00
2025-01-27,HW-008,1,125.00
2025-01-27,HW-010,9,16.00
2025-01-27,PC-001,9,52.00
2025-01-27,PC-002,2,32.00
2025-01-27,PC-003,4,68.00
2025-01-27,PC-004,4,38.00
2025-01-27,PC-005,6,95.00
2025-01-27,PC-006,2,135.00
2025-01-27,PC-007,2,38.00
2025-01-27,PC-008,5,79.00
2025-01-27,PC-009,13,49.00
2025-01-27,SO-001,20,30.00
2025-01-27,SO-002,9,90.00
2025-01-27,SO-004,4,72.00
2025-01-27,SO-005,3,85.00
2025-01-27,SO-006,3,95.00
2025-01-27,SO-007,1,45.00
2025-01-27,SO-008,2,35.00
2025-01-27,SO-009,1,78.00
2025-01-28,FB-001,15,125.00
2025-01-28,FB-002,53,14.00
2025-01-28,FB-003,15,24.00
2025-01-28,FB-004,8,78.00
2025-01-28,FB-005,12,115.00
2025-01-28,FB-006,27,66.00
2025-01-28,FB-007,8,275.00
2025-01-28,FB-008,4,34.00
2025-01-28,FB-009,22,68.00
2025-01-28,HC-001,7,55.00
2025-01-28,HC-002,6,115.00
2025-01-28,HC-003,2,42.00
2025-01-28,HC-004,8,62.00
2025-01-28,HC-005,3,98.00
2025-01-28,HC-006,4,82.00
2025-01-28,HC-007,9,28.00
2025-01-28,HC-008,7,62.00
2025-01-28,HC-009,2,135.00
2025-01-28,HW-001,2,85.00
2025-01-28,HW-002,2,275.00
2025-01-28,HW-003,1,98.00
2025-01-28,HW-004,2,685.00
2025-01-28,HW-006,1,28.00
2025-01-28,HW-010,10,16.00
2025-01-28,PC-001,10,52.00
2025-01-28,PC-002,14,32.00
2025-01-28,PC-003,5,68.00
2025-01-28,PC-004,2,38.00
2025-01-28,PC-005,4,95.00
2025-01-28,PC-006,2,135.00
2025-01-28,PC-007,3,38.00
2025-01-28,PC-008,1,79.00
2025-01-28,PC-009,8,49.00
2025-01-28,SO-001,20,30.00
2025-01-28,SO-002,2,90.00
2025-01-28,SO-003,8,260.00
2025-01-28,SO-004,6,72.00
2025-01-28,SO-005,4,85.00
2025-01-28,SO-006,4,95.00
2025-01-28,SO-007,1,45.00
2025-01-28,SO-008,3,35.00
2025-01-28,SO-009,1,78.00
2025-01-29,FB-001,18,125.00
2025-01-29,FB-002,53,14.00
2025-01-29,FB-003,17,24.00
2025-01-29,FB-004,8,78.00
2025-01-29,FB-005,13,115.00
2025-01-29,FB-006,23,66.00
2025-01-29,FB-007,6,275.00
2025-01-29,FB-008,8,34.00
2025-01-29,FB-009,20,68.00
2025-01-29,HC-001,12,55.00
2025-01-29,HC-002,3,115.00
2025-01-29,HC-003,1,42.00
2025-01-29,HC-004,5,62.00
2025-01-29,HC-005,5,98.00
2025-01-29,HC-006,4,82.00
2025-01-29,HC-007,7,28.00
2025-01-29,HC-008,1,62.00
2025-01-29,HC-009,2,135.00
2025-01-29,HW-001,1,85.00
2025-01-29,HW-002,4,275.00
2025-01-29,HW-003,2,98.00
2025-01-29,HW-004,1,685.00
2025-01-29,HW-010,16,16.00
2025-01-29,PC-001,9,52.00
2025-01-29,PC-002,4,32.00
2025-01-29,PC-003,6,68.00
2025-01-29,PC-004,3,38.00
2025-01-29,PC-005,3,95.00
2025-01-29,PC-006,2,135.00
2025-01-29,PC-007,6,38.00
2025-01-29,PC-008,1,79.00
2025-01-29,PC-009,6,49.00
2025-01-29,SO-001,16,30.00
2025-01-29,SO-002,3,90.00
2025-01-29,SO-003,4,260.00
2025-01-29,SO-004,8,72.00
2025-01-29,SO-005,5,85.00
2025-01-29,SO-006,2,95.00
2025-01-29,SO-008,2,35.00
2025-01-29,SO-009,3,78.00
2025-01-30,FB-001,16,125.00
2025-01-30,FB-002,70,14.00
2025-01-30,FB-003,24,24.00
2025-01-30,FB-004,11,78.00
2025-01-30,FB-005,8,115.00
2025-01-30,FB-006,31,66.00
2025-01-30,FB-007,9,275.00
2025-01-30,FB-008,21,34.00
2025-01-30,FB-009,29,68.00
2025-01-30,HC-001,11,55.00
2025-01-30,HC-002,11,115.00
2025-01-30,HC-003,4,42.00
2025-01-30,HC-004,5,62.00
2025-01-30,HC-005,3,98.00
2025-01-30,HC-006,5,82.00
2025-01-30,HC-007,10,28.00
2025-01-30,HC-008,7,62.00
2025-01-30,HC-009,3,135.00
2025-01-30,HW-001,1,85.00
2025-01-30,HW-002,3,275.00
2025-01-30,HW-003,1,98.00
2025-01-30,HW-005,2,48.00
2025-01-30,HW-006,2,28.00
2025-01-30,HW-008,2,125.00
2025-01-30,HW-010,13,16.00
2025-01-30,PC-001,11,52.00
2025-01-30,PC-002,12,32.00
2025-01-30,PC-003,6,68.00
2025-01-30,PC-004,3,38.00
2025-01-30,PC-005,5,95.00
2025-01-30,PC-006,2,135.00
2025-01-30,PC-007,4,38.00
2025-01-30,PC-008,3,79.00
2025-01-30,PC-009,7,49.00
2025-01-30,SO-001,25,30.00
2025-01-30,SO-002,3,90.00
2025-01-30,SO-003,5,260.00
2025-01-30,SO-004,3,72.00
2025-01-30,SO-005,2,85.00
2025-01-30,SO-006,2,95.00
2025-01-30,SO-007,1,45.00
2025-01-30,SO-008,7,35.00
2025-01-30,SO-009,3,78.00
2025-01-31,FB-001,27,125.00
2025-01-31,FB-002,78,14.00
2025-01-31,FB-003,23,24.00
2025-01-31,FB-004,14,78.00
2025-01-31,FB-005,21,115.00
2025-01-31,FB-006,43,66.00
2025-01-31,FB-007,8,275.00
2025-01-31,FB-008,6,34.00
2025-01-31,FB-009,40,68.00
2025-01-31,HC-001,12,55.00
2025-01-31,HC-002,7,115.00
2025-01-31,HC-003,8,42.00
2025-01-31,HC-004,7,62.00
2025-01-31,HC-005,7,98.00
2025-01-31,HC-006,2,82.00
2025-01-31,HC-007,9,28.00
2025-01-31,HC-008,9,62.00
2025-01-31,HC-009,3,135.00
2025-01-31,HW-001,2,85.00
2025-01-31,HW-002,4,275.00
2025-01-31,HW-003,3,98.00
2025-01-31,HW-005,1,48.00
2025-01-31,HW-006,1,28.00
2025-01-31,HW-007,3,38.00
2025-01-31,HW-008,1,125.00
2025-01-31,HW-010,6,16.00
2025-01-31,PC-001,17,52.00
2025-01-31,PC-002,7,32.00
2025-01-31,PC-003,5,68.00
2025-01-31,PC-004,7,38.00
2025-01-31,PC-006,3,135.00
2025-01-31,PC-007,3,38.00
2025-01-31,PC-008,1,79.00
2025-01-31,PC-009,12,49.00
2025-01-31,SO-001,17,30.00
2025-01-31,SO-002,4,90.00
2025-01-31,SO-003,8,260.00
2025-01-31,SO-004,11,72.00
2025-01-31,SO-005,4,85.00
2025-01-31,SO-006,3,95.00
2025-01-31,SO-007,1,45.00
2025-01-31,SO-008,6,35.00
2025-01-31,SO-009,1,78.00
2025-02-01,FB-001,20,125.00
2025-02-01,FB-002,83,14.00
2025-02-01,FB-003,32,24.00
2025-02-01,FB-004,20,78.00
2025-02-01,FB-005,31,115.00
2025-02-01,FB-006,46,66.00
2025-02-01,FB-007,16,275.00
2025-02-01,FB-009,30,68.00
2025-02-01,HC-001,10,55.00
2025-02-01,HC-002,10,115.00
2025-02-01,HC-003,8,42.00
2025-02-01,HC-004,9,62.00
2025-02-01,HC-005,8,98.00
2025-02-01,HC-006,3,82.00
2025-02-01,HC-007,8,28.00
2025-02-01,HC-008,16,62.00
2025-02-01,HC-009,2,135.00
2025-02-01,HW-001,5,85.00
2025-02-01,HW-002,7,275.00
2025-02-01,HW-003,2,98.00
2025-02-01,HW-004,1,685.00
2025-02-01,HW-005,3,48.00
2025-02-01,HW-006,2,28.00
2025-02-01,HW-007,1,38.00
2025-02-01,HW-008,3,125.00
2025-02-01,HW-010,19,16.00
2025-02-01,PC-001,11,52.00
2025-02-01,PC-002,12,32.00
2025-02-01,PC-003,13,68.00
2025-02-01,PC-004,7,38.00
2025-02-01,PC-005,2,95.00
2025-02-01,PC-006,1,135.00
2025-02-01,PC-007,4,38.00
2025-02-01,PC-008,3,79.00
2025-02-01,PC-009,3,49.00
2025-02-01,SO-001,8,30.00
2025-02-01,SO-002,2,90.00
2025-02-01,SO-003,1,260.00
2025-02-01,SO-004,8,72.00
2025-02-01,SO-005,3,85.00
2025-02-01,SO-006,3,95.00
2025-02-01,SO-007,1,45.00
2025-02-01,SO-008,2,35.00
2025-02-01,SO-009,2,78.00
2025-02-02,FB-002,64,14.00
2025-02-02,FB-003,27,24.00
2025-02-02,FB-004,11,78.00
2025-02-02,FB-005,20,115.00
2025-02-02,FB-006,26,66.00
2025-02-02,FB-007,9,275.00
2025-02-02,FB-008,12,34.00
2025-02-02,FB-009,23,68.00
2025-02-02,HC-001,13,55.00
2025-02-02,HC-002,13,115.00
2025-02-02,HC-003,5,42.00
2025-02-02,HC-004,5,62.00
2025-02-02,HC-005,3,98.00
2025-02-02,HC-006,2,82.00
2025-02-02,HC-007,9,28.00
2025-02-02,HC-008,15,62.00
2025-02-02,HC-009,2,135.00
2025-02-02,HW-001,2,85.00
2025-02-02,HW-002,1,275.00
2025-02-02,HW-003,2,98.00
2025-02-02,HW-004,1,685.00
2025-02-02,HW-010,6,16.00
2025-02-02,PC-001,6,52.00
2025-02-02,PC-002,10,32.00
2025-02-02,PC-003,11,68.00
2025-02-02,PC-004,1,38.00
2025-02-02,PC-005,1,95.00
2025-02-02,PC-006,3,135.00
2025-02-02,PC-007,1,38.00
2025-02-02,PC-008,5,79.00
2025-02-02,PC-009,5,49.00
2025-02-02,SO-001,9,30.00
2025-02-02,SO-002,4,90.00
2025-02-02,SO-003,3,260.00
2025-02-02,SO-004,2,72.00
2025-02-02,SO-005,2,85.00
2025-02-02,SO-006,3,95.00
2025-02-02,SO-008,2,35.00
2025-02-02,SO-009,1,78.00
2025-02-03,FB-001,15,125.00
2025-02-03,FB-002,47,14.00
2025-02-03,FB-003,18,24.00
2025-02-03,FB-004,6,78.00
2025-02-03,FB-005,10,115.00
2025-02-03,FB-006,33,66.00
2025-02-03,FB-007,8,275.00
2025-02-03,FB-008,4,34.00
2025-02-03,FB-009,13,68.00
2025-02-03,HC-001,14,55.00
2025-02-03,HC-002,5,115.00
2025-02-03,HC-003,3,42.00
2025-02-03,HC-004,5,62.00
2025-02-03,HC-005,3,98.00
2025-02-03,HC-006,7,82.00
2025-02-03,HC-007,7,28.00
2025-02-03,HC-008,6,62.00
2025-02-03,HC-009,2,135.00
2025-02-03,HW-001,3,85.00
2025-02-03,HW-002,5,275.00
2025-02-03,HW-003,4,98.00
2025-02-03,HW-006,1,28.00
2025-02-03,HW-007,1,38.00
2025-02-03,HW-008,2,125.00
2025-02-03,HW-010,12,16.00
2025-02-03,PC-001,6,52.00
2025-02-03,PC-002,7,32.00
2025-02-03,PC-003,4,68.00
2025-02-03,PC-004,2,38.00
2025-02-03,PC-005,5,95.00
2025-02-03,PC-006,3,135.00
2025-02-03,PC-007,5,38.00
2025-02-03,PC-008,6,79.00
2025-02-03,PC-009,9,49.00
2025-02-03,SO-001,14,30.00
2025-02-03,SO-003,3,260.00
2025-02-03,SO-004,3,72.00
2025-02-03,SO-006,3,95.00
2025-02-03,SO-007,1,45.00
2025-02-03,SO-008,1,35.00
2025-02-03,SO-009,6,78.00
2025-02-04,FB-001,15,125.00
2025-02-04,FB-002,54,14.00
2025-02-04,FB-003,20,24.00
2025-02-04,FB-004,11,78.00
2025-02-04,FB-005,6,115.00
2025-02-04,FB-006,20,66.00
2025-02-04,FB-007,3,275.00
2025-02-04,FB-008,10,34.00
2025-02-04,FB-009,23,68.00
2025-02-04,HC-001,8,55.00
2025-02-04,HC-002,8,115.00
2025-02-04,HC-003,6,42.00
2025-02-04,HC-004,4,62.00
2025-02-04,HC-005,2,98.00
2025-02-04,HC-006,4,82.00
2025-02-04,HC-008,9,62.00
2025-02-04,HC-009,3,135.00
2025-02-04,HW-001,3,85.00
2025-02-04,HW-002,7,275.00
2025-02-04,HW-003,2,98.00
2025-02-04,HW-004,2,685.00
2025-02-04,HW-005,2,48.00
2025-02-04,HW-010,15,16.00
2025-02-04,PC-001,8,52.00
2025-02-04,PC-002,9,32.00
2025-02-04,PC-003,5,68.00
2025-02-04,PC-004,2,38.00
2025-02-04,PC-005,2,95.00
2025-02-04,PC-007,3,38.00
2025-02-04,PC-008,1,79.00
2025-02-04,PC-009,5,49.00
2025-02-04,SO-001,15,30.00
2025-02-04,SO-002,1,90.00
2025-02-04,SO-003,3,260.00
2025-02-04,SO-004,3,72.00
2025-02-04,SO-005,4,85.00
2025-02-04,SO-006,4,95.00
2025-02-04,SO-007,1,45.00
2025-02-04,SO-008,4,35.00
2025-02-04,SO-009,1,78.00
2025-02-05,FB-001,9,125.00
2025-02-05,FB-002,52,14.00
2025-02-05,FB-003,13,24.00
2025-02-05,FB-004,3,78.00
2025-02-05,FB-005,10,115.00
2025-02-05,FB-006,24,66.00
2025-02-05,FB-007,7,275.00
2025-02-05,FB-008,10,34.00
2025-02-05,FB-009,25,68.00
2025-02-05,HC-001,10,55.00
2025-02-05,HC-002,11,115.00
2025-02-05,HC-003,5,42.00
2025-02-05,HC-004,5,62.00
2025-02-05,HC-005,5,98.00
2025-02-05,HC-006,4,82.00
2025-02-05,HC-008,1,62.00
2025-02-05,HC-009,2,135.00
2025-02-05,HW-001,3,85.00
2025-02-05,HW-002,8,275.00
2025-02-05,HW-005,1,48.00
2025-02-05,HW-007,1,38.00
2025-02-05,HW-008,1,125.00
2025-02-05,HW-010,14,16.00
2025-02-05,PC-001,8,52.00
2025-02-05,PC-002,5,32.00
2025-02-05,PC-003,4,68.00
2025-02-05,PC-004,3,38.00
2025-02-05,PC-005,1,95.00
2025-02-05,PC-006,1,135.00
2025-02-05,PC-007,3,38.00
2025-02-05,PC-008,2,79.00
2025-02-05,PC-009,11,49.00
2025-02-05,SO-001,9,30.00
2025-02-05,SO-002,2,90.00
2025-02-05,SO-003,2,260.00
2025-02-05,SO-004,4,72.00
2025-02-05,SO-005,4,85.00
2025-02-05,SO-006,3,95.00
2025-02-05,SO-007,2,45.00
2025-02-05,SO-008,2,35.00
2025-02-06,FB-001,10,125.00
2025-02-06,FB-002,49,14.00
2025-02-06,FB-003,14,24.00
2025-02-06,FB-004,11,78.00
2025-02-06,FB-005,10,115.00
2025-02-06,FB-006,29,66.00
2025-02-06,FB-007,3,275.00
2025-02-06,FB-008,14,34.00
2025-02-06,FB-009,22,68.00
2025-02-06,HC-001,11,55.00
2025-02-06,HC-002,10,115.00
2025-02-06,HC-003,5,42.00
2025-02-06,HC-004,1,62.00
2025-02-06,HC-005,1,98.00
2025-02-06,HC-006,1,82.00
2025-02-06,HC-007,2,28.00
2025-02-06,HC-008,5,62.00
2025-02-06,HC-009,2,135.00
2025-02-06,HW-001,3,85.00
2025-02-06,HW-002,4,275.00
2025-02-06,HW-004,2,685.00
2025-02-06,HW-006,1,28.00
2025-02-06,HW-008,1,125.00
2025-02-06,HW-010,11,16.00
2025-02-06,PC-001,13,52.00
2025-02-06,PC-002,7,32.00
2025-02-06,PC-003,3,68.00
2025-02-06,PC-004,3,38.00
2025-02-06,PC-005,5,95.00
2025-02-06,PC-006,1,135.00
2025-02-06,PC-008,5,79.00
2025-02-06,PC-009,3,49.00
2025-02-06,SO-001,9,30.00
2025-02-06,SO-002,2,90.00
2025-02-06,SO-003,3,260.00
2025-02-06,SO-004,5,72.00
2025-02-06,SO-005,3,85.00
2025-02-06,SO-006,5,95.00
2025-02-06,SO-007,4,45.00
2025-02-06,SO-008,2,35.00
2025-02-06,SO-009,1,78.00
2025-02-07,FB-001,13,125.00
2025-02-07,FB-002,69,14.00
2025-02-07,FB-003,17,24.00
2025-02-07,FB-004,7,78.00
2025-02-07,FB-005,10,115.00
2025-02-07,FB-006,38,66.00
2025-02-07,FB-007,7,275.00
2025-02-07,FB-008,11,34.00
2025-02-07,FB-009,28,68.00
2025-02-07,HC-001,11,55.00
2025-02-07,HC-002,8,115.00
2025-02-07,HC-003,2,42.00
2025-02-07,HC-004,7,62.00
2025-02-07,HC-005,6,98.00
2025-02-07,HC-006,3,82.00
2025-02-07,HC-007,5,28.00
2025-02-07,HC-008,8,62.00
2025-02-07,HW-001,1,85.00
2025-02-07,HW-002,5,275.00
2025-02-07,HW-005,2,48.00
2025-02-07,HW-010,15,16.00
2025-02-07,PC-001,11,52.00
2025-02-07,PC-002,10,32.00
2025-02-07,PC-003,5,68.00
2025-02-07,PC-004,5,38.00
2025-02-07,PC-005,3,95.00
2025-02-07,PC-006,2,135.00
2025-02-07,PC-007,2,38.00
2025-02-07,PC-008,2,79.00
2025-02-07,PC-009,13,49.00
2025-02-07,SO-001,7,30.00
2025-02-07,SO-002,5,90.00
2025-02-07,SO-003,2,260.00
2025-02-07,SO-004,3,72.00
2025-02-07,SO-005,2,85.00
2025-02-07,SO-006,2,95.00
2025-02-07,SO-007,3,45.00
2025-02-07,SO-008,3,35.00
2025-02-07,SO-009,2,78.00
2025-02-08,FB-001,24,125.00
2025-02-08,FB-002,100,14.00
2025-02-08,FB-003,27,24.00
2025-02-08,FB-004,13,78.00
2025-02-08,FB-005,14,115.00
2025-02-08,FB-006,39,66.00
2025-02-08,FB-007,15,275.00
2025-02-08,FB-008,12,34.00
2025-02-08,FB-009,36,68.00
2025-02-08,HC-001,7,55.00
2025-02-08,HC-002,6,115.00
2025-02-08,HC-003,5,42.00
2025-02-08,HC-004,5,62.00
2025-02-08,HC-005,5,98.00
2025-02-08,HC-006,3,82.00
2025-02-08,HC-007,6,28.00
2025-02-08,HC-008,8,62.00
2025-02-08,HC-009,1,135.00
2025-02-08,HW-001,4,85.00
2025-02-08,HW-002,5,275.00
2025-02-08,HW-003,5,98.00
2025-02-08,HW-004,1,685.00
2025-02-08,HW-006,2,28.00
2025-02-08,HW-007,1,38.00
2025-02-08,HW-010,17,16.00
2025-02-08,PC-001,8,52.00
2025-02-08,PC-002,6,32.00
2025-02-08,PC-003,3,68.00
2025-02-08,PC-004,7,38.00
2025-02-08,PC-005,4,95.00
2025-02-08,PC-006,3,135.00
2025-02-08,PC-007,4,38.00
2025-02-08,PC-008,6,79.00
2025-02-08,PC-009,9,49.00
2025-02-08,SO-001,9,30.00
2025-02-08,SO-002,1,90.00
2025-02-08,SO-003,1,260.00
2025-02-08,SO-004,2,72.00
2025-02-08,SO-005,3,85.00
2025-02-08,SO-006,1,95.00
2025-02-08,SO-008,3,35.00
2025-02-09,FB-001,18,125.00
2025-02-09,FB-002,58,14.00
2025-02-09,FB-003,23,24.00
2025-02-09,FB-004,11,78.00
2025-02-09,FB-005,8,115.00
2025-02-09,FB-006,36,66.00
2025-02-09,FB-007,3,275.00
2025-02-09,FB-008,17,34.00
2025-02-09,FB-009,24,68.00
2025-02-09,HC-001,10,55.00
2025-02-09,HC-002,13,115.00
2025-02-09,HC-003,3,42.00
2025-02-09,HC-004,7,62.00
2025-02-09,HC-005,4,98.00
2025-02-09,HC-006,3,82.00
2025-02-09,HC-007,4,28.00
2025-02-09,HC-008,10,62.00
2025-02-09,HC-009,3,135.00
2025-02-09,HW-001,3,85.00
2025-02-09,HW-002,5,275.00
2025-02-09,HW-003,1,98.00
2025-02-09,HW-005,1,48.00
2025-02-09,HW-007,1,38.00
2025-02-09,HW-008,1,125.00
2025-02-09,HW-010,7,16.00
2025-02-09,PC-001,12,52.00
2025-02-09,PC-002,11,32.00
2025-02-09,PC-003,5,68.00
2025-02-09,PC-004,6,38.00
2025-02-09,PC-005,3,95.00
2025-02-09,PC-006,3,135.00
2025-02-09,PC-007,4,38.00
2025-02-09,PC-008,4,79.00
2025-02-09,PC-009,4,49.00
2025-02-09,SO-001,8,30.00
2025-02-09,SO-002,2,90.00
2025-02-09,SO-003,2,260.00
2025-02-09,SO-004,3,72.00
2025-02-09,SO-005,1,85.00
2025-02-09,SO-006,1,95.00
2025-02-09,SO-007,2,45.00
2025-02-09,SO-009,3,78.00
2025-02-10,FB-001,9,125.00
2025-02-10,FB-002,49,14.00
2025-02-10,FB-003,15,24.00
2025-02-10,FB-004,12,78.00
2025-02-10,FB-005,14,115.00
2025-02-10,FB-006,19,66.00
2025-02-10,FB-007,6,275.00
2025-02-10,FB-008,11,34.00
2025-02-10,FB-009,21,68.00
2025-02-10,HC-001,9,55.00
2025-02-10,HC-002,6,115.00
2025-02-10,HC-003,8,42.00
2025-02-10,HC-004,6,62.00
2025-02-10,HC-005,2,98.00
2025-02-10,HC-006,4,82.00
2025-02-10,HC-007,5,28.00
2025-02-10,HC-008,8,62.00
2025-02-10,HC-009,2,135.00
2025-02-10,HW-001,2,85.00
2025-02-10,HW-002,6,275.00
2025-02-10,HW-003,2,98.00
2025-02-10,HW-004,1,685.00
2025-02-10,HW-008,1,125.00
2025-02-10,HW-010,16,16.00
2025-02-10,PC-001,8,52.00
2025-02-10,PC-002,6,32.00
2025-02-10,PC-003,4,68.00
2025-02-10,PC-004,4,38.00
2025-02-10,PC-005,8,95.00
2025-02-10,PC-007,10,38.00
2025-02-10,PC-008,3,79.00
2025-02-10,PC-009,5,49.00
2025-02-10,SO-001,15,30.00
2025-02-10,SO-002,4,90.00
2025-02-10,SO-003,6,260.00
2025-02-10,SO-004,5,72.00
2025-02-10,SO-005,4,85.00
2025-02-10,SO-006,3,95.00
2025-02-10,SO-007,3,45.00
2025-02-10,SO-008,2,35.00
2025-02-11,FB-001,10,125.00
2025-02-11,FB-002,42,14.00
2025-02-11,FB-003,16,24.00
2025-02-11,FB-004,7,78.00
2025-02-11,FB-005,10,115.00
2025-02-11,FB-007,6,275.00
2025-02-11,FB-008,7,34.00
2025-02-11,FB-009,20,68.00
2025-02-11,HC-001,13,55.00
2025-02-11,HC-002,5,115.00
2025-02-11,HC-003,4,42.00
2025-02-11,HC-004,8,62.00
2025-02-11,HC-005,3,98.00
2025-02-11,HC-007,5,28.00
2025-02-11,HC-008,8,62.00
2025-02-11,HC-009,3,135.00
2025-02-11,HW-001,6,85.00
2025-02-11,HW-002,6,275.00
2025-02-11,HW-003,1,98.00
2025-02-11,HW-005,1,48.00
2025-02-11,HW-007,1,38.00
2025-02-11,HW-010,1,16.00
2025-02-11,PC-001,14,52.00
2025-02-11,PC-002,7,32.00
2025-02-11,PC-003,2,68.00
2025-02-11,PC-004,2,38.00
2025-02-11,PC-005,7,95.00
2025-02-11,PC-006,2,135.00
2025-02-11,PC-007,2,38.00
2025-02-11,PC-009,9,49.00
2025-02-11,SO-001,12,30.00
2025-02-11,SO-002,8,90.00
2025-02-11,SO-003,4,260.00
2025-02-11,SO-004,5,72.00
2025-02-11,SO-005,3,85.00
2025-02-11,SO-006,2,95.00
2025-02-11,SO-008,1,35.00
2025-02-11,SO-009,1,78.00
2025-02-12,FB-001,8,125.00
2025-02-12,FB-002,40,14.00
2025-02-12,FB-003,21,24.00
2025-02-12,FB-004,9,78.00
2025-02-12,FB-005,8,115.00
2025-02-12,FB-006,25,66.00
2025-02-12,FB-007,4,275.00
2025-02-12,FB-008,12,34.00
2025-02-12,FB-009,23,68.00
2025-02-12,HC-001,9,55.00
2025-02-12,HC-002,4,115.00
2025-02-12,HC-003,7,42.00
2025-02-12,HC-004,4,62.00
2025-02-12,HC-005,6,98.00
2025-02-12,HC-006,5,82.00
2025-02-12,HC-007,10,28.00
2025-02-12,HC-008,9,62.00
2025-02-12,HC-009,2,135.00
2025-02-12,HW-001,4,85.00
2025-02-12,HW-002,8,275.00
2025-02-12,HW-005,2,48.00
2025-02-12,PC-001,8,52.00
2025-02-12,PC-002,6,32.00
2025-02-12,PC-003,4,68.00
2025-02-12,PC-004,2,38.00
2025-02-12,PC-005,7,95.00
2025-02-12,PC-006,4,135.00
2025-02-12,PC-007,5,38.00
2025-02-12,PC-008,2,79.00
2025-02-12,PC-009,5,49.00
2025-02-12,SO-001,14,30.00
2025-02-12,SO-002,2,90.00
2025-02-12,SO-003,2,260.00
2025-02-12,SO-004,6,72.00
2025-02-12,SO-005,1,85.00
2025-02-12,SO-006,2,95.00
2025-02-12,SO-007,2,45.00
2025-02-12,SO-009,3,78.00
2025-02-13,FB-001,18,125.00
2025-02-13,FB-002,41,14.00
2025-02-13,FB-003,14,24.00
2025-02-13,FB-004,5,78.00
2025-02-13,FB-005,6,115.00
2025-02-13,FB-006,30,66.00
2025-02-13,FB-007,5,275.00
2025-02-13,FB-008,4,34.00
2025-02-13,FB-009,16,68.00
2025-02-13,HC-001,8,55.00
2025-02-13,HC-002,2,115.00
2025-02-13,HC-003,8,42.00
2025-02-13,HC-004,2,62.00
2025-02-13,HC-005,4,98.00
2025-02-13,HC-006,1,82.00
2025-02-13,HC-007,3,28.00
2025-02-13,HC-008,3,62.00
2025-02-13,HW-001,4,85.00
2025-02-13,HW-002,11,275.00
2025-02-13,HW-003,1,98.00
2025-02-13,HW-004,1,685.00
2025-02-13,HW-006,1,28.00
2025-02-13,HW-007,1,38.00
2025-02-13,HW-008,1,125.00
2025-02-13,HW-010,12,16.00
2025-02-13,PC-001,3,52.00
2025-02-13,PC-002,7,32.00
2025-02-13,PC-003,7,68.00
2025-02-13,PC-004,7,38.00
2025-02-13,PC-005,3,95.00
2025-02-13,PC-006,1,135.00
2025-02-13,PC-007,1,38.00
2025-02-13,PC-008,4,79.00
2025-02-13,PC-009,10,49.00
2025-02-13,SO-001,11,30.00
2025-02-13,SO-002,3,90.00
2025-02-13,SO-004,5,72.00
2025-02-13,SO-005,7,85.00
2025-02-13,SO-006,1,95.00
2025-02-13,SO-007,3,45.00
2025-02-13,SO-008,2,35.00
2025-02-13,SO-009,3,78.00
2025-02-14,FB-001,16,125.00
2025-02-14,FB-002,73,14.00
2025-02-14,FB-003,18,24.00
2025-02-14,FB-004,20,78.00
2025-02-14,FB-005,23,115.00
2025-02-14,FB-006,35,66.00
2025-02-14,FB-007,8,275.00
2025-02-14,FB-008,14,34.00
2025-02-14,FB-009,28,68.00
2025-02-14,HC-001,8,55.00
2025-02-14,HC-002,5,115.00
2025-02-14,HC-003,5,42.00
2025-02-14,HC-004,6,62.00
2025-02-14,HC-005,1,98.00
2025-02-14,HC-006,6,82.00
2025-02-14,HC-007,9,28.00
2025-02-14,HC-008,4,62.00
2025-02-14,HC-009,4,135.00
2025-02-14,HW-001,3,85.00
2025-02-14,HW-002,9,275.00
2025-02-14,HW-003,2,98.00
2025-02-14,HW-004,2,685.00
2025-02-14,HW-005,2,48.00
2025-02-14,HW-007,1,38.00
2025-02-14,HW-010,9,16.00
2025-02-14,PC-001,9,52.00
2025-02-14,PC-002,6,32.00
2025-02-14,PC-003,5,68.00
2025-02-14,PC-004,6,38.00
2025-02-14,PC-005,2,95.00
2025-02-14,PC-006,1,135.00
2025-02-14,PC-007,6,38.00
2025-02-14,PC-008,6,79.00
2025-02-14,PC-009,13,49.00
2025-02-14,SO-001,8,30.00
2025-02-14,SO-002,4,90.00
2025-02-14,SO-003,4,260.00
2025-02-14,SO-004,5,72.00
2025-02-14,SO-005,1,85.00
2025-02-14,SO-006,2,95.00
2025-02-14,SO-007,4,45.00
2025-02-14,SO-008,1,35.00
2025-02-14,SO-009,4,78.00
2025-02-15,FB-001,24,125.00
2025-02-15,FB-002,93,14.00
2025-02-15,FB-003,28,24.00
2025-02-15,FB-004,17,78.00
2025-02-15,FB-005,28,115.00
2025-02-15,FB-006,58,66.00
2025-02-15,FB-007,6,275.00
2025-02-15,FB-008,12,34.00
2025-02-15,FB-009,29,68.00
2025-02-15,HC-001,14,55.00
2025-02-15,HC-002,11,115.00
2025-02-15,HC-003,7,42.00
2025-02-15,HC-004,5,62.00
2025-02-15,HC-005,4,98.00
2025-02-15,HC-006,9,82.00
2025-02-15,HC-007,9,28.00
2025-02-15,HC-008,12,62.00
2025-02-15,HC-009,2,135.00
2025-02-15,HW-001,5,85.00
2025-02-15,HW-002,11,275.00
2025-02-15,HW-004,3,685.00
2025-02-15,HW-006,2,28.00
2025-02-15,HW-007,1,38.00
2025-02-15,HW-010,17,16.00
2025-02-15,PC-001,10,52.00
2025-02-15,PC-002,14,32.00
2025-02-15,PC-003,5,68.00
2025-02-15,PC-004,2,38.00
2025-02-15,PC-005,3,95.00
2025-02-15,PC-006,2,135.00
2025-02-15,PC-007,5,38.00
2025-02-15,PC-008,3,79.00
2025-02-15,PC-009,18,49.00
2025-02-15,SO-001,10,30.00
2025-02-15,SO-002,2,90.00
2025-02-15,SO-003,1,260.00
2025-02-15,SO-004,4,72.00
2025-02-15,SO-005,3,85.00
2025-02-15,SO-007,2,45.00
2025-02-15,SO-008,2,35.00
2025-02-15,SO-009,1,78.00
2025-02-16,FB-001,16,125.00
2025-02-16,FB-002,64,14.00
2025-02-16,FB-003,19,24.00
2025-02-16,FB-004,18,78.00
2025-02-16,FB-005,21,115.00
2025-02-16,FB-006,51,66.00
2025-02-16,FB-007,9,275.00
2025-02-16,FB-008,12,34.00
2025-02-16,FB-009,27,68.00
2025-02-16,HC-001,10,55.00
2025-02-16,HC-002,14,115.00
2025-02-16,HC-003,7,42.00
2025-02-16,HC-004,6,62.00
2025-02-16,HC-005,3,98.00
2025-02-16,HC-006,4,82.00
2025-02-16,HC-007,17,28.00
2025-02-16,HC-008,14,62.00
2025-02-16,HC-009,4,135.00
2025-02-16,HW-001,2,85.00
2025-02-16,HW-002,7,275.00
2025-02-16,HW-003,2,98.00
2025-02-16,HW-005,1,48.00
2025-02-16,HW-006,2,28.00
2025-02-16,HW-008,1,125.00
2025-02-16,HW-010,7,16.00
2025-02-16,PC-001,13,52.00
2025-02-16,PC-002,13,32.00
2025-02-16,PC-003,6,68.00
2025-02-16,PC-004,2,38.00
2025-02-16,PC-005,5,95.00
2025-02-16,PC-006,2,135.00
2025-02-16,PC-007,6,38.00
2025-02-16,PC-008,2,79.00
2025-02-16,PC-009,10,49.00
2025-02-16,SO-001,4,30.00
2025-02-16,SO-003,1,260.00
2025-02-16,SO-004,4,72.00
2025-02-16,SO-005,1,85.00
2025-02-16,SO-006,2,95.00
2025-02-16,SO-007,4,45.00
2025-02-16,SO-008,3,35.00
2025-02-17,FB-001,16,125.00
2025-02-17,FB-002,38,14.00
2025-02-17,FB-003,10,24.00
2025-02-17,FB-004,2,78.00
2025-02-17,FB-005,15,115.00
2025-02-17,FB-006,17,66.00
2025-02-17,FB-007,7,275.00
2025-02-17,FB-008,7,34.00
2025-02-17,FB-009,11,68.00
2025-02-17,HC-001,10,55.00
2025-02-17,HC-002,8,115.00
2025-02-17,HC-003,2,42.00
2025-02-17,HC-004,3,62.00
2025-02-17,HC-005,4,98.00
2025-02-17,HC-006,3,82.00
2025-02-17,HC-007,8,28.00
2025-02-17,HC-008,4,62.00
2025-02-17,HC-009,2,135.00
2025-02-17,HW-001,2,85.00
2025-02-17,HW-002,9,275.00
2025-02-17,HW-003,2,98.00
2025-02-17,HW-004,1,685.00
2025-02-17,HW-006,1,28.00
2025-02-17,HW-007,1,38.00
2025-02-17,HW-008,1,125.00
2025-02-17,HW-010,14,16.00
2025-02-17,PC-001,11,52.00
2025-02-17,PC-002,8,32.00
2025-02-17,PC-003,8,68.00
2025-02-17,PC-004,4,38.00
2025-02-17,PC-005,3,95.00
2025-02-17,PC-006,4,135.00
2025-02-17,PC-007,4,38.00
2025-02-17,PC-008,3,79.00
2025-02-17,PC-009,9,49.00
2025-02-17,SO-001,11,30.00
2025-02-17,SO-002,5,90.00
2025-02-17,SO-003,2,260.00
2025-02-17,SO-004,6,72.00
2025-02-17,SO-005,2,85.00
2025-02-17,SO-006,3,95.00
2025-02-17,SO-008,3,35.00
2025-02-17,SO-009,2,78.00
2025-02-18,FB-001,8,125.00
2025-02-18,FB-002,34,14.00
2025-02-18,FB-003,16,24.00
2025-02-18,FB-004,4,78.00
2025-02-18,FB-005,15,115.00
2025-02-18,FB-006,27,66.00
2025-02-18,FB-007,2,275.00
2025-02-18,FB-008,5,34.00
2025-02-18,FB-009,23,68.00
2025-02-18,HC-001,12,55.00
2025-02-18,HC-002,11,115.00
2025-02-18,HC-003,4,42.00
2025-02-18,HC-004,3,62.00
2025-02-18,HC-005,4,98.00
2025-02-18,HC-007,5,28.00
2025-02-18,HC-008,8,62.00
2025-02-18,HC-009,5,135.00
2025-02-18,HW-001,1,85.00
2025-02-18,HW-002,6,275.00
2025-02-18,HW-003,1,98.00
2025-02-18,HW-004,1,685.00
2025-02-18,HW-005,3,48.00
2025-02-18,HW-006,1,28.00
2025-02-18,HW-010,14,16.00
2025-02-18,PC-001,12,52.00
2025-02-18,PC-002,6,32.00
2025-02-18,PC-003,7,68.00
2025-02-18,PC-004,5,38.00
2025-02-18,PC-005,4,95.00
2025-02-18,PC-006,1,135.00
2025-02-18,PC-007,4,38.00
2025-02-18,PC-008,1,79.00
2025-02-18,PC-009,8,49.00
2025-02-18,SO-001,15,30.00
2025-02-18,SO-002,10,90.00
2025-02-18,SO-003,1,260.00
2025-02-18,SO-004,5,72.00
2025-02-18,SO-005,2,85.00
2025-02-18,SO-006,2,95.00
2025-02-18,SO-007,1,45.00
2025-02-18,SO-008,3,35.00
2025-02-18,SO-009,4,78.00
2025-02-19,FB-001,18,125.00
2025-02-19,FB-002,44,14.00
2025-02-19,FB-003,15,24.00
2025-02-19,FB-004,13,78.00
2025-02-19,FB-005,9,115.00
2025-02-19,FB-006,17,66.00
2025-02-19,FB-007,4,275.00
2025-02-19,FB-008,6,34.00
2025-02-19,FB-009,22,68.00
2025-02-19,HC-001,13,55.00
2025-02-19,HC-002,8,115.00
2025-02-19,HC-003,5,42.00
2025-02-19,HC-004,3,62.00
2025-02-19,HC-005,9,98.00
2025-02-19,HC-006,4,82.00
2025-02-19,HC-007,6,28.00
2025-02-19,HC-008,8,62.00
2025-02-19,HC-009,2,135.00
2025-02-19,HW-001,2,85.00
2025-02-19,HW-003,2,98.00
2025-02-19,HW-004,3,685.00
2025-02-19,HW-007,2,38.00
2025-02-19,HW-010,12,16.00
2025-02-19,PC-001,7,52.00
2025-02-19,PC-002,6,32.00
2025-02-19,PC-003,2,68.00
2025-02-19,PC-004,7,38.00
2025-02-19,PC-005,5,95.00
2025-02-19,PC-006,2,135.00
2025-02-19,PC-007,3,38.00
2025-02-19,PC-008,4,79.00
2025-02-19,PC-009,4,49.00
2025-02-19,SO-001,4,30.00
2025-02-19,SO-002,2,90.00
2025-02-19,SO-003,3,260.00
2025-02-19,SO-004,3,72.00
2025-02-19,SO-005,2,85.00
2025-02-19,SO-006,2,95.00
2025-02-19,SO-007,1,45.00
2025-02-19,SO-008,2,35.00
2025-02-19,SO-009,4,78.00
2025-02-20,FB-001,14,125.00
2025-02-20,FB-002,48,14.00
2025-02-20,FB-003,17,24.00
2025-02-20,FB-004,10,78.00
2025-02-20,FB-005,7,115.00
2025-02-20,FB-006,19,66.00
2025-02-20,FB-007,5,275.00
2025-02-20,FB-008,3,34.00
2025-02-20,FB-009,16,68.00
2025-02-20,HC-001,7,55.00
2025-02-20,HC-002,8,115.00
2025-02-20,HC-003,4,42.00
2025-02-20,HC-004,6,62.00
2025-02-20,HC-005,5,98.00
2025-02-20,HC-006,8,82.00
2025-02-20,HC-007,7,28.00
2025-02-20,HC-008,12,62.00
2025-02-20,HC-009,3,135.00
2025-02-20,HW-001,1,85.00
2025-02-20,HW-004,1,685.00
2025-02-20,HW-005,2,48.00
2025-02-20,HW-006,2,28.00
2025-02-20,HW-008,2,125.00
2025-02-20,HW-010,12,16.00
2025-02-20,PC-001,17,52.00
2025-02-20,PC-002,6,32.00
2025-02-20,PC-003,6,68.00
2025-02-20,PC-004,6,38.00
2025-02-20,PC-005,1,95.00
2025-02-20,PC-006,3,135.00
2025-02-20,PC-007,4,38.00
2025-02-20,PC-008,8,79.00
2025-02-20,PC-009,8,49.00
2025-02-20,SO-001,9,30.00
2025-02-20,SO-002,5,90.00
2025-02-20,SO-003,2,260.00
2025-02-20,SO-004,7,72.00
2025-02-20,SO-006,1,95.00
2025-02-20,SO-008,3,35.00
2025-02-20,SO-009,1,78.00
2025-02-21,FB-001,18,125.00
2025-02-21,FB-002,61,14.00
2025-02-21,FB-003,19,24.00
2025-02-21,FB-004,8,78.00
2025-02-21,FB-005,15,115.00
2025-02-21,FB-006,25,66.00
2025-02-21,FB-007,5,275.00
2025-02-21,FB-008,8,34.00
2025-02-21,FB-009,22,68.00
2025-02-21,HC-001,8,55.00
2025-02-21,HC-002,10,115.00
2025-02-21,HC-003,5,42.00
2025-02-21,HC-004,3,62.00
2025-02-21,HC-005,7,98.00
2025-02-21,HC-006,1,82.00
2025-02-21,HC-007,8,28.00
2025-02-21,HC-008,4,62.00
2025-02-21,HC-009,2,135.00
2025-02-21,HW-003,3,98.00
2025-02-21,HW-005,1,48.00
2025-02-21,HW-006,2,28.00
2025-02-21,HW-007,1,38.00
2025-02-21,HW-010,9,16.00
2025-02-21,PC-001,9,52.00
2025-02-21,PC-002,8,32.00
2025-02-21,PC-003,4,68.00
2025-02-21,PC-005,6,95.00
2025-02-21,PC-006,3,135.00
2025-02-21,PC-007,2,38.00
2025-02-21,PC-008,5,79.00
2025-02-21,PC-009,10,49.00
2025-02-21,SO-001,12,30.00
2025-02-21,SO-002,1,90.00
2025-02-21,SO-003,4,260.00
2025-02-21,SO-004,3,72.00
2025-02-21,SO-005,3,85.00
2025-02-21,SO-007,1,45.00
2025-02-21,SO-008,3,35.00
2025-02-21,SO-009,1,78.00
2025-02-22,FB-001,28,125.00
2025-02-22,FB-002,55,14.00
2025-02-22,FB-003,29,24.00
2025-02-22,FB-004,15,78.00
2025-02-22,FB-005,15,115.00
2025-02-22,FB-006,26,66.00
2025-02-22,FB-007,8,275.00
2025-02-22,FB-008,11,34.00
2025-02-22,FB-009,33,68.00
2025-02-22,HC-001,12,55.00
2025-02-22,HC-002,11,115.00
2025-02-22,HC-003,5,42.00
2025-02-22,HC-004,2,62.00
2025-02-22,HC-005,5,98.00
2025-02-22,HC-006,3,82.00
2025-02-22,HC-007,9,28.00
2025-02-22,HC-008,6,62.00
2025-02-22,HW-001,5,85.00
2025-02-22,HW-002,17,275.00
2025-02-22,HW-003,1,98.00
2025-02-22,HW-004,4,685.00
2025-02-22,HW-005,1,48.00
2025-02-22,HW-006,4,28.00
2025-02-22,HW-010,15,16.00
2025-02-22,PC-001,10,52.00
2025-02-22,PC-002,13,32.00
2025-02-22,PC-003,5,68.00
2025-02-22,PC-004,4,38.00
2025-02-22,PC-005,4,95.00
2025-02-22,PC-007,2,38.00
2025-02-22,PC-008,5,79.00
2025-02-22,PC-009,8,49.00
2025-02-22,SO-001,8,30.00
2025-02-22,SO-002,4,90.00
2025-02-22,SO-003,2,260.00
2025-02-22,SO-004,2,72.00
2025-02-22,SO-005,2,85.00
2025-02-22,SO-006,3,95.00
2025-02-22,SO-008,3,35.00
2025-02-22,SO-009,1,78.00
2025-02-23,FB-001,24,125.00
2025-02-23,FB-002,73,14.00
2025-02-23,FB-003,22,24.00
2025-02-23,FB-004,10,78.00
2025-02-23,FB-005,19,115.00
2025-02-23,FB-006,18,66.00
2025-02-23,FB-007,6,275.00
2025-02-23,FB-008,10,34.00
2025-02-23,FB-009,22,68.00
2025-02-23,HC-001,12,55.00
2025-02-23,HC-002,7,115.00
2025-02-23,HC-003,6,42.00
2025-02-23,HC-004,1,62.00
2025-02-23,HC-005,6,98.00
2025-02-23,HC-006,4,82.00
2025-02-23,HC-007,8,28.00
2025-02-23,HC-008,9,62.00
2025-02-23,HC-009,2,135.00
2025-02-23,HW-002,4,275.00
2025-02-23,HW-010,5,16.00
2025-02-23,PC-001,9,52.00
2025-02-23,PC-002,4,32.00
2025-02-23,PC-003,2,68.00
2025-02-23,PC-004,2,38.00
2025-02-23,PC-005,7,95.00
2025-02-23,PC-006,2,135.00
2025-02-23,PC-007,4,38.00
2025-02-23,PC-008,6,79.00
2025-02-23,PC-009,11,49.00
2025-02-23,SO-001,8,30.00
2025-02-23,SO-002,3,90.00
2025-02-23,SO-003,2,260.00
2025-02-23,SO-004,1,72.00
2025-02-23,SO-006,1,95.00
2025-02-23,SO-007,3,45.00
2025-02-23,SO-008,3,35.00
2025-02-24,FB-001,18,125.00
2025-02-24,FB-002,61,14.00
2025-02-24,FB-003,14,24.00
2025-02-24,FB-004,7,78.00
2025-02-24,FB-005,7,115.00
2025-02-24,FB-006,20,66.00
2025-02-24,FB-007,6,275.00
2025-02-24,FB-008,11,34.00
2025-02-24,FB-009,20,68.00
2025-02-24,HC-001,7,55.00
2025-02-24,HC-002,13,115.00
2025-02-24,HC-003,7,42.00
2025-02-24,HC-004,7,62.00
2025-02-24,HC-005,2,98.00
2025-02-24,HC-006,1,82.00
2025-02-24,HC-007,7,28.00
2025-02-24,HC-008,6,62.00
2025-02-24,HW-001,1,85.00
2025-02-24,HW-002,4,275.00
2025-02-24,HW-003,1,98.00
2025-02-24,HW-006,1,28.00
2025-02-24,HW-007,1,38.00
2025-02-24,HW-010,13,16.00
2025-02-24,PC-001,10,52.00
2025-02-24,PC-002,5,32.00
2025-02-24,PC-003,4,68.00
2025-02-24,PC-004,6,38.00
2025-02-24,PC-005,3,95.00
2025-02-24,PC-006,1,135.00
2025-02-24,PC-007,2,38.00
2025-02-24,PC-008,4,79.00
2025-02-24,PC-009,9,49.00
2025-02-24,SO-001,13,30.00
2025-02-24,SO-002,6,90.00
2025-02-24,SO-003,4,260.00
2025-02-24,SO-004,6,72.00
2025-02-24,SO-005,3,85.00
2025-02-24,SO-006,2,95.00
2025-02-24,SO-007,1,45.00
2025-02-24,SO-008,3,35.00
2025-02-24,SO-009,1,78.00
2025-02-25,FB-001,10,125.00
2025-02-25,FB-002,37,14.00
2025-02-25,FB-003,18,24.00
2025-02-25,FB-004,6,78.00
2025-02-25,FB-005,8,115.00
2025-02-25,FB-006,27,66.00
2025-02-25,FB-007,7,275.00
2025-02-25,FB-008,10,34.00
2025-02-25,FB-009,20,68.00
2025-02-25,HC-001,8,55.00
2025-02-25,HC-002,9,115.00
2025-02-25,HC-003,4,42.00
2025-02-25,HC-004,4,62.00
2025-02-25,HC-005,3,98.00
2025-02-25,HC-006,3,82.00
2025-02-25,HC-007,5,28.00
2025-02-25,HC-008,11,62.00
2025-02-25,HC-009,1,135.00
2025-02-25,HW-001,4,85.00
2025-02-25,HW-002,9,275.00
2025-02-25,HW-003,2,98.00
2025-02-25,HW-004,2,685.00
2025-02-25,HW-006,2,28.00
2025-02-25,HW-007,6,38.00
2025-02-25,HW-010,11,16.00
2025-02-25,PC-001,9,52.00
2025-02-25,PC-002,9,32.00
2025-02-25,PC-003,5,68.00
2025-02-25,PC-004,4,38.00
2025-02-25,PC-005,2,95.00
2025-02-25,PC-007,3,38.00
2025-02-25,PC-008,3,79.00
2025-02-25,PC-009,6,49.00
2025-02-25,SO-001,10,30.00
2025-02-25,SO-002,4,90.00
2025-02-25,SO-003,4,260.00
2025-02-25,SO-004,4,72.00
2025-02-25,SO-005,4,85.00
2025-02-25,SO-006,2,95.00
2025-02-25,SO-007,2,45.00
2025-02-25,SO-008,1,35.00
2025-02-25,SO-009,2,78.00
2025-02-26,FB-001,9,125.00
2025-02-26,FB-002,48,14.00
2025-02-26,FB-003,18,24.00
2025-02-26,FB-004,8,78.00
2025-02-26,FB-005,8,115.00
2025-02-26,FB-006,31,66.00
2025-02-26,FB-007,6,275.00
2025-02-26,FB-008,6,34.00
2025-02-26,FB-009,25,68.00
2025-02-26,HC-001,11,55.00
2025-02-26,HC-002,6,115.00
2025-02-26,HC-003,3,42.00
2025-02-26,HC-004,2,62.00
2025-02-26,HC-005,1,98.00
2025-02-26,HC-006,3,82.00
2025-02-26,HC-007,14,28.00
2025-02-26,HC-008,9,62.00
2025-02-26,HC-009,1,135.00
2025-02-26,HW-002,3,275.00
2025-02-26,HW-003,3,98.00
2025-02-26,HW-004,1,685.00
2025-02-26,HW-006,2,28.00
2025-02-26,HW-007,1,38.00
2025-02-26,PC-001,6,52.00
2025-02-26,PC-002,6,32.00
2025-02-26,PC-003,3,68.00
2025-02-26,PC-004,8,38.00
2025-02-26,PC-005,4,95.00
2025-02-26,PC-006,1,135.00
2025-02-26,PC-007,2,38.00
2025-02-26,PC-008,6,79.00
2025-02-26,PC-009,5,49.00
2025-02-26,SO-001,11,30.00
2025-02-26,SO-002,3,90.00
2025-02-26,SO-003,1,260.00
2025-02-26,SO-004,3,72.00
2025-02-26,SO-005,3,85.00
2025-02-26,SO-006,3,95.00
2025-02-26,SO-007,1,45.00
2025-02-26,SO-008,3,35.00
2025-02-27,FB-001,11,125.00
2025-02-27,FB-002,64,14.00
2025-02-27,FB-003,14,24.00
2025-02-27,FB-004,14,78.00
2025-02-27,FB-005,17,115.00
2025-02-27,FB-006,36,66.00
2025-02-27,FB-007,10,275.00
2025-02-27,FB-008,12,34.00
2025-02-27,FB-009,27,68.00
2025-02-27,HC-001,11,55.00
2025-02-27,HC-002,16,115.00
2025-02-27,HC-003,6,42.00
2025-02-27,HC-004,7,62.00
2025-02-27,HC-005,4,98.00
2025-02-27,HC-007,7,28.00
2025-02-27,HC-008,7,62.00
2025-02-27,HC-009,3,135.00
2025-02-27,HW-001,7,85.00
2025-02-27,HW-002,15,275.00
2025-02-27,HW-005,2,48.00
2025-02-27,HW-010,9,16.00
2025-02-27,PC-001,7,52.00
2025-02-27,PC-002,6,32.00
2025-02-27,PC-003,2,68.00
2025-02-27,PC-004,3,38.00
2025-02-27,PC-005,2,95.00
2025-02-27,PC-006,1,135.00
2025-02-27,PC-007,5,38.00
2025-02-27,PC-008,7,79.00
2025-02-27,PC-009,5,49.00
2025-02-27,SO-001,8,30.00
2025-02-27,SO-002,4,90.00
2025-02-27,SO-003,1,260.00
2025-02-27,SO-004,4,72.00
2025-02-27,SO-005,2,85.00
2025-02-27,SO-006,4,95.00
2025-02-27,SO-007,1,45.00
2025-02-27,SO-009,2,78.00
2025-02-28,FB-001,13,125.00
2025-02-28,FB-002,80,14.00
2025-02-28,FB-003,16,24.00
2025-02-28,FB-004,12,78.00
2025-02-28,FB-005,11,115.00
2025-02-28,FB-006,40,66.00
2025-02-28,FB-007,9,275.00
2025-02-28,FB-008,17,34.00
2025-02-28,FB-009,27,68.00
2025-02-28,HC-001,14,55.00
2025-02-28,HC-002,5,115.00
2025-02-28,HC-004,9,62.00
2025-02-28,HC-005,6,98.00
2025-02-28,HC-006,3,82.00
2025-02-28,HC-007,4,28.00
2025-02-28,HC-008,8,62.00
2025-02-28,HW-001,4,85.00
2025-02-28,HW-002,8,275.00
2025-02-28,HW-003,1,98.00
2025-02-28,HW-004,3,685.00
2025-02-28,HW-005,2,48.00
2025-02-28,HW-006,1,28.00
2025-02-28,HW-007,1,38.00
2025-02-28,HW-010,22,16.00
2025-02-28,PC-001,10,52.00
2025-02-28,PC-002,10,32.00
2025-02-28,PC-003,14,68.00
2025-02-28,PC-004,12,38.00
2025-02-28,PC-005,1,95.00
2025-02-28,PC-006,2,135.00
2025-02-28,PC-007,5,38.00
2025-02-28,PC-008,6,79.00
2025-02-28,PC-009,10,49.00
2025-02-28,SO-001,12,30.00
2025-02-28,SO-002,2,90.00
2025-02-28,SO-003,2,260.00
2025-02-28,SO-004,5,72.00
2025-02-28,SO-005,2,85.00
2025-02-28,SO-006,2,95.00
2025-02-28,SO-007,1,45.00
2025-02-28,SO-008,2,35.00
2025-02-28,SO-009,1,78.00
2025-03-01,FB-001,23,125.00
2025-03-01,FB-002,88,14.00
2025-03-01,FB-003,25,24.00
2025-03-01,FB-004,16,78.00
2025-03-01,FB-005,11,115.00
2025-03-01,FB-006,43,66.00
2025-03-01,FB-007,14,275.00
2025-03-01,FB-008,8,34.00
2025-03-01,FB-009,44,68.00
2025-03-01,HC-001,14,55.00
2025-03-01,HC-002,12,115.00
2025-03-01,HC-003,5,42.00
2025-03-01,HC-004,7,62.00
2025-03-01,HC-005,5,98.00
2025-03-01,HC-006,3,82.00
2025-03-01,HC-007,11,28.00
2025-03-01,HC-008,11,62.00
2025-03-01,HC-009,3,135.00
2025-03-01,HW-001,7,85.00
2025-03-01,HW-003,3,98.00
2025-03-01,HW-004,1,685.00
2025-03-01,HW-006,2,28.00
2025-03-01,HW-008,1,125.00
2025-03-01,HW-010,29,16.00
2025-03-01,PC-001,17,52.00
2025-03-01,PC-002,10,32.00
2025-03-01,PC-003,4,68.00
2025-03-01,PC-004,4,38.00
2025-03-01,PC-005,3,95.00
2025-03-01,PC-006,3,135.00
2025-03-01,PC-007,3,38.00
2025-03-01,PC-008,1,79.00
2025-03-01,PC-009,8,49.00
2025-03-01,SO-001,9,30.00
2025-03-01,SO-002,4,90.00
2025-03-01,SO-003,1,260.00
2025-03-01,SO-004,7,72.00
2025-03-01,SO-006,2,95.00
2025-03-01,SO-007,1,45.00
2025-03-01,SO-008,1,35.00
2025-03-02,FB-001,13,125.00
2025-03-02,FB-002,54,14.00
2025-03-02,FB-003,13,24.00
2025-03-02,FB-004,8,78.00
2025-03-02,FB-005,7,115.00
2025-03-02,FB-006,24,66.00
2025-03-02,FB-007,9,275.00
2025-03-02,FB-008,8,34.00
2025-03-02,FB-009,35,68.00
2025-03-02,HC-001,17,55.00
2025-03-02,HC-002,7,115.00
2025-03-02,HC-003,1,42.00
2025-03-02,HC-004,4,62.00
2025-03-02,HC-005,5,98.00
2025-03-02,HC-006,4,82.00
2025-03-02,HC-007,8,28.00
2025-03-02,HC-008,13,62.00
2025-03-02,HC-009,6,135.00
2025-03-02,HW-001,1,85.00
2025-03-02,HW-004,2,685.00
2025-03-02,HW-010,14,16.00
2025-03-02,PC-001,13,52.00
2025-03-02,PC-002,9,32.00
2025-03-02,PC-003,4,68.00
2025-03-02,PC-004,5,38.00
2025-03-02,PC-005,4,95.00
2025-03-02,PC-006,2,135.00
2025-03-02,PC-007,3,38.00
2025-03-02,PC-008,4,79.00
2025-03-02,PC-009,7,49.00
2025-03-02,SO-001,7,30.00
2025-03-02,SO-002,3,90.00
2025-03-02,SO-003,3,260.00
2025-03-02,SO-004,4,72.00
2025-03-02,SO-005,1,85.00
2025-03-02,SO-006,3,95.00
2025-03-02,SO-007,1,45.00
2025-03-02,SO-008,5,35.00
2025-03-03,FB-001,19,125.00
2025-03-03,FB-002,52,14.00
2025-03-03,FB-003,16,24.00
2025-03-03,FB-004,5,78.00
2025-03-03,FB-005,7,115.00
2025-03-03,FB-006,21,66.00
2025-03-03,FB-007,4,275.00
2025-03-03,FB-008,8,34.00
2025-03-03,FB-009,15,68.00
2025-03-03,HC-001,16,55.00
2025-03-03,HC-002,6,115.00
2025-03-03,HC-003,4,42.00
2025-03-03,HC-004,4,62.00
2025-03-03,HC-005,4,98.00
2025-03-03,HC-006,1,82.00
2025-03-03,HC-007,2,28.00
2025-03-03,HC-008,7,62.00
2025-03-03,HC-009,1,135.00
2025-03-03,HW-001,4,85.00
2025-03-03,HW-002,8,275.00
2025-03-03,HW-003,1,98.00
2025-03-03,HW-006,1,28.00
2025-03-03,HW-007,1,38.00
2025-03-03,HW-008,1,125.00
2025-03-03,HW-010,16,16.00
2025-03-03,PC-001,19,52.00
2025-03-03,PC-002,5,32.00
2025-03-03,PC-003,2,68.00
2025-03-03,PC-004,11,38.00
2025-03-03,PC-005,1,95.00
2025-03-03,PC-007,4,38.00
2025-03-03,PC-008,4,79.00
2025-03-03,PC-009,6,49.00
2025-03-03,SO-001,12,30.00
2025-03-03,SO-002,4,90.00
2025-03-03,SO-004,6,72.00
2025-03-03,SO-005,3,85.00
2025-03-03,SO-006,3,95.00
2025-03-03,SO-007,2,45.00
2025-03-03,SO-008,3,35.00
2025-03-03,SO-009,3,78.00
2025-03-04,FB-001,9,125.00
2025-03-04,FB-002,49,14.00
2025-03-04,FB-003,23,24.00
2025-03-04,FB-004,6,78.00
2025-03-04,FB-005,11,115.00
2025-03-04,FB-006,19,66.00
2025-03-04,FB-007,8,275.00
2025-03-04,FB-008,6,34.00
2025-03-04,FB-009,24,68.00
2025-03-04,HC-001,10,55.00
2025-03-04,HC-002,9,115.00
2025-03-04,HC-003,5,42.00
2025-03-04,HC-005,5,98.00
2025-03-04,HC-006,1,82.00
2025-03-04,HC-007,5,28.00
2025-03-04,HC-008,7,62.00
2025-03-04,HW-001,2,85.00
2025-03-04,HW-002,7,275.00
2025-03-04,HW-004,1,685.00
2025-03-04,HW-005,3,48.00
2025-03-04,HW-006,1,28.00
2025-03-04,HW-008,1,125.00
2025-03-04,HW-010,11,16.00
2025-03-04,PC-001,10,52.00
2025-03-04,PC-002,5,32.00
2025-03-04,PC-003,3,68.00
2025-03-04,PC-005,3,95.00
2025-03-04,PC-006,6,135.00
2025-03-04,PC-007,2,38.00
2025-03-04,PC-008,3,79.00
2025-03-04,PC-009,10,49.00
2025-03-04,SO-001,13,30.00
2025-03-04,SO-002,1,90.00
2025-03-04,SO-003,4,260.00
2025-03-04,SO-004,3,72.00
2025-03-04,SO-005,3,85.00
2025-03-04,SO-006,2,95.00
2025-03-04,SO-007,1,45.00
2025-03-04,SO-008,4,35.00
2025-03-05,FB-001,15,125.00
2025-03-05,FB-002,49,14.00
2025-03-05,FB-003,22,24.00
2025-03-05,FB-004,5,78.00
2025-03-05,FB-005,14,115.00
2025-03-05,FB-006,15,66.00
2025-03-05,FB-007,9,275.00
2025-03-05,FB-008,13,34.00
2025-03-05,FB-009,23,68.00
2025-03-05,HC-001,14,55.00
2025-03-05,HC-002,4,115.00
2025-03-05,HC-003,5,42.00
2025-03-05,HC-004,2,62.00
2025-03-05,HC-005,3,98.00
2025-03-05,HC-007,8,28.00
2025-03-05,HC-008,10,62.00
2025-03-05,HC-009,4,135.00
2025-03-05,HW-001,5,85.00
2025-03-05,HW-002,8,275.00
2025-03-05,HW-003,4,98.00
2025-03-05,HW-004,1,685.00
2025-03-05,HW-005,3,48.00
2025-03-05,HW-006,1,28.00
2025-03-05,HW-007,2,38.00
2025-03-05,HW-008,2,125.00
2025-03-05,HW-010,17,16.00
2025-03-05,PC-001,14,52.00
2025-03-05,PC-002,3,32.00
2025-03-05,PC-003,3,68.00
2025-03-05,PC-004,7,38.00
2025-03-05,PC-005,4,95.00
2025-03-05,PC-006,1,135.00
2025-03-05,PC-007,5,38.00
2025-03-05,PC-008,2,79.00
2025-03-05,PC-009,1,49.00
2025-03-05,SO-001,17,30.00
2025-03-05,SO-002,4,90.00
2025-03-05,SO-003,3,260.00
2025-03-05,SO-004,6,72.00
2025-03-05,SO-005,4,85.00
2025-03-05,SO-006,2,95.00
2025-03-05,SO-007,3,45.00
2025-03-05,SO-008,4,35.00
2025-03-05,SO-009,1,78.00
2025-03-06,FB-001,11,125.00
2025-03-06,FB-002,58,14.00
2025-03-06,FB-003,17,24.00
2025-03-06,FB-004,7,78.00
2025-03-06,FB-005,5,115.00
2025-03-06,FB-006,19,66.00
2025-03-06,FB-007,6,275.00
2025-03-06,FB-008,4,34.00
2025-03-06,FB-009,20,68.00
2025-03-06,HC-001,8,55.00
2025-03-06,HC-002,11,115.00
2025-03-06,HC-003,6,42.00
2025-03-06,HC-004,5,62.00
2025-03-06,HC-005,4,98.00
2025-03-06,HC-006,5,82.00
2025-03-06,HC-007,9,28.00
2025-03-06,HC-008,6,62.00
2025-03-06,HC-009,7,135.00
2025-03-06,HW-001,2,85.00
2025-03-06,HW-002,5,275.00
2025-03-06,HW-005,1,48.00
2025-03-06,HW-006,1,28.00
2025-03-06,HW-007,2,38.00
2025-03-06,HW-008,1,125.00
2025-03-06,HW-010,16,16.00
2025-03-06,PC-001,11,52.00
2025-03-06,PC-002,9,32.00
2025-03-06,PC-003,8,68.00
2025-03-06,PC-004,1,38.00
2025-03-06,PC-005,5,95.00
2025-03-06,PC-006,1,135.00
2025-03-06,PC-007,2,38.00
2025-03-06,PC-008,5,79.00
2025-03-06,PC-009,8,49.00
2025-03-06,SO-001,13,30.00
2025-03-06,SO-002,3,90.00
2025-03-06,SO-003,1,260.00
2025-03-06,SO-004,6,72.00
2025-03-06,SO-005,1,85.00
2025-03-06,SO-006,1,95.00
2025-03-06,SO-008,2,35.00
2025-03-06,SO-009,3,78.00
2025-03-07,FB-001,14,125.00
2025-03-07,FB-002,46,14.00
2025-03-07,FB-003,15,24.00
2025-03-07,FB-004,6,78.00
2025-03-07,FB-005,14,115.00
2025-03-07,FB-006,24,66.00
2025-03-07,FB-007,6,275.00
2025-03-07,FB-008,8,34.00
2025-03-07,FB-009,23,68.00
2025-03-07,HC-001,14,55.00
2025-03-07,HC-002,14,115.00
2025-03-07,HC-003,8,42.00
2025-03-07,HC-004,6,62.00
2025-03-07,HC-005,7,98.00
2025-03-07,HC-007,13,28.00
2025-03-07,HC-008,14,62.00
2025-03-07,HC-009,4,135.00
2025-03-07,HW-001,2,85.00
2025-03-07,HW-002,10,275.00
2025-03-07,HW-003,1,98.00
2025-03-07,HW-006,1,28.00
2025-03-07,HW-007,2,38.00
2025-03-07,HW-010,9,16.00
2025-03-07,PC-001,8,52.00
2025-03-07,PC-002,6,32.00
2025-03-07,PC-003,4,68.00
2025-03-07,PC-004,3,38.00
2025-03-07,PC-005,4,95.00
2025-03-07,PC-006,2,135.00
2025-03-07,PC-007,3,38.00
2025-03-07,PC-008,3,79.00
2025-03-07,PC-009,6,49.00
2025-03-07,SO-001,16,30.00
2025-03-07,SO-002,2,90.00
2025-03-07,SO-004,5,72.00
2025-03-07,SO-005,4,85.00
2025-03-07,SO-006,2,95.00
2025-03-07,SO-007,6,45.00
2025-03-07,SO-008,1,35.00
2025-03-07,SO-009,3,78.00
2025-03-08,FB-001,15,125.00
2025-03-08,FB-002,66,14.00
2025-03-08,FB-003,26,24.00
2025-03-08,FB-004,9,78.00
2025-03-08,FB-005,9,115.00
2025-03-08,FB-006,25,66.00
2025-03-08,FB-007,12,275.00
2025-03-08,FB-008,4,34.00
2025-03-08,FB-009,40,68.00
2025-03-08,HC-001,11,55.00
2025-03-08,HC-002,14,115.00
2025-03-08,HC-003,4,42.00
2025-03-08,HC-004,7,62.00
2025-03-08,HC-005,7,98.00
2025-03-08,HC-006,1,82.00
2025-03-08,HC-007,10,28.00
2025-03-08,HC-008,16,62.00
2025-03-08,HC-009,3,135.00
2025-03-08,HW-001,7,85.00
2025-03-08,HW-002,10,275.00
2025-03-08,HW-003,5,98.00
2025-03-08,HW-004,2,685.00
2025-03-08,HW-005,2,48.00
2025-03-08,HW-006,1,28.00
2025-03-08,HW-010,10,16.00
2025-03-08,PC-001,10,52.00
2025-03-08,PC-002,6,32.00
2025-03-08,PC-003,5,68.00
2025-03-08,PC-004,5,38.00
2025-03-08,PC-005,3,95.00
2025-03-08,PC-006,1,135.00
2025-03-08,PC-007,3,38.00
2025-03-08,PC-008,6,79.00
2025-03-08,PC-009,8,49.00
2025-03-08,SO-001,13,30.00
2025-03-08,SO-003,3,260.00
2025-03-08,SO-004,4,72.00
2025-03-08,SO-005,2,85.00
2025-03-08,SO-006,1,95.00
2025-03-08,SO-008,1,35.00
2025-03-09,FB-001,13,125.00
2025-03-09,FB-002,51,14.00
2025-03-09,FB-003,24,24.00
2025-03-09,FB-004,9,78.00
2025-03-09,FB-005,7,115.00
2025-03-09,FB-006,19,66.00
2025-03-09,FB-007,13,275.00
2025-03-09,FB-008,8,34.00
2025-03-09,FB-009,23,68.00
2025-03-09,HC-001,14,55.00
2025-03-09,HC-002,7,115.00
2025-03-09,HC-003,6,42.00
2025-03-09,HC-004,5,62.00
2025-03-09,HC-005,2,98.00
2025-03-09,HC-006,2,82.00
2025-03-09,HC-007,6,28.00
2025-03-09,HC-008,2,62.00
2025-03-09,HC-009,2,135.00
2025-03-09,HW-002,3,275.00
2025-03-09,HW-006,1,28.00
2025-03-09,HW-010,6,16.00
2025-03-09,PC-001,5,52.00
2025-03-09,PC-002,6,32.00
2025-03-09,PC-003,9,68.00
2025-03-09,PC-004,8,38.00
2025-03-09,PC-005,5,95.00
2025-03-09,PC-006,2,135.00
2025-03-09,PC-007,4,38.00
2025-03-09,PC-008,7,79.00
2025-03-09,PC-009,7,49.00
2025-03-09,SO-001,2,30.00
2025-03-09,SO-002,2,90.00
2025-03-09,SO-003,1,260.00
2025-03-09,SO-004,4,72.00
2025-03-09,SO-006,1,95.00
2025-03-09,SO-007,1,45.00
2025-03-09,SO-008,2,35.00
2025-03-09,SO-009,1,78.00
2025-03-10,FB-001,12,125.00
2025-03-10,FB-002,49,14.00
2025-03-10,FB-003,16,24.00
2025-03-10,FB-004,8,78.00
2025-03-10,FB-005,11,115.00
2025-03-10,FB-006,23,66.00
2025-03-10,FB-007,7,275.00
2025-03-10,FB-008,5,34.00
2025-03-10,FB-009,30,68.00
2025-03-10,HC-001,15,55.00
2025-03-10,HC-002,6,115.00
2025-03-10,HC-003,3,42.00
2025-03-10,HC-004,4,62.00
2025-03-10,HC-005,4,98.00
2025-03-10,HC-006,2,82.00
2025-03-10,HC-007,6,28.00
2025-03-10,HC-008,7,62.00
2025-03-10,HW-001,5,85.00
2025-03-10,HW-002,7,275.00
2025-03-10,HW-003,1,98.00
2025-03-10,HW-004,2,685.00
2025-03-10,HW-005,2,48.00
2025-03-10,HW-006,1,28.00
2025-03-10,HW-008,3,125.00
2025-03-10,HW-010,9,16.00
2025-03-10,PC-001,5,52.00
2025-03-10,PC-002,4,32.00
2025-03-10,PC-003,4,68.00
2025-03-10,PC-004,8,38.00
2025-03-10,PC-005,2,95.00
2025-03-10,PC-006,2,135.00
2025-03-10,PC-007,1,38.00
2025-03-10,PC-008,6,79.00
2025-03-10,PC-009,4,49.00
2025-03-10,SO-001,13,30.00
2025-03-10,SO-003,2,260.00
2025-03-10,SO-004,9,72.00
2025-03-10,SO-005,1,85.00
2025-03-10,SO-006,5,95.00
2025-03-10,SO-007,3,45.00
2025-03-10,SO-008,9,35.00
2025-03-10,SO-009,1,78.00
2025-03-11,FB-001,15,125.00
2025-03-11,FB-002,40,14.00
2025-03-11,FB-003,16,24.00
2025-03-11,FB-004,7,78.00
2025-03-11,FB-005,9,115.00
2025-03-11,FB-006,34,66.00
2025-03-11,FB-007,5,275.00
2025-03-11,FB-008,6,34.00
2025-03-11,FB-009,20,68.00
2025-03-11,HC-001,8,55.00
2025-03-11,HC-002,2,115.00
2025-03-11,HC-003,3,42.00
2025-03-11,HC-004,5,62.00
2025-03-11,HC-005,3,98.00
2025-03-11,HC-006,2,82.00
2025-03-11,HC-007,7,28.00
2025-03-11,HC-008,5,62.00
2025-03-11,HC-009,2,135.00
2025-03-11,HW-001,4,85.00
2025-03-11,HW-002,7,275.00
2025-03-11,HW-003,1,98.00
2025-03-11,HW-004,1,685.00
2025-03-11,HW-005,2,48.00
2025-03-11,HW-006,1,28.00
2025-03-11,HW-007,1,38.00
2025-03-11,HW-008,1,125.00
2025-03-11,HW-010,17,16.00
2025-03-11,PC-001,17,52.00
2025-03-11,PC-002,6,32.00
2025-03-11,PC-003,8,68.00
2025-03-11,PC-004,6,38.00
2025-03-11,PC-005,2,95.00
2025-03-11,PC-007,5,38.00
2025-03-11,PC-008,2,79.00
2025-03-11,PC-009,5,49.00
2025-03-11,SO-001,14,30.00
2025-03-11,SO-002,5,90.00
2025-03-11,SO-003,1,260.00
2025-03-11,SO-004,8,72.00
2025-03-11,SO-005,2,85.00
2025-03-11,SO-007,2,45.00
2025-03-11,SO-008,6,35.00
2025-03-11,SO-009,1,78.00
2025-03-12,FB-001,13,125.00
2025-03-12,FB-002,45,14.00
2025-03-12,FB-003,17,24.00
2025-03-12,FB-004,6,78.00
2025-03-12,FB-005,12,115.00
2025-03-12,FB-006,29,66.00
2025-03-12,FB-007,9,275.00
2025-03-12,FB-008,12,34.00
2025-03-12,FB-009,27,68.00
2025-03-12,HC-001,7,55.00
2025-03-12,HC-002,9,115.00
2025-03-12,HC-003,2,42.00
2025-03-12,HC-004,7,62.00
2025-03-12,HC-005,3,98.00
2025-03-12,HC-006,2,82.00
2025-03-12,HC-007,4,28.00
2025-03-12,HC-008,3,62.00
2025-03-12,HC-009,1,135.00
2025-03-12,HW-001,6,85.00
2025-03-12,HW-002,4,275.00
2025-03-12,HW-003,1,98.00
2025-03-12,HW-004,2,685.00
2025-03-12,HW-005,1,48.00
2025-03-12,HW-006,1,28.00
2025-03-12,HW-007,1,38.00
2025-03-12,HW-010,16,16.00
2025-03-12,PC-001,10,52.00
2025-03-12,PC-002,13,32.00
2025-03-12,PC-003,5,68.00
2025-03-12,PC-005,2,95.00
2025-03-12,PC-006,1,135.00
2025-03-12,PC-007,4,38.00
2025-03-12,PC-008,6,79.00
2025-03-12,PC-009,6,49.00
2025-03-12,SO-001,21,30.00
2025-03-12,SO-002,5,90.00
2025-03-12,SO-003,3,260.00
2025-03-12,SO-004,4,72.00
2025-03-12,SO-005,4,85.00
2025-03-12,SO-006,4,95.00
2025-03-12,SO-008,5,35.00
2025-03-12,SO-009,2,78.00
2025-03-13,FB-001,21,125.00
2025-03-13,FB-002,40,14.00
2025-03-13,FB-003,14,24.00
2025-03-13,FB-004,4,78.00
2025-03-13,FB-005,7,115.00
2025-03-13,FB-006,31,66.00
2025-03-13,FB-007,4,275.00
2025-03-13,FB-008,9,34.00
2025-03-13,FB-009,25,68.00
2025-03-13,HC-001,9,55.00
2025-03-13,HC-002,12,115.00
2025-03-13,HC-003,5,42.00
2025-03-13,HC-004,2,62.00
2025-03-13,HC-005,4,98.00
2025-03-13,HC-006,5,82.00
2025-03-13,HC-007,5,28.00
2025-03-13,HC-008,6,62.00
2025-03-13,HC-009,1,135.00
2025-03-13,HW-001,2,85.00
2025-03-13,HW-002,6,275.00
2025-03-13,HW-003,1,98.00
2025-03-13,HW-005,3,48.00
2025-03-13,HW-006,1,28.00
2025-03-13,HW-008,2,125.00
2025-03-13,HW-010,12,16.00
2025-03-13,PC-001,13,52.00
2025-03-13,PC-002,6,32.00
2025-03-13,PC-003,9,68.00
2025-03-13,PC-004,5,38.00
2025-03-13,PC-005,1,95.00
2025-03-13,PC-006,1,135.00
2025-03-13,PC-007,3,38.00
2025-03-13,PC-008,3,79.00
2025-03-13,PC-009,3,49.00
2025-03-13,SO-001,12,30.00
2025-03-13,SO-002,1,90.00
2025-03-13,SO-004,8,72.00
2025-03-13,SO-005,3,85.00
2025-03-13,SO-006,2,95.00
2025-03-13,SO-007,1,45.00
2025-03-13,SO-008,3,35.00
2025-03-13,SO-009,4,78.00
2025-03-14,FB-001,23,125.00
2025-03-14,FB-002,72,14.00
2025-03-14,FB-003,30,24.00
2025-03-14,FB-004,11,78.00
2025-03-14,FB-005,11,115.00
2025-03-14,FB-006,41,66.00
2025-03-14,FB-007,7,275.00
2025-03-14,FB-008,8,34.00
2025-03-14,FB-009,28,68.00
2025-03-14,HC-001,12,55.00
2025-03-14,HC-002,5,115.00
2025-03-14,HC-003,3,42.00
2025-03-14,HC-004,8,62.00
2025-03-14,HC-005,8,98.00
2025-03-14,HC-006,3,82.00
2025-03-14,HC-007,11,28.00
2025-03-14,HC-008,5,62.00
2025-03-14,HC-009,5,135.00
2025-03-14,HW-001,2,85.00
2025-03-14,HW-002,8,275.00
2025-03-14,HW-003,4,98.00
2025-03-14,HW-004,1,685.00
2025-03-14,HW-006,3,28.00
2025-03-14,HW-010,14,16.00
2025-03-14,PC-001,12,52.00
2025-03-14,PC-002,8,32.00
2025-03-14,PC-003,5,68.00
2025-03-14,PC-004,6,38.00
2025-03-14,PC-005,6,95.00
2025-03-14,PC-006,2,135.00
2025-03-14,PC-007,7,38.00
2025-03-14,PC-008,3,79.00
2025-03-14,PC-009,5,49.00
2025-03-14,SO-001,5,30.00
2025-03-14,SO-002,3,90.00
2025-03-14,SO-003,4,260.00
2025-03-14,SO-004,3,72.00
2025-03-14,SO-005,2,85.00
2025-03-14,SO-008,4,35.00
2025-03-14,SO-009,3,78.00
2025-03-15,FB-001,25,125.00
2025-03-15,FB-002,86,14.00
2025-03-15,FB-003,40,24.00
2025-03-15,FB-004,12,78.00
2025-03-15,FB-005,17,115.00
2025-03-15,FB-006,61,66.00
2025-03-15,FB-007,13,275.00
2025-03-15,FB-008,16,34.00
2025-03-15,FB-009,40,68.00
2025-03-15,HC-001,13,55.00
2025-03-15,HC-002,9,115.00
2025-03-15,HC-003,7,42.00
2025-03-15,HC-004,4,62.00
2025-03-15,HC-005,5,98.00
2025-03-15,HC-006,4,82.00
2025-03-15,HC-007,12,28.00
2025-03-15,HC-008,9,62.00
2025-03-15,HC-009,4,135.00
2025-03-15,HW-001,6,85.00
2025-03-15,HW-002,15,275.00
2025-03-15,HW-003,3,98.00
2025-03-15,HW-004,1,685.00
2025-03-15,HW-005,1,48.00
2025-03-15,HW-006,2,28.00
2025-03-15,HW-007,1,38.00
2025-03-15,HW-008,2,125.00
2025-03-15,HW-010,23,16.00
2025-03-15,PC-001,10,52.00
2025-03-15,PC-002,8,32.00
2025-03-15,PC-003,9,68.00
2025-03-15,PC-004,6,38.00
2025-03-15,PC-005,4,95.00
2025-03-15,PC-006,2,135.00
2025-03-15,PC-007,5,38.00
2025-03-15,PC-008,9,79.00
2025-03-15,PC-009,10,49.00
2025-03-15,SO-001,3,30.00
2025-03-15,SO-002,4,90.00
2025-03-15,SO-004,4,72.00
2025-03-15,SO-005,4,85.00
2025-03-15,SO-006,1,95.00
2025-03-15,SO-008,7,35.00
2025-03-16,FB-001,19,125.00
2025-03-16,FB-002,65,14.00
2025-03-16,FB-003,29,24.00
2025-03-16,FB-004,13,78.00
2025-03-16,FB-005,14,115.00
2025-03-16,FB-006,46,66.00
2025-03-16,FB-007,9,275.00
2025-03-16,FB-008,9,34.00
2025-03-16,FB-009,46,68.00
2025-03-16,HC-001,23,55.00
2025-03-16,HC-002,7,115.00
2025-03-16,HC-003,7,42.00
2025-03-16,HC-004,5,62.00
2025-03-16,HC-005,9,98.00
2025-03-16,HC-006,1,82.00
2025-03-16,HC-007,6,28.00
2025-03-16,HC-008,16,62.00
2025-03-16,HC-009,5,135.00
2025-03-16,HW-001,2,85.00
2025-03-16,HW-002,4,275.00
2025-03-16,HW-004,1,685.00
2025-03-16,HW-007,1,38.00
2025-03-16,HW-010,10,16.00
2025-03-16,PC-001,12,52.00
2025-03-16,PC-002,7,32.00
2025-03-16,PC-003,11,68.00
2025-03-16,PC-004,4,38.00
2025-03-16,PC-005,1,95.00
2025-03-16,PC-006,3,135.00
2025-03-16,PC-007,7,38.00
2025-03-16,PC-008,4,79.00
2025-03-16,PC-009,5,49.00
2025-03-16,SO-001,12,30.00
2025-03-16,SO-002,1,90.00
2025-03-16,SO-005,1,85.00
2025-03-16,SO-006,1,95.00
2025-03-16,SO-007,1,45.00
2025-03-16,SO-008,4,35.00
2025-03-16,SO-009,1,78.00
2025-03-17,FB-001,20,125.00
2025-03-17,FB-002,33,14.00
2025-03-17,FB-003,17,24.00
2025-03-17,FB-004,8,78.00
2025-03-17,FB-005,5,115.00
2025-03-17,FB-006,23,66.00
2025-03-17,FB-007,4,275.00
2025-03-17,FB-008,18,34.00
2025-03-17,FB-009,6,68.00
2025-03-17,HC-001,7,55.00
2025-03-17,HC-002,3,115.00
2025-03-17,HC-003,2,42.00
2025-03-17,HC-004,8,62.00
2025-03-17,HC-005,5,98.00
2025-03-17,HC-006,3,82.00
2025-03-17,HC-007,7,28.00
2025-03-17,HC-008,9,62.00
2025-03-17,HC-009,1,135.00
2025-03-17,HW-001,5,85.00
2025-03-17,HW-002,7,275.00
2025-03-17,HW-003,1,98.00
2025-03-17,HW-004,1,685.00
2025-03-17,HW-005,4,48.00
2025-03-17,HW-006,4,28.00
2025-03-17,HW-007,1,38.00
2025-03-17,HW-008,1,125.00
2025-03-17,HW-010,14,16.00
2025-03-17,PC-001,9,52.00
2025-03-17,PC-002,9,32.00
2025-03-17,PC-003,4,68.00
2025-03-17,PC-004,5,38.00
2025-03-17,PC-005,4,95.00
2025-03-17,PC-006,1,135.00
2025-03-17,PC-007,5,38.00
2025-03-17,PC-008,3,79.00
2025-03-17,PC-009,3,49.00
2025-03-17,SO-001,14,30.00
2025-03-17,SO-002,2,90.00
2025-03-17,SO-003,3,260.00
2025-03-17,SO-004,4,72.00
2025-03-17,SO-005,4,85.00
2025-03-17,SO-006,4,95.00
2025-03-17,SO-008,4,35.00
2025-03-17,SO-009,4,78.00
2025-03-18,FB-001,18,125.00
2025-03-18,FB-002,45,14.00
2025-03-18,FB-003,22,24.00
2025-03-18,FB-004,8,78.00
2025-03-18,FB-005,14,115.00
2025-03-18,FB-006,30,66.00
2025-03-18,FB-007,10,275.00
2025-03-18,FB-008,8,34.00
2025-03-18,HC-001,12,55.00
2025-03-18,HC-002,6,115.00
2025-03-18,HC-003,5,42.00
2025-03-18,HC-004,5,62.00
2025-03-18,HC-005,4,98.00
2025-03-18,HC-006,2,82.00
2025-03-18,HC-007,9,28.00
2025-03-18,HC-008,9,62.00
2025-03-18,HC-009,3,135.00
2025-03-18,HW-001,2,85.00
2025-03-18,HW-002,5,275.00
2025-03-18,HW-006,3,28.00
2025-03-18,HW-007,1,38.00
2025-03-18,HW-010,14,16.00
2025-03-18,PC-001,12,52.00
2025-03-18,PC-002,10,32.00
2025-03-18,PC-003,5,68.00
2025-03-18,PC-005,2,95.00
2025-03-18,PC-006,3,135.00
2025-03-18,PC-007,3,38.00
2025-03-18,PC-009,2,49.00
2025-03-18,SO-001,16,30.00
2025-03-18,SO-002,4,90.00
2025-03-18,SO-003,5,260.00
2025-03-18,SO-004,3,72.00
2025-03-18,SO-005,1,85.00
2025-03-18,SO-007,3,45.00
2025-03-18,SO-009,2,78.00
2025-03-19,FB-001,13,125.00
2025-03-19,FB-002,40,14.00
2025-03-19,FB-003,19,24.00
2025-03-19,FB-004,11,78.00
2025-03-19,FB-005,12,115.00
2025-03-19,FB-006,33,66.00
2025-03-19,FB-007,7,275.00
2025-03-19,FB-008,10,34.00
2025-03-19,FB-009,29,68.00
2025-03-19,HC-001,5,55.00
2025-03-19,HC-002,4,115.00
2025-03-19,HC-003,6,42.00
2025-03-19,HC-004,5,62.00
2025-03-19,HC-005,2,98.00
2025-03-19,HC-006,4,82.00
2025-03-19,HC-007,5,28.00
2025-03-19,HC-008,6,62.00
2025-03-19,HC-009,5,135.00
2025-03-19,HW-001,7,85.00
2025-03-19,HW-002,5,275.00
2025-03-19,HW-003,1,98.00
2025-03-19,HW-005,1,48.00
2025-03-19,HW-006,4,28.00
2025-03-19,HW-007,1,38.00
2025-03-19,HW-008,1,125.00
2025-03-19,HW-010,14,16.00
2025-03-19,PC-001,13,52.00
2025-03-19,PC-002,9,32.00
2025-03-19,PC-003,8,68.00
2025-03-19,PC-004,2,38.00
2025-03-19,PC-005,6,95.00
2025-03-19,PC-006,2,135.00
2025-03-19,PC-007,3,38.00
2025-03-19,PC-009,4,49.00
2025-03-19,SO-001,12,30.00
2025-03-19,SO-002,3,90.00
2025-03-19,SO-003,5,260.00
2025-03-19,SO-004,6,72.00
2025-03-19,SO-005,3,85.00
2025-03-19,SO-006,1,95.00
2025-03-19,SO-008,1,35.00
2025-03-19,SO-009,2,78.00
2025-03-20,FB-001,14,125.00
2025-03-20,FB-002,57,14.00
2025-03-20,FB-003,24,24.00
2025-03-20,FB-004,5,78.00
2025-03-20,FB-005,14,115.00
2025-03-20,FB-006,32,66.00
2025-03-20,FB-007,4,275.00
2025-03-20,FB-008,8,34.00
2025-03-20,FB-009,16,68.00
2025-03-20,HC-001,16,55.00
2025-03-20,HC-002,9,115.00
2025-03-20,HC-003,3,42.00
2025-03-20,HC-004,1,62.00
2025-03-20,HC-005,6,98.00
2025-03-20,HC-006,5,82.00
2025-03-20,HC-007,10,28.00
2025-03-20,HC-008,6,62.00
2025-03-20,HC-009,3,135.00
2025-03-20,HW-001,3,85.00
2025-03-20,HW-002,6,275.00
2025-03-20,HW-006,3,28.00
2025-03-20,HW-007,2,38.00
2025-03-20,HW-010,19,16.00
2025-03-20,PC-001,9,52.00
2025-03-20,PC-002,5,32.00
2025-03-20,PC-004,6,38.00
2025-03-20,PC-005,2,95.00
2025-03-20,PC-006,1,135.00
2025-03-20,PC-007,7,38.00
2025-03-20,PC-008,1,79.00
2025-03-20,PC-009,13,49.00
2025-03-20,SO-001,17,30.00
2025-03-20,SO-002,2,90.00
2025-03-20,SO-003,3,260.00
2025-03-20,SO-004,6,72.00
2025-03-20,SO-005,5,85.00
2025-03-20,SO-006,3,95.00
2025-03-20,SO-007,3,45.00
2025-03-20,SO-008,4,35.00
2025-03-20,SO-009,1,78.00
2025-03-21,FB-001,23,125.00
2025-03-21,FB-002,51,14.00
2025-03-21,FB-003,20,24.00
2025-03-21,FB-004,7,78.00
2025-03-21,FB-005,14,115.00
2025-03-21,FB-006,31,66.00
2025-03-21,FB-007,3,275.00
2025-03-21,FB-008,7,34.00
2025-03-21,FB-009,27,68.00
2025-03-21,HC-001,5,55.00
2025-03-21,HC-002,11,115.00
2025-03-21,HC-003,1,42.00
2025-03-21,HC-004,1,62.00
2025-03-21,HC-005,7,98.00
2025-03-21,HC-006,5,82.00
2025-03-21,HC-007,10,28.00
2025-03-21,HC-008,6,62.00
2025-03-21,HC-009,4,135.00
2025-03-21,HW-001,3,85.00
2025-03-21,HW-002,5,275.00
2025-03-21,HW-004,1,685.00
2025-03-21,HW-006,2,28.00
2025-03-21,HW-010,9,16.00
2025-03-21,PC-001,8,52.00
2025-03-21,PC-002,10,32.00
2025-03-21,PC-003,8,68.00
2025-03-21,PC-004,4,38.00
2025-03-21,PC-005,3,95.00
2025-03-21,PC-006,2,135.00
2025-03-21,PC-007,1,38.00
2025-03-21,PC-008,1,79.00
2025-03-21,PC-009,4,49.00
2025-03-21,SO-001,8,30.00
2025-03-21,SO-002,6,90.00
2025-03-21,SO-003,2,260.00
2025-03-21,SO-004,4,72.00
2025-03-21,SO-005,3,85.00
2025-03-21,SO-006,2,95.00
2025-03-21,SO-007,2,45.00
2025-03-21,SO-008,6,35.00
2025-03-21,SO-009,2,78.00
2025-03-22,FB-001,20,125.00
2025-03-22,FB-002,79,14.00
2025-03-22,FB-003,21,24.00
2025-03-22,FB-004,15,78.00
2025-03-22,FB-005,12,115.00
2025-03-22,FB-006,44,66.00
2025-03-22,FB-007,15,275.00
2025-03-22,FB-008,6,34.00
2025-03-22,FB-009,45,68.00
2025-03-22,HC-001,8,55.00
2025-03-22,HC-002,4,115.00
2025-03-22,HC-003,6,42.00
2025-03-22,HC-004,5,62.00
2025-03-22,HC-005,3,98.00
2025-03-22,HC-006,2,82.00
2025-03-22,HC-007,8,28.00
2025-03-22,HC-008,7,62.00
2025-03-22,HC-009,3,135.00
2025-03-22,HW-001,3,85.00
2025-03-22,HW-002,8,275.00
2025-03-22,HW-003,2,98.00
2025-03-22,HW-004,1,685.00
2025-03-22,HW-005,2,48.00
2025-03-22,HW-007,2,38.00
2025-03-22,HW-010,11,16.00
2025-03-22,PC-001,13,52.00
2025-03-22,PC-002,10,32.00
2025-03-22,PC-003,3,68.00
2025-03-22,PC-004,3,38.00
2025-03-22,PC-005,4,95.00
2025-03-22,PC-006,3,135.00
2025-03-22,PC-007,4,38.00
2025-03-22,PC-008,4,79.00
2025-03-22,PC-009,10,49.00
2025-03-22,SO-001,4,30.00
2025-03-22,SO-002,4,90.00
2025-03-22,SO-003,2,260.00
2025-03-22,SO-004,7,72.00
2025-03-22,SO-005,6,85.00
2025-03-22,SO-006,1,95.00
2025-03-22,SO-007,1,45.00
2025-03-22,SO-008,3,35.00
2025-03-23,FB-001,14,125.00
2025-03-23,FB-002,68,14.00
2025-03-23,FB-003,26,24.00
2025-03-23,FB-004,13,78.00
2025-03-23,FB-005,14,115.00
2025-03-23,FB-006,31,66.00
2025-03-23,FB-007,11,275.00
2025-03-23,FB-008,10,34.00
2025-03-23,FB-009,36,68.00
2025-03-23,HC-001,13,55.00
2025-03-23,HC-002,9,115.00
2025-03-23,HC-003,4,42.00
2025-03-23,HC-004,7,62.00
2025-03-23,HC-005,2,98.00
2025-03-23,HC-006,3,82.00
2025-03-23,HC-007,9,28.00
2025-03-23,HC-008,14,62.00
2025-03-23,HC-009,2,135.00
2025-03-23,HW-003,1,98.00
2025-03-23,HW-004,1,685.00
2025-03-23,HW-005,1,48.00
2025-03-23,HW-010,8,16.00
2025-03-23,PC-001,6,52.00
2025-03-23,PC-002,8,32.00
2025-03-23,PC-003,4,68.00
2025-03-23,PC-004,4,38.00
2025-03-23,PC-005,6,95.00
2025-03-23,PC-006,2,135.00
2025-03-23,PC-007,2,38.00
2025-03-23,PC-008,1,79.00
2025-03-23,PC-009,6,49.00
2025-03-23,SO-001,7,30.00
2025-03-23,SO-002,2,90.00
2025-03-23,SO-004,1,72.00
2025-03-23,SO-006,1,95.00
2025-03-23,SO-007,1,45.00
2025-03-23,SO-008,3,35.00
2025-03-23,SO-009,1,78.00
2025-03-24,FB-001,10,125.00
2025-03-24,FB-002,54,14.00
2025-03-24,FB-003,11,24.00
2025-03-24,FB-004,6,78.00
2025-03-24,FB-005,7,115.00
2025-03-24,FB-006,30,66.00
2025-03-24,FB-007,11,275.00
2025-03-24,FB-008,9,34.00
2025-03-24,FB-009,20,68.00
2025-03-24,HC-001,10,55.00
2025-03-24,HC-002,11,115.00
2025-03-24,HC-003,4,42.00
2025-03-24,HC-004,6,62.00
2025-03-24,HC-005,2,98.00
2025-03-24,HC-006,1,82.00
2025-03-24,HC-007,5,28.00
2025-03-24,HC-008,6,62.00
2025-03-24,HC-009,2,135.00
2025-03-24,HW-001,1,85.00
2025-03-24,HW-002,3,275.00
2025-03-24,HW-003,3,98.00
2025-03-24,HW-005,5,48.00
2025-03-24,HW-008,1,125.00
2025-03-24,HW-010,9,16.00
2025-03-24,PC-001,14,52.00
2025-03-24,PC-002,11,32.00
2025-03-24,PC-003,8,68.00
2025-03-24,PC-004,2,38.00
2025-03-24,PC-006,2,135.00
2025-03-24,PC-007,2,38.00
2025-03-24,PC-008,4,79.00
2025-03-24,PC-009,8,49.00
2025-03-24,SO-001,10,30.00
2025-03-24,SO-002,6,90.00
2025-03-24,SO-003,4,260.00
2025-03-24,SO-004,4,72.00
2025-03-24,SO-005,5,85.00
2025-03-24,SO-006,4,95.00
2025-03-24,SO-007,2,45.00
2025-03-24,SO-009,4,78.00
2025-03-25,FB-001,16,125.00
2025-03-25,FB-002,52,14.00
2025-03-25,FB-003,9,24.00
2025-03-25,FB-004,3,78.00
2025-03-25,FB-005,14,115.00
2025-03-25,FB-006,19,66.00
2025-03-25,FB-007,6,275.00
2025-03-25,FB-008,11,34.00
2025-03-25,FB-009,26,68.00
2025-03-25,HC-001,12,55.00
2025-03-25,HC-002,11,115.00
2025-03-25,HC-003,4,42.00
2025-03-25,HC-004,2,62.00
2025-03-25,HC-005,2,98.00
2025-03-25,HC-007,4,28.00
2025-03-25,HC-008,6,62.00
2025-03-25,HC-009,3,135.00
2025-03-25,HW-001,3,85.00
2025-03-25,HW-002,4,275.00
2025-03-25,HW-003,1,98.00
2025-03-25,HW-006,3,28.00
2025-03-25,HW-007,1,38.00
2025-03-25,HW-008,1,125.00
2025-03-25,HW-010,14,16.00
2025-03-25,PC-001,12,52.00
2025-03-25,PC-002,10,32.00
2025-03-25,PC-003,7,68.00
2025-03-25,PC-004,2,38.00
2025-03-25,PC-005,1,95.00
2025-03-25,PC-006,6,135.00
2025-03-25,PC-007,3,38.00
2025-03-25,PC-008,2,79.00
2025-03-25,PC-009,8,49.00
2025-03-25,SO-001,5,30.00
2025-03-25,SO-002,2,90.00
2025-03-25,SO-003,1,260.00
2025-03-25,SO-004,5,72.00
2025-03-25,SO-005,2,85.00
2025-03-25,SO-006,1,95.00
2025-03-25,SO-007,2,45.00
2025-03-25,SO-008,3,35.00
2025-03-25,SO-009,3,78.00
2025-03-26,FB-001,13,125.00
2025-03-26,FB-002,56,14.00
2025-03-26,FB-003,11,24.00
2025-03-26,FB-004,6,78.00
2025-03-26,FB-005,9,115.00
2025-03-26,FB-006,32,66.00
2025-03-26,FB-007,5,275.00
2025-03-26,FB-008,7,34.00
2025-03-26,FB-009,30,68.00
2025-03-26,HC-001,9,55.00
2025-03-26,HC-002,5,115.00
2025-03-26,HC-003,8,42.00
2025-03-26,HC-004,4,62.00
2025-03-26,HC-005,3,98.00
2025-03-26,HC-006,4,82.00
2025-03-26,HC-007,5,28.00
2025-03-26,HC-008,7,62.00
2025-03-26,HC-009,1,135.00
2025-03-26,HW-001,5,85.00
2025-03-26,HW-002,10,275.00
2025-03-26,HW-003,3,98.00
2025-03-26,HW-004,1,685.00
2025-03-26,HW-005,4,48.00
2025-03-26,HW-006,1,28.00
2025-03-26,HW-008,1,125.00
2025-03-26,HW-010,14,16.00
2025-03-26,PC-001,12,52.00
2025-03-26,PC-002,8,32.00
2025-03-26,PC-003,7,68.00
2025-03-26,PC-004,4,38.00
2025-03-26,PC-005,4,95.00
2025-03-26,PC-006,1,135.00
2025-03-26,PC-007,2,38.00
2025-03-26,PC-008,3,79.00
2025-03-26,PC-009,9,49.00
2025-03-26,SO-001,9,30.00
2025-03-26,SO-002,5,90.00
2025-03-26,SO-003,4,260.00
2025-03-26,SO-004,6,72.00
2025-03-26,SO-005,2,85.00
2025-03-26,SO-006,3,95.00
2025-03-26,SO-007,1,45.00
2025-03-26,SO-008,7,35.00
2025-03-26,SO-009,2,78.00
2025-03-27,FB-001,15,125.00
2025-03-27,FB-002,64,14.00
2025-03-27,FB-003,17,24.00
2025-03-27,FB-004,2,78.00
2025-03-27,FB-005,10,115.00
2025-03-27,FB-006,29,66.00
2025-03-27,FB-007,7,275.00
2025-03-27,FB-008,9,34.00
2025-03-27,FB-009,21,68.00
2025-03-27,HC-001,14,55.00
2025-03-27,HC-002,5,115.00
2025-03-27,HC-003,5,42.00
2025-03-27,HC-004,2,62.00
2025-03-27,HC-005,2,98.00
2025-03-27,HC-006,2,82.00
2025-03-27,HC-007,8,28.00
2025-03-27,HC-008,9,62.00
2025-03-27,HC-009,1,135.00
2025-03-27,HW-001,3,85.00
2025-03-27,HW-002,8,275.00
2025-03-27,HW-003,2,98.00
2025-03-27,HW-005,1,48.00
2025-03-27,HW-006,3,28.00
2025-03-27,HW-008,1,125.00
2025-03-27,HW-010,11,16.00
2025-03-27,PC-001,6,52.00
2025-03-27,PC-002,2,32.00
2025-03-27,PC-003,6,68.00
2025-03-27,PC-004,5,38.00
2025-03-27,PC-005,3,95.00
2025-03-27,PC-006,1,135.00
2025-03-27,PC-007,5,38.00
2025-03-27,PC-008,2,79.00
2025-03-27,PC-009,12,49.00
2025-03-27,SO-001,11,30.00
2025-03-27,SO-002,3,90.00
2025-03-27,SO-003,4,260.00
2025-03-27,SO-004,5,72.00
2025-03-27,SO-006,1,95.00
2025-03-27,SO-007,1,45.00
2025-03-27,SO-008,4,35.00
2025-03-27,SO-009,1,78.00
2025-03-28,FB-001,10,125.00
2025-03-28,FB-002,75,14.00
2025-03-28,FB-003,18,24.00
2025-03-28,FB-004,4,78.00
2025-03-28,FB-005,15,115.00
2025-03-28,FB-006,20,66.00
2025-03-28,FB-007,7,275.00
2025-03-28,FB-008,10,34.00
2025-03-28,FB-009,32,68.00
2025-03-28,HC-001,16,55.00
2025-03-28,HC-002,9,115.00
2025-03-28,HC-003,4,42.00
2025-03-28,HC-004,3,62.00
2025-03-28,HC-005,2,98.00
2025-03-28,HC-006,2,82.00
2025-03-28,HC-007,6,28.00
2025-03-28,HC-008,11,62.00
2025-03-28,HC-009,5,135.00
2025-03-28,HW-001,4,85.00
2025-03-28,HW-002,5,275.00
2025-03-28,HW-003,5,98.00
2025-03-28,HW-004,1,685.00
2025-03-28,HW-005,3,48.00
2025-03-28,HW-007,1,38.00
2025-03-28,HW-008,1,125.00
2025-03-28,HW-010,15,16.00
2025-03-28,PC-001,13,52.00
2025-03-28,PC-002,3,32.00
2025-03-28,PC-003,4,68.00
2025-03-28,PC-004,5,38.00
2025-03-28,PC-005,6,95.00
2025-03-28,PC-006,2,135.00
2025-03-28,PC-007,3,38.00
2025-03-28,PC-008,4,79.00
2025-03-28,PC-009,5,49.00
2025-03-28,SO-001,14,30.00
2025-03-28,SO-002,5,90.00
2025-03-28,SO-003,2,260.00
2025-03-28,SO-004,3,72.00
2025-03-28,SO-005,2,85.00
2025-03-28,SO-006,1,95.00
2025-03-28,SO-008,5,35.00
2025-03-28,SO-009,1,78.00
2025-03-29,FB-001,16,125.00
2025-03-29,FB-002,79,14.00
2025-03-29,FB-003,27,24.00
2025-03-29,FB-004,14,78.00
2025-03-29,FB-005,20,115.00
2025-03-29,FB-006,22,66.00
2025-03-29,FB-007,6,275.00
2025-03-29,FB-008,9,34.00
2025-03-29,FB-009,39,68.00
2025-03-29,HC-001,16,55.00
2025-03-29,HC-002,9,115.00
2025-03-29,HC-003,3,42.00
2025-03-29,HC-004,8,62.00
2025-03-29,HC-005,1,98.00
2025-03-29,HC-006,3,82.00
2025-03-29,HC-007,7,28.00
2025-03-29,HC-008,5,62.00
2025-03-29,HC-009,1,135.00
2025-03-29,HW-001,2,85.00
2025-03-29,HW-002,1,275.00
2025-03-29,HW-003,6,98.00
2025-03-29,HW-005,3,48.00
2025-03-29,HW-006,8,28.00
2025-03-29,HW-008,1,125.00
2025-03-29,HW-010,19,16.00
2025-03-29,PC-001,16,52.00
2025-03-29,PC-002,8,32.00
2025-03-29,PC-003,7,68.00
2025-03-29,PC-004,7,38.00
2025-03-29,PC-005,4,95.00
2025-03-29,PC-006,1,135.00
2025-03-29,PC-007,2,38.00
2025-03-29,PC-008,2,79.00
2025-03-29,PC-009,11,49.00
2025-03-29,SO-001,8,30.00
2025-03-29,SO-002,3,90.00
2025-03-29,SO-003,2,260.00
2025-03-29,SO-004,1,72.00
2025-03-29,SO-005,1,85.00
2025-03-29,SO-006,3,95.00
2025-03-29,SO-007,1,45.00
2025-03-29,SO-008,2,35.00
2025-03-30,FB-001,18,125.00
2025-03-30,FB-002,89,14.00
2025-03-30,FB-003,25,24.00
2025-03-30,FB-004,6,78.00
2025-03-30,FB-005,17,115.00
2025-03-30,FB-006,16,66.00
2025-03-30,FB-007,11,275.00
2025-03-30,FB-008,11,34.00
2025-03-30,FB-009,41,68.00
2025-03-30,HC-001,19,55.00
2025-03-30,HC-002,8,115.00
2025-03-30,HC-003,8,42.00
2025-03-30,HC-004,7,62.00
2025-03-30,HC-005,4,98.00
2025-03-30,HC-006,5,82.00
2025-03-30,HC-007,7,28.00
2025-03-30,HC-008,15,62.00
2025-03-30,HC-009,1,135.00
2025-03-30,HW-001,2,85.00
2025-03-30,HW-002,7,275.00
2025-03-30,HW-004,1,685.00
2025-03-30,HW-006,2,28.00
2025-03-30,HW-007,1,38.00
2025-03-30,HW-008,1,125.00
2025-03-30,HW-010,6,16.00
2025-03-30,PC-001,13,52.00
2025-03-30,PC-002,7,32.00
2025-03-30,PC-003,6,68.00
2025-03-30,PC-004,3,38.00
2025-03-30,PC-005,5,95.00
2025-03-30,PC-006,3,135.00
2025-03-30,PC-007,9,38.00
2025-03-30,PC-008,4,79.00
2025-03-30,PC-009,7,49.00
2025-03-30,SO-001,5,30.00
2025-03-30,SO-002,3,90.00
2025-03-30,SO-003,1,260.00
2025-03-30,SO-004,4,72.00
2025-03-30,SO-006,1,95.00
2025-03-30,SO-007,1,45.00
2025-03-30,SO-008,6,35.00
2025-03-30,SO-009,1,78.00
2025-03-31,FB-001,10,125.00
2025-03-31,FB-002,71,14.00
2025-03-31,FB-003,10,24.00
2025-03-31,FB-004,8,78.00
2025-03-31,FB-005,16,115.00
2025-03-31,FB-006,37,66.00
2025-03-31,FB-007,6,275.00
2025-03-31,FB-008,7,34.00
2025-03-31,FB-009,43,68.00
2025-03-31,HC-001,12,55.00
2025-03-31,HC-002,9,115.00
2025-03-31,HC-003,8,42.00
2025-03-31,HC-004,3,62.00
2025-03-31,HC-005,4,98.00
2025-03-31,HC-006,4,82.00
2025-03-31,HC-007,8,28.00
2025-03-31,HC-008,16,62.00
2025-03-31,HW-001,2,85.00
2025-03-31,HW-002,4,275.00
2025-03-31,HW-003,1,98.00
2025-03-31,HW-004,2,685.00
2025-03-31,HW-005,1,48.00
2025-03-31,HW-006,1,28.00
2025-03-31,HW-008,1,125.00
2025-03-31,HW-010,13,16.00
2025-03-31,PC-001,7,52.00
2025-03-31,PC-002,2,32.00
2025-03-31,PC-003,7,68.00
2025-03-31,PC-004,5,38.00
2025-03-31,PC-005,6,95.00
2025-03-31,PC-006,3,135.00
2025-03-31,PC-007,5,38.00
2025-03-31,PC-008,3,79.00
2025-03-31,PC-009,6,49.00
2025-03-31,SO-001,11,30.00
2025-03-31,SO-002,3,90.00
2025-03-31,SO-003,6,260.00
2025-03-31,SO-004,1,72.00
2025-03-31,SO-005,1,85.00
2025-03-31,SO-006,4,95.00
2025-03-31,SO-007,1,45.00
2025-03-31,SO-008,4,35.00
2025-03-31,SO-009,2,78.00
2025-04-01,FB-001,23,125.00
2025-04-01,FB-002,84,14.00
2025-04-01,FB-003,20,24.00
2025-04-01,FB-004,10,78.00
2025-04-01,FB-005,10,115.00
2025-04-01,FB-006,28,66.00
2025-04-01,FB-007,9,275.00
2025-04-01,FB-008,10,34.00
2025-04-01,FB-009,29,68.00
2025-04-01,HC-001,7,55.00
2025-04-01,HC-002,8,115.00
2025-04-01,HC-003,6,42.00
2025-04-01,HC-004,4,62.00
2025-04-01,HC-005,3,98.00
2025-04-01,HC-006,5,82.00
2025-04-01,HC-007,4,28.00
2025-04-01,HC-008,4,62.00
2025-04-01,HC-009,2,135.00
2025-04-01,HW-001,1,85.00
2025-04-01,HW-002,9,275.00
2025-04-01,HW-003,2,98.00
2025-04-01,HW-010,9,16.00
2025-04-01,PC-001,10,52.00
2025-04-01,PC-002,8,32.00
2025-04-01,PC-003,5,68.00
2025-04-01,PC-004,4,38.00
2025-04-01,PC-005,4,95.00
2025-04-01,PC-006,6,135.00
2025-04-01,PC-007,5,38.00
2025-04-01,PC-008,2,79.00
2025-04-01,SO-001,15,30.00
2025-04-01,SO-002,4,90.00
2025-04-01,SO-003,1,260.00
2025-04-01,SO-004,7,72.00
2025-04-01,SO-005,3,85.00
2025-04-01,SO-006,5,95.00
2025-04-01,SO-007,1,45.00
2025-04-01,SO-008,3,35.00
2025-04-01,SO-009,3,78.00
2025-04-02,FB-001,11,125.00
2025-04-02,FB-002,80,14.00
2025-04-02,FB-003,15,24.00
2025-04-02,FB-004,11,78.00
2025-04-02,FB-005,6,115.00
2025-04-02,FB-006,17,66.00
2025-04-02,FB-007,10,275.00
2025-04-02,FB-008,4,34.00
2025-04-02,FB-009,24,68.00
2025-04-02,HC-001,13,55.00
2025-04-02,HC-002,9,115.00
2025-04-02,HC-003,5,42.00
2025-04-02,HC-004,4,62.00
2025-04-02,HC-005,3,98.00
2025-04-02,HC-006,3,82.00
2025-04-02,HC-007,6,28.00
2025-04-02,HC-008,6,62.00
2025-04-02,HC-009,2,135.00
2025-04-02,HW-001,2,85.00
2025-04-02,HW-002,7,275.00
2025-04-02,HW-004,1,685.00
2025-04-02,HW-006,3,28.00
2025-04-02,HW-007,1,38.00
2025-04-02,HW-010,11,16.00
2025-04-02,PC-001,9,52.00
2025-04-02,PC-002,3,32.00
2025-04-02,PC-003,6,68.00
2025-04-02,PC-004,4,38.00
2025-04-02,PC-005,1,95.00
2025-04-02,PC-006,1,135.00
2025-04-02,PC-007,5,38.00
2025-04-02,PC-008,3,79.00
2025-04-02,PC-009,9,49.00
2025-04-02,SO-001,9,30.00
2025-04-02,SO-002,8,90.00
2025-04-02,SO-003,5,260.00
2025-04-02,SO-004,5,72.00
2025-04-02,SO-005,1,85.00
2025-04-02,SO-006,3,95.00
2025-04-02,SO-007,1,45.00
2025-04-02,SO-008,3,35.00
2025-04-02,SO-009,2,78.00
2025-04-03,FB-001,12,125.00
2025-04-03,FB-002,84,14.00
2025-04-03,FB-003,24,24.00
2025-04-03,FB-004,12,78.00
2025-04-03,FB-005,12,115.00
2025-04-03,FB-006,18,66.00
2025-04-03,FB-007,6,275.00
2025-04-03,FB-008,6,34.00
2025-04-03,FB-009,19,68.00
2025-04-03,HC-001,12,55.00
2025-04-03,HC-002,7,115.00
2025-04-03,HC-003,1,42.00
2025-04-03,HC-004,11,62.00
2025-04-03,HC-005,2,98.00
2025-04-03,HC-006,2,82.00
2025-04-03,HC-007,5,28.00
2025-04-03,HC-008,11,62.00
2025-04-03,HC-009,1,135.00
2025-04-03,HW-001,2,85.00
2025-04-03,HW-002,5,275.00
2025-04-03,HW-004,1,685.00
2025-04-03,HW-006,1,28.00
2025-04-03,HW-008,1,125.00
2025-04-03,HW-010,18,16.00
2025-04-03,PC-001,12,52.00
2025-04-03,PC-002,7,32.00
2025-04-03,PC-003,7,68.00
2025-04-03,PC-004,1,38.00
2025-04-03,PC-005,6,95.00
2025-04-03,PC-007,1,38.00
2025-04-03,PC-008,5,79.00
2025-04-03,PC-009,7,49.00
2025-04-03,SO-001,15,30.00
2025-04-03,SO-002,1,90.00
2025-04-03,SO-003,4,260.00
2025-04-03,SO-004,2,72.00
2025-04-03,SO-005,4,85.00
2025-04-03,SO-006,4,95.00
2025-04-03,SO-007,2,45.00
2025-04-03,SO-008,3,35.00
2025-04-03,SO-009,1,78.00
2025-04-04,FB-001,9,125.00
2025-04-04,FB-002,99,14.00
2025-04-04,FB-003,25,24.00
2025-04-04,FB-004,7,78.00
2025-04-04,FB-005,14,115.00
2025-04-04,FB-006,24,66.00
2025-04-04,FB-007,5,275.00
2025-04-04,FB-008,11,34.00
2025-04-04,FB-009,26,68.00
2025-04-04,HC-001,19,55.00
2025-04-04,HC-002,5,115.00
2025-04-04,HC-003,3,42.00
2025-04-04,HC-004,6,62.00
2025-04-04,HC-005,4,98.00
2025-04-04,HC-006,2,82.00
2025-04-04,HC-007,8,28.00
2025-04-04,HC-008,6,62.00
2025-04-04,HW-002,8,275.00
2025-04-04,HW-003,3,98.00
2025-04-04,HW-004,1,685.00
2025-04-04,HW-006,3,28.00
2025-04-04,HW-008,2,125.00
2025-04-04,HW-010,12,16.00
2025-04-04,PC-001,11,52.00
2025-04-04,PC-002,5,32.00
2025-04-04,PC-004,4,38.00
2025-04-04,PC-005,5,95.00
2025-04-04,PC-006,5,135.00
2025-04-04,PC-007,6,38.00
2025-04-04,PC-008,3,79.00
2025-04-04,PC-009,7,49.00
2025-04-04,SO-001,12,30.00
2025-04-04,SO-002,1,90.00
2025-04-04,SO-003,3,260.00
2025-04-04,SO-004,4,72.00
2025-04-04,SO-005,3,85.00
2025-04-04,SO-006,2,95.00
2025-04-04,SO-007,3,45.00
2025-04-04,SO-008,3,35.00
2025-04-04,SO-009,1,78.00
2025-04-05,FB-001,19,125.00
2025-04-05,FB-002,106,14.00
2025-04-05,FB-003,33,24.00
2025-04-05,FB-004,11,78.00
2025-04-05,FB-005,8,115.00
2025-04-05,FB-006,19,66.00
2025-04-05,FB-007,12,275.00
2025-04-05,FB-008,14,34.00
2025-04-05,FB-009,27,68.00
2025-04-05,HC-001,12,55.00
2025-04-05,HC-002,14,115.00
2025-04-05,HC-003,5,42.00
2025-04-05,HC-004,6,62.00
2025-04-05,HC-005,2,98.00
2025-04-05,HC-006,2,82.00
2025-04-05,HC-007,9,28.00
2025-04-05,HC-008,8,62.00
2025-04-05,HC-009,2,135.00
2025-04-05,HW-001,4,85.00
2025-04-05,HW-002,8,275.00
2025-04-05,HW-003,1,98.00
2025-04-05,HW-004,1,685.00
2025-04-05,HW-005,1,48.00
2025-04-05,HW-010,16,16.00
2025-04-05,PC-001,11,52.00
2025-04-05,PC-002,4,32.00
2025-04-05,PC-003,4,68.00
2025-04-05,PC-004,6,38.00
2025-04-05,PC-005,6,95.00
2025-04-05,PC-006,2,135.00
2025-04-05,PC-007,3,38.00
2025-04-05,PC-008,3,79.00
2025-04-05,PC-009,7,49.00
2025-04-05,SO-002,4,90.00
2025-04-05,SO-003,2,260.00
2025-04-05,SO-004,3,72.00
2025-04-05,SO-005,1,85.00
2025-04-05,SO-007,2,45.00
2025-04-05,SO-008,1,35.00
2025-04-06,FB-001,19,125.00
2025-04-06,FB-002,80,14.00
2025-04-06,FB-003,26,24.00
2025-04-06,FB-004,13,78.00
2025-04-06,FB-005,16,115.00
2025-04-06,FB-006,30,66.00
2025-04-06,FB-007,4,275.00
2025-04-06,FB-008,12,34.00
2025-04-06,FB-009,20,68.00
2025-04-06,HC-001,13,55.00
2025-04-06,HC-002,11,115.00
2025-04-06,HC-003,7,42.00
2025-04-06,HC-004,6,62.00
2025-04-06,HC-005,6,98.00
2025-04-06,HC-006,3,82.00
2025-04-06,HC-007,8,28.00
2025-04-06,HC-008,6,62.00
2025-04-06,HC-009,1,135.00
2025-04-06,HW-001,4,85.00
2025-04-06,HW-002,2,275.00
2025-04-06,HW-004,1,685.00
2025-04-06,HW-005,1,48.00
2025-04-06,HW-008,2,125.00
2025-04-06,HW-010,5,16.00
2025-04-06,PC-001,5,52.00
2025-04-06,PC-002,9,32.00
2025-04-06,PC-003,6,68.00
2025-04-06,PC-004,2,38.00
2025-04-06,PC-005,6,95.00
2025-04-06,PC-006,2,135.00
2025-04-06,PC-007,2,38.00
2025-04-06,PC-008,6,79.00
2025-04-06,PC-009,8,49.00
2025-04-06,SO-001,8,30.00
2025-04-06,SO-002,3,90.00
2025-04-06,SO-003,2,260.00
2025-04-06,SO-004,2,72.00
2025-04-06,SO-005,2,85.00
2025-04-06,SO-008,3,35.00
2025-04-07,FB-001,7,125.00
2025-04-07,FB-002,76,14.00
2025-04-07,FB-003,19,24.00
2025-04-07,FB-004,11,78.00
2025-04-07,FB-005,9,115.00
2025-04-07,FB-006,14,66.00
2025-04-07,FB-007,5,275.00
2025-04-07,FB-008,8,34.00
2025-04-07,FB-009,17,68.00
2025-04-07,HC-001,9,55.00
2025-04-07,HC-002,4,115.00
2025-04-07,HC-003,5,42.00
2025-04-07,HC-004,5,62.00
2025-04-07,HC-005,3,98.00
2025-04-07,HC-006,3,82.00
2025-04-07,HC-007,4,28.00
2025-04-07,HC-008,11,62.00
2025-04-07,HW-001,1,85.00
2025-04-07,HW-002,7,275.00
2025-04-07,HW-004,1,685.00
2025-04-07,HW-005,1,48.00
2025-04-07,HW-006,2,28.00
2025-04-07,HW-007,3,38.00
2025-04-07,HW-010,8,16.00
2025-04-07,PC-001,13,52.00
2025-04-07,PC-002,12,32.00
2025-04-07,PC-003,3,68.00
2025-04-07,PC-004,11,38.00
2025-04-07,PC-006,2,135.00
2025-04-07,PC-007,5,38.00
2025-04-07,PC-008,4,79.00
2025-04-07,PC-009,4,49.00
2025-04-07,SO-001,13,30.00
2025-04-07,SO-002,8,90.00
2025-04-07,SO-003,2,260.00
2025-04-07,SO-004,4,72.00
2025-04-07,SO-005,5,85.00
2025-04-07,SO-006,2,95.00
2025-04-07,SO-007,2,45.00
2025-04-07,SO-008,6,35.00
2025-04-07,SO-009,2,78.00
2025-04-08,FB-001,12,125.00
2025-04-08,FB-002,56,14.00
2025-04-08,FB-003,12,24.00
2025-04-08,FB-004,6,78.00
2025-04-08,FB-005,6,115.00
2025-04-08,FB-006,19,66.00
2025-04-08,FB-007,1,275.00
2025-04-08,FB-008,8,34.00
2025-04-08,FB-009,21,68.00
2025-04-08,HC-001,14,55.00
2025-04-08,HC-002,17,115.00
2025-04-08,HC-003,3,42.00
2025-04-08,HC-004,5,62.00
2025-04-08,HC-005,4,98.00
2025-04-08,HC-007,3,28.00
2025-04-08,HC-008,9,62.00
2025-04-08,HW-001,3,85.00
2025-04-08,HW-002,6,275.00
2025-04-08,HW-003,3,98.00
2025-04-08,HW-004,2,685.00
2025-04-08,HW-005,1,48.00
2025-04-08,HW-006,2,28.00
2025-04-08,HW-007,3,38.00
2025-04-08,HW-010,21,16.00
2025-04-08,PC-001,8,52.00
2025-04-08,PC-002,7,32.00
2025-04-08,PC-003,1,68.00
2025-04-08,PC-004,4,38.00
2025-04-08,PC-005,4,95.00
2025-04-08,PC-006,1,135.00
2025-04-08,PC-007,3,38.00
2025-04-08,PC-008,7,79.00
2025-04-08,PC-009,6,49.00
2025-04-08,SO-001,6,30.00
2025-04-08,SO-002,4,90.00
2025-04-08,SO-003,4,260.00
2025-04-08,SO-004,3,72.00
2025-04-08,SO-005,2,85.00
2025-04-08,SO-006,2,95.00
2025-04-08,SO-007,1,45.00
2025-04-08,SO-008,7,35.00
2025-04-08,SO-009,2,78.00
2025-04-09,FB-001,11,125.00
2025-04-09,FB-002,57,14.00
2025-04-09,FB-003,17,24.00
2025-04-09,FB-004,9,78.00
2025-04-09,FB-005,12,115.00
2025-04-09,FB-006,15,66.00
2025-04-09,FB-007,6,275.00
2025-04-09,FB-008,9,34.00
2025-04-09,FB-009,16,68.00
2025-04-09,HC-001,11,55.00
2025-04-09,HC-002,9,115.00
2025-04-09,HC-003,4,42.00
2025-04-09,HC-004,5,62.00
2025-04-09,HC-005,5,98.00
2025-04-09,HC-006,1,82.00
2025-04-09,HC-007,4,28.00
2025-04-09,HC-008,15,62.00
2025-04-09,HC-009,3,135.00
2025-04-09,HW-001,7,85.00
2025-04-09,HW-002,4,275.00
2025-04-09,HW-006,1,28.00
2025-04-09,HW-007,2,38.00
2025-04-09,HW-010,12,16.00
2025-04-09,PC-001,11,52.00
2025-04-09,PC-002,5,32.00
2025-04-09,PC-003,8,68.00
2025-04-09,PC-004,6,38.00
2025-04-09,PC-005,4,95.00
2025-04-09,PC-006,1,135.00
2025-04-09,PC-007,2,38.00
2025-04-09,PC-008,8,79.00
2025-04-09,PC-009,5,49.00
2025-04-09,SO-001,10,30.00
2025-04-09,SO-002,6,90.00
2025-04-09,SO-003,4,260.00
2025-04-09,SO-004,6,72.00
2025-04-09,SO-005,4,85.00
2025-04-09,SO-006,3,95.00
2025-04-09,SO-007,3,45.00
2025-04-09,SO-008,4,35.00
2025-04-09,SO-009,4,78.00
2025-04-10,FB-001,16,125.00
2025-04-10,FB-002,71,14.00
2025-04-10,FB-003,13,24.00
2025-04-10,FB-004,9,78.00
2025-04-10,FB-005,17,115.00
2025-04-10,FB-006,22,66.00
2025-04-10,FB-007,4,275.00
2025-04-10,FB-008,8,34.00
2025-04-10,FB-009,25,68.00
2025-04-10,HC-001,9,55.00
2025-04-10,HC-002,4,115.00
2025-04-10,HC-003,4,42.00
2025-04-10,HC-004,4,62.00
2025-04-10,HC-005,4,98.00
2025-04-10,HC-006,2,82.00
2025-04-10,HC-007,2,28.00
2025-04-10,HC-008,4,62.00
2025-04-10,HC-009,2,135.00
2025-04-10,HW-001,4,85.00
2025-04-10,HW-002,4,275.00
2025-04-10,HW-004,1,685.00
2025-04-10,HW-005,2,48.00
2025-04-10,HW-006,1,28.00
2025-04-10,HW-010,14,16.00
2025-04-10,PC-001,8,52.00
2025-04-10,PC-002,13,32.00
2025-04-10,PC-003,10,68.00
2025-04-10,PC-004,3,38.00
2025-04-10,PC-005,6,95.00
2025-04-10,PC-007,1,38.00
2025-04-10,PC-008,10,79.00
2025-04-10,PC-009,2,49.00
2025-04-10,SO-001,10,30.00
2025-04-10,SO-002,5,90.00
2025-04-10,SO-003,3,260.00
2025-04-10,SO-004,2,72.00
2025-04-10,SO-006,4,95.00
2025-04-10,SO-007,2,45.00
2025-04-10,SO-008,2,35.00
2025-04-10,SO-009,2,78.00
2025-04-11,FB-001,17,125.00
2025-04-11,FB-002,68,14.00
2025-04-11,FB-003,24,24.00
2025-04-11,FB-004,18,78.00
2025-04-11,FB-005,14,115.00
2025-04-11,FB-006,37,66.00
2025-04-11,FB-007,11,275.00
2025-04-11,FB-008,16,34.00
2025-04-11,FB-009,20,68.00
2025-04-11,HC-001,16,55.00
2025-04-11,HC-002,10,115.00
2025-04-11,HC-003,6,42.00
2025-04-11,HC-004,4,62.00
2025-04-11,HC-005,3,98.00
2025-04-11,HC-006,1,82.00
2025-04-11,HC-007,12,28.00
2025-04-11,HC-008,6,62.00
2025-04-11,HC-009,1,135.00
2025-04-11,HW-001,8,85.00
2025-04-11,HW-002,4,275.00
2025-04-11,HW-004,2,685.00
2025-04-11,HW-006,4,28.00
2025-04-11,HW-007,2,38.00
2025-04-11,HW-010,18,16.00
2025-04-11,PC-001,14,52.00
2025-04-11,PC-002,6,32.00
2025-04-11,PC-003,7,68.00
2025-04-11,PC-004,7,38.00
2025-04-11,PC-005,4,95.00
2025-04-11,PC-006,3,135.00
2025-04-11,PC-007,1,38.00
2025-04-11,PC-008,4,79.00
2025-04-11,PC-009,5,49.00
2025-04-11,SO-001,8,30.00
2025-04-11,SO-002,3,90.00
2025-04-11,SO-003,2,260.00
2025-04-11,SO-004,5,72.00
2025-04-11,SO-005,1,85.00
2025-04-11,SO-007,1,45.00
2025-04-11,SO-008,6,35.00
2025-04-12,FB-001,18,125.00
2025-04-12,FB-002,83,14.00
2025-04-12,FB-003,20,24.00
2025-04-12,FB-004,10,78.00
2025-04-12,FB-005,12,115.00
2025-04-12,FB-006,30,66.00
2025-04-12,FB-007,4,275.00
2025-04-12,FB-008,2,34.00
2025-04-12,FB-009,37,68.00
2025-04-12,HC-001,17,55.00
2025-04-12,HC-002,10,115.00
2025-04-12,HC-003,7,42.00
2025-04-12,HC-004,6,62.00
2025-04-12,HC-005,3,98.00
2025-04-12,HC-006,3,82.00
2025-04-12,HC-007,9,28.00
2025-04-12,HC-008,6,62.00
2025-04-12,HC-009,5,135.00
2025-04-12,HW-001,9,85.00
2025-04-12,HW-002,4,275.00
2025-04-12,HW-003,2,98.00
2025-04-12,HW-004,3,685.00
2025-04-12,HW-005,2,48.00
2025-04-12,HW-006,2,28.00
2025-04-12,HW-008,1,125.00
2025-04-12,HW-010,6,16.00
2025-04-12,PC-001,17,52.00
2025-04-12,PC-002,11,32.00
2025-04-12,PC-003,10,68.00
2025-04-12,PC-004,9,38.00
2025-04-12,PC-005,5,95.00
2025-04-12,PC-006,1,135.00
2025-04-12,PC-007,4,38.00
2025-04-12,PC-009,8,49.00
2025-04-12,SO-001,7,30.00
2025-04-12,SO-002,2,90.00
2025-04-12,SO-003,3,260.00
2025-04-12,SO-004,1,72.00
2025-04-12,SO-005,1,85.00
2025-04-12,SO-006,2,95.00
2025-04-12,SO-007,1,45.00
2025-04-12,SO-008,3,35.00
2025-04-12,SO-009,1,78.00
2025-04-13,FB-001,17,125.00
2025-04-13,FB-002,75,14.00
2025-04-13,FB-003,17,24.00
2025-04-13,FB-004,7,78.00
2025-04-13,FB-005,19,115.00
2025-04-13,FB-006,32,66.00
2025-04-13,FB-007,7,275.00
2025-04-13,FB-008,10,34.00
2025-04-13,FB-009,27,68.00
2025-04-13,HC-001,12,55.00
2025-04-13,HC-002,12,115.00
2025-04-13,HC-003,7,42.00
2025-04-13,HC-004,8,62.00
2025-04-13,HC-005,6,98.00
2025-04-13,HC-006,4,82.00
2025-04-13,HC-007,9,28.00
2025-04-13,HC-008,17,62.00
2025-04-13,HW-001,1,85.00
2025-04-13,HW-002,4,275.00
2025-04-13,HW-005,1,48.00
2025-04-13,HW-006,1,28.00
2025-04-13,HW-007,1,38.00
2025-04-13,PC-001,8,52.00
2025-04-13,PC-002,5,32.00
2025-04-13,PC-003,5,68.00
2025-04-13,PC-004,1,38.00
2025-04-13,PC-005,3,95.00
2025-04-13,PC-006,1,135.00
2025-04-13,PC-007,5,38.00
2025-04-13,PC-009,9,49.00
2025-04-13,SO-001,5,30.00
2025-04-13,SO-002,2,90.00
2025-04-13,SO-004,4,72.00
2025-04-13,SO-006,1,95.00
2025-04-13,SO-007,2,45.00
2025-04-13,SO-009,2,78.00
2025-04-14,FB-001,15,125.00
2025-04-14,FB-002,70,14.00
2025-04-14,FB-003,28,24.00
2025-04-14,FB-004,6,78.00
2025-04-14,FB-005,14,115.00
2025-04-14,FB-006,23,66.00
2025-04-14,FB-007,5,275.00
2025-04-14,FB-008,8,34.00
2025-04-14,FB-009,18,68.00
2025-04-14,HC-001,17,55.00
2025-04-14,HC-002,11,115.00
2025-04-14,HC-003,8,42.00
2025-04-14,HC-004,4,62.00
2025-04-14,HC-005,2,98.00
2025-04-14,HC-007,10,28.00
2025-04-14,HC-008,14,62.00
2025-04-14,HC-009,1,135.00
2025-04-14,HW-001,6,85.00
2025-04-14,HW-002,8,275.00
2025-04-14,HW-003,3,98.00
2025-04-14,HW-004,1,685.00
2025-04-14,HW-006,4,28.00
2025-04-14,PC-001,19,52.00
2025-04-14,PC-002,9,32.00
2025-04-14,PC-003,6,68.00
2025-04-14,PC-004,6,38.00
2025-04-14,PC-005,1,95.00
2025-04-14,PC-006,3,135.00
2025-04-14,PC-007,4,38.00
2025-04-14,PC-009,10,49.00
2025-04-14,SO-001,10,30.00
2025-04-14,SO-002,1,90.00
2025-04-14,SO-003,5,260.00
2025-04-14,SO-004,7,72.00
2025-04-14,SO-005,1,85.00
2025-04-14,SO-006,3,95.00
2025-04-14,SO-007,2,45.00
2025-04-14,SO-008,6,35.00
2025-04-14,SO-009,1,78.00
2025-04-15,FB-001,17,125.00
2025-04-15,FB-002,57,14.00
2025-04-15,FB-003,26,24.00
2025-04-15,FB-004,9,78.00
2025-04-15,FB-005,7,115.00
2025-04-15,FB-006,26,66.00
2025-04-15,FB-007,5,275.00
2025-04-15,FB-008,6,34.00
2025-04-15,FB-009,31,68.00
2025-04-15,HC-001,10,55.00
2025-04-15,HC-002,11,115.00
2025-04-15,HC-003,8,42.00
2025-04-15,HC-004,5,62.00
2025-04-15,HC-005,2,98.00
2025-04-15,HC-006,5,82.00
2025-04-15,HC-007,6,28.00
2025-04-15,HC-008,16,62.00
2025-04-15,HW-001,1,85.00
2025-04-15,HW-002,6,275.00
2025-04-15,HW-003,3,98.00
2025-04-15,HW-005,4,48.00
2025-04-15,HW-006,2,28.00
2025-04-15,HW-010,19,16.00
2025-04-15,PC-001,9,52.00
2025-04-15,PC-002,10,32.00
2025-04-15,PC-003,9,68.00
2025-04-15,PC-004,2,38.00
2025-04-15,PC-005,3,95.00
2025-04-15,PC-006,3,135.00
2025-04-15,PC-007,4,38.00
2025-04-15,PC-008,6,79.00
2025-04-15,PC-009,7,49.00
2025-04-15,SO-001,9,30.00
2025-04-15,SO-002,3,90.00
2025-04-15,SO-003,5,260.00
2025-04-15,SO-004,2,72.00
2025-04-15,SO-005,2,85.00
2025-04-15,SO-006,1,95.00
2025-04-15,SO-007,2,45.00
2025-04-15,SO-008,7,35.00
2025-04-15,SO-009,3,78.00
2025-04-16,FB-001,18,125.00
2025-04-16,FB-002,83,14.00
2025-04-16,FB-003,24,24.00
2025-04-16,FB-004,13,78.00
2025-04-16,FB-005,13,115.00
2025-04-16,FB-006,27,66.00
2025-04-16,FB-007,9,275.00
2025-04-16,FB-008,13,34.00
2025-04-16,FB-009,28,68.00
2025-04-16,HC-001,13,55.00
2025-04-16,HC-002,11,115.00
2025-04-16,HC-003,8,42.00
2025-04-16,HC-004,5,62.00
2025-04-16,HC-005,1,98.00
2025-04-16,HC-006,6,82.00
2025-04-16,HC-007,6,28.00
2025-04-16,HC-008,6,62.00
2025-04-16,HC-009,3,135.00
2025-04-16,HW-001,2,85.00
2025-04-16,HW-002,6,275.00
2025-04-16,HW-003,1,98.00
2025-04-16,HW-004,1,685.00
2025-04-16,HW-005,1,48.00
2025-04-16,HW-006,1,28.00
2025-04-16,HW-010,9,16.00
2025-04-16,PC-001,9,52.00
2025-04-16,PC-002,6,32.00
2025-04-16,PC-003,10,68.00
2025-04-16,PC-004,8,38.00
2025-04-16,PC-005,7,95.00
2025-04-16,PC-006,2,135.00
2025-04-16,PC-007,5,38.00
2025-04-16,PC-008,1,79.00
2025-04-16,PC-009,8,49.00
2025-04-16,SO-001,17,30.00
2025-04-16,SO-002,4,90.00
2025-04-16,SO-003,7,260.00
2025-04-16,SO-004,2,72.00
2025-04-16,SO-005,9,85.00
2025-04-16,SO-006,5,95.00
2025-04-16,SO-007,2,45.00
2025-04-16,SO-008,6,35.00
2025-04-17,FB-001,10,125.00
2025-04-17,FB-002,59,14.00
2025-04-17,FB-003,21,24.00
2025-04-17,FB-004,9,78.00
2025-04-17,FB-005,12,115.00
2025-04-17,FB-006,20,66.00
2025-04-17,FB-007,6,275.00
2025-04-17,FB-008,6,34.00
2025-04-17,FB-009,19,68.00
2025-04-17,HC-001,12,55.00
2025-04-17,HC-002,7,115.00
2025-04-17,HC-003,5,42.00
2025-04-17,HC-004,2,62.00
2025-04-17,HC-005,4,98.00
2025-04-17,HC-006,1,82.00
2025-04-17,HC-007,5,28.00
2025-04-17,HC-008,7,62.00
2025-04-17,HC-009,2,135.00
2025-04-17,HW-001,3,85.00
2025-04-17,HW-002,5,275.00
2025-04-17,HW-003,3,98.00
2025-04-17,HW-004,2,685.00
2025-04-17,HW-005,2,48.00
2025-04-17,HW-007,4,38.00
2025-04-17,HW-010,9,16.00
2025-04-17,PC-001,4,52.00
2025-04-17,PC-002,10,32.00
2025-04-17,PC-003,4,68.00
2025-04-17,PC-004,3,38.00
2025-04-17,PC-005,2,95.00
2025-04-17,PC-007,5,38.00
2025-04-17,PC-008,4,79.00
2025-04-17,PC-009,8,49.00
2025-04-17,SO-001,11,30.00
2025-04-17,SO-002,4,90.00
2025-04-17,SO-003,6,260.00
2025-04-17,SO-004,6,72.00
2025-04-17,SO-005,4,85.00
2025-04-17,SO-006,2,95.00
2025-04-17,SO-007,3,45.00
2025-04-17,SO-008,5,35.00
2025-04-17,SO-009,1,78.00
2025-04-18,FB-001,12,125.00
2025-04-18,FB-002,68,14.00
2025-04-18,FB-003,22,24.00
2025-04-18,FB-004,8,78.00
2025-04-18,FB-005,14,115.00
2025-04-18,FB-006,21,66.00
2025-04-18,FB-007,6,275.00
2025-04-18,FB-008,8,34.00
2025-04-18,FB-009,21,68.00
2025-04-18,HC-001,12,55.00
2025-04-18,HC-002,6,115.00
2025-04-18,HC-003,9,42.00
2025-04-18,HC-004,11,62.00
2025-04-18,HC-005,8,98.00
2025-04-18,HC-006,4,82.00
2025-04-18,HC-007,8,28.00
2025-04-18,HC-008,12,62.00
2025-04-18,HC-009,2,135.00
2025-04-18,HW-002,5,275.00
2025-04-18,HW-003,2,98.00
2025-04-18,HW-004,1,685.00
2025-04-18,HW-005,2,48.00
2025-04-18,HW-006,3,28.00
2025-04-18,HW-008,1,125.00
2025-04-18,HW-010,15,16.00
2025-04-18,PC-001,5,52.00
2025-04-18,PC-002,5,32.00
2025-04-18,PC-004,7,38.00
2025-04-18,PC-005,6,95.00
2025-04-18,PC-006,1,135.00
2025-04-18,PC-007,1,38.00
2025-04-18,PC-008,2,79.00
2025-04-18,PC-009,8,49.00
2025-04-18,SO-001,10,30.00
2025-04-18,SO-002,3,90.00
2025-04-18,SO-003,4,260.00
2025-04-18,SO-004,1,72.00
2025-04-18,SO-005,8,85.00
2025-04-18,SO-006,1,95.00
2025-04-18,SO-007,1,45.00
2025-04-18,SO-008,6,35.00
2025-04-19,FB-001,18,125.00
2025-04-19,FB-002,90,14.00
2025-04-19,FB-003,25,24.00
2025-04-19,FB-004,11,78.00
2025-04-19,FB-005,10,115.00
2025-04-19,FB-006,39,66.00
2025-04-19,FB-007,9,275.00
2025-04-19,FB-008,13,34.00
2025-04-19,FB-009,31,68.00
2025-04-19,HC-001,10,55.00
2025-04-19,HC-002,12,115.00
2025-04-19,HC-003,7,42.00
2025-04-19,HC-004,6,62.00
2025-04-19,HC-005,9,98.00
2025-04-19,HC-006,2,82.00
2025-04-19,HC-007,8,28.00
2025-04-19,HC-008,11,62.00
2025-04-19,HC-009,3,135.00
2025-04-19,HW-001,3,85.00
2025-04-19,HW-002,7,275.00
2025-04-19,HW-003,1,98.00
2025-04-19,HW-004,2,685.00
2025-04-19,HW-005,3,48.00
2025-04-19,HW-006,2,28.00
2025-04-19,HW-010,18,16.00
2025-04-19,PC-001,14,52.00
2025-04-19,PC-002,9,32.00
2025-04-19,PC-003,11,68.00
2025-04-19,PC-004,5,38.00
2025-04-19,PC-005,7,95.00
2025-04-19,PC-006,4,135.00
2025-04-19,PC-007,5,38.00
2025-04-19,PC-008,3,79.00
2025-04-19,PC-009,12,49.00
2025-04-19,SO-001,7,30.00
2025-04-19,SO-002,6,90.00
2025-04-19,SO-003,3,260.00
2025-04-19,SO-004,2,72.00
2025-04-19,SO-005,3,85.00
2025-04-19,SO-006,3,95.00
2025-04-19,SO-007,9,45.00
2025-04-19,SO-008,4,35.00
2025-04-20,FB-001,9,125.00
2025-04-20,FB-002,82,14.00
2025-04-20,FB-003,24,24.00
2025-04-20,FB-004,15,78.00
2025-04-20,FB-005,11,115.00
2025-04-20,FB-006,28,66.00
2025-04-20,FB-007,9,275.00
2025-04-20,FB-008,9,34.00
2025-04-20,FB-009,27,68.00
2025-04-20,HC-001,15,55.00
2025-04-20,HC-002,11,115.00
2025-04-20,HC-003,6,42.00
2025-04-20,HC-004,11,62.00
2025-04-20,HC-005,6,98.00
2025-04-20,HC-006,6,82.00
2025-04-20,HC-007,6,28.00
2025-04-20,HC-008,17,62.00
2025-04-20,HC-009,2,135.00
2025-04-20,HW-002,4,275.00
2025-04-20,HW-005,1,48.00
2025-04-20,HW-008,1,125.00
2025-04-20,HW-010,11,16.00
2025-04-20,PC-001,12,52.00
2025-04-20,PC-002,4,32.00
2025-04-20,PC-003,6,68.00
2025-04-20,PC-004,4,38.00
2025-04-20,PC-005,1,95.00
2025-04-20,PC-006,4,135.00
2025-04-20,PC-007,1,38.00
2025-04-20,PC-008,3,79.00
2025-04-20,PC-009,15,49.00
2025-04-20,SO-001,14,30.00
2025-04-20,SO-002,4,90.00
2025-04-20,SO-003,2,260.00
2025-04-20,SO-004,1,72.00
2025-04-20,SO-005,4,85.00
2025-04-20,SO-006,7,95.00
2025-04-20,SO-007,3,45.00
2025-04-20,SO-008,1,35.00
2025-04-21,FB-001,15,125.00
2025-04-21,FB-002,66,14.00
2025-04-21,FB-003,21,24.00
2025-04-21,FB-004,11,78.00
2025-04-21,FB-005,10,115.00
2025-04-21,FB-006,21,66.00
2025-04-21,FB-007,4,275.00
2025-04-21,FB-008,8,34.00
2025-04-21,FB-009,20,68.00
2025-04-21,HC-001,13,55.00
2025-04-21,HC-002,3,115.00
2025-04-21,HC-003,1,42.00
2025-04-21,HC-004,3,62.00
2025-04-21,HC-006,2,82.00
2025-04-21,HC-007,5,28.00
2025-04-21,HC-008,11,62.00
2025-04-21,HW-001,2,85.00
2025-04-21,HW-002,4,275.00
2025-04-21,HW-003,3,98.00
2025-04-21,HW-004,1,685.00
2025-04-21,HW-006,1,28.00
2025-04-21,HW-007,1,38.00
2025-04-21,HW-008,1,125.00
2025-04-21,HW-010,8,16.00
2025-04-21,PC-001,13,52.00
2025-04-21,PC-002,7,32.00
2025-04-21,PC-003,7,68.00
2025-04-21,PC-004,2,38.00
2025-04-21,PC-005,3,95.00
2025-04-21,PC-006,3,135.00
2025-04-21,PC-007,3,38.00
2025-04-21,PC-008,2,79.00
2025-04-21,PC-009,7,49.00
2025-04-21,SO-001,13,30.00
2025-04-21,SO-002,8,90.00
2025-04-21,SO-003,6,260.00
2025-04-21,SO-004,5,72.00
2025-04-21,SO-005,3,85.00
2025-04-21,SO-006,2,95.00
2025-04-21,SO-007,2,45.00
2025-04-21,SO-008,6,35.00
2025-04-21,SO-009,2,78.00
2025-04-22,FB-001,18,125.00
2025-04-22,FB-002,66,14.00
2025-04-22,FB-003,14,24.00
2025-04-22,FB-004,9,78.00
2025-04-22,FB-005,13,115.00
2025-04-22,FB-006,21,66.00
2025-04-22,FB-007,2,275.00
2025-04-22,FB-008,7,34.00
2025-04-22,FB-009,31,68.00
2025-04-22,HC-001,13,55.00
2025-04-22,HC-002,5,115.00
2025-04-22,HC-003,6,42.00
2025-04-22,HC-004,8,62.00
2025-04-22,HC-005,3,98.00
2025-04-22,HC-006,3,82.00
2025-04-22,HC-007,9,28.00
2025-04-22,HC-008,7,62.00
2025-04-22,HW-001,2,85.00
2025-04-22,HW-002,6,275.00
2025-04-22,HW-006,3,28.00
2025-04-22,HW-007,1,38.00
2025-04-22,HW-008,3,125.00
2025-04-22,HW-010,6,16.00
2025-04-22,PC-001,9,52.00
2025-04-22,PC-002,6,32.00
2025-04-22,PC-003,5,68.00
2025-04-22,PC-004,6,38.00
2025-04-22,PC-005,3,95.00
2025-04-22,PC-006,4,135.00
2025-04-22,PC-007,4,38.00
2025-04-22,PC-008,2,79.00
2025-04-22,PC-009,7,49.00
2025-04-22,SO-001,16,30.00
2025-04-22,SO-002,5,90.00
2025-04-22,SO-003,13,260.00
2025-04-22,SO-004,5,72.00
2025-04-22,SO-005,3,85.00
2025-04-22,SO-006,10,95.00
2025-04-22,SO-007,1,45.00
2025-04-22,SO-008,8,35.00
2025-04-22,SO-009,1,78.00
2025-04-23,FB-001,21,125.00
2025-04-23,FB-002,70,14.00
2025-04-23,FB-003,17,24.00
2025-04-23,FB-004,5,78.00
2025-04-23,FB-005,9,115.00
2025-04-23,FB-006,30,66.00
2025-04-23,FB-007,7,275.00
2025-04-23,FB-008,8,34.00
2025-04-23,FB-009,25,68.00
2025-04-23,HC-001,6,55.00
2025-04-23,HC-002,8,115.00
2025-04-23,HC-003,7,42.00
2025-04-23,HC-005,3,98.00
2025-04-23,HC-006,2,82.00
2025-04-23,HC-007,5,28.00
2025-04-23,HC-008,5,62.00
2025-04-23,HC-009,1,135.00
2025-04-23,HW-001,4,85.00
2025-04-23,HW-002,5,275.00
2025-04-23,HW-004,3,685.00
2025-04-23,HW-005,1,48.00
2025-04-23,HW-006,1,28.00
2025-04-23,HW-007,1,38.00
2025-04-23,HW-010,19,16.00
2025-04-23,PC-001,11,52.00
2025-04-23,PC-002,4,32.00
2025-04-23,PC-003,1,68.00
2025-04-23,PC-004,1,38.00
2025-04-23,PC-005,4,95.00
2025-04-23,PC-006,1,135.00
2025-04-23,PC-007,6,38.00
2025-04-23,PC-008,3,79.00
2025-04-23,PC-009,3,49.00
2025-04-23,SO-001,15,30.00
2025-04-23,SO-002,2,90.00
2025-04-23,SO-003,7,260.00
2025-04-23,SO-004,7,72.00
2025-04-23,SO-005,3,85.00
2025-04-23,SO-006,5,95.00
2025-04-23,SO-007,2,45.00
2025-04-23,SO-008,1,35.00
2025-04-23,SO-009,4,78.00
2025-04-24,FB-001,16,125.00
2025-04-24,FB-002,68,14.00
2025-04-24,FB-003,32,24.00
2025-04-24,FB-004,13,78.00
2025-04-24,FB-005,9,115.00
2025-04-24,FB-006,34,66.00
2025-04-24,FB-007,6,275.00
2025-04-24,FB-008,7,34.00
2025-04-24,FB-009,30,68.00
2025-04-24,HC-001,17,55.00
2025-04-24,HC-002,3,115.00
2025-04-24,HC-003,8,42.00
2025-04-24,HC-004,2,62.00
2025-04-24,HC-005,6,98.00
2025-04-24,HC-006,4,82.00
2025-04-24,HC-007,5,28.00
2025-04-24,HC-008,10,62.00
2025-04-24,HC-009,1,135.00
2025-04-24,HW-001,4,85.00
2025-04-24,HW-002,13,275.00
2025-04-24,HW-004,3,685.00
2025-04-24,HW-005,1,48.00
2025-04-24,HW-006,1,28.00
2025-04-24,HW-010,10,16.00
2025-04-24,PC-001,7,52.00
2025-04-24,PC-002,9,32.00
2025-04-24,PC-003,2,68.00
2025-04-24,PC-004,6,38.00
2025-04-24,PC-005,3,95.00
2025-04-24,PC-006,2,135.00
2025-04-24,PC-007,6,38.00
2025-04-24,PC-008,4,79.00
2025-04-24,PC-009,7,49.00
2025-04-24,SO-001,22,30.00
2025-04-24,SO-002,5,90.00
2025-04-24,SO-003,4,260.00
2025-04-24,SO-004,5,72.00
2025-04-24,SO-005,2,85.00
2025-04-24,SO-006,3,95.00
2025-04-24,SO-007,5,45.00
2025-04-24,SO-008,1,35.00
2025-04-24,SO-009,3,78.00
2025-04-25,FB-001,23,125.00
2025-04-25,FB-002,71,14.00
2025-04-25,FB-003,27,24.00
2025-04-25,FB-004,10,78.00
2025-04-25,FB-005,7,115.00
2025-04-25,FB-006,28,66.00
2025-04-25,FB-007,5,275.00
2025-04-25,FB-008,12,34.00
2025-04-25,FB-009,27,68.00
2025-04-25,HC-001,15,55.00
2025-04-25,HC-002,12,115.00
2025-04-25,HC-003,3,42.00
2025-04-25,HC-004,5,62.00
2025-04-25,HC-005,5,98.00
2025-04-25,HC-006,3,82.00
2025-04-25,HC-007,8,28.00
2025-04-25,HC-008,7,62.00
2025-04-25,HW-001,3,85.00
2025-04-25,HW-002,8,275.00
2025-04-25,HW-004,1,685.00
2025-04-25,HW-005,1,48.00
2025-04-25,HW-006,1,28.00
2025-04-25,HW-010,14,16.00
2025-04-25,PC-001,15,52.00
2025-04-25,PC-002,4,32.00
2025-04-25,PC-003,8,68.00
2025-04-25,PC-004,5,38.00
2025-04-25,PC-006,4,135.00
2025-04-25,PC-007,5,38.00
2025-04-25,PC-008,6,79.00
2025-04-25,PC-009,9,49.00
2025-04-25,SO-001,21,30.00
2025-04-25,SO-002,6,90.00
2025-04-25,SO-003,5,260.00
2025-04-25,SO-004,7,72.00
2025-04-25,SO-005,2,85.00
2025-04-25,SO-006,2,95.00
2025-04-25,SO-007,3,45.00
2025-04-25,SO-008,5,35.00
2025-04-26,FB-001,23,125.00
2025-04-26,FB-002,45,14.00
2025-04-26,FB-003,35,24.00
2025-04-26,FB-004,9,78.00
2025-04-26,FB-005,14,115.00
2025-04-26,FB-006,42,66.00
2025-04-26,FB-007,12,275.00
2025-04-26,FB-008,9,34.00
2025-04-26,FB-009,42,68.00
2025-04-26,HC-001,9,55.00
2025-04-26,HC-002,14,115.00
2025-04-26,HC-003,5,42.00
2025-04-26,HC-004,4,62.00
2025-04-26,HC-005,1,98.00
2025-04-26,HC-006,2,82.00
2025-04-26,HC-007,7,28.00
2025-04-26,HC-008,7,62.00
2025-04-26,HC-009,2,135.00
2025-04-26,HW-001,7,85.00
2025-04-26,HW-002,15,275.00
2025-04-26,HW-004,1,685.00
2025-04-26,HW-005,1,48.00
2025-04-26,HW-006,1,28.00
2025-04-26,HW-007,2,38.00
2025-04-26,HW-008,2,125.00
2025-04-26,HW-010,12,16.00
2025-04-26,PC-001,12,52.00
2025-04-26,PC-002,9,32.00
2025-04-26,PC-003,4,68.00
2025-04-26,PC-004,5,38.00
2025-04-26,PC-005,5,95.00
2025-04-26,PC-006,1,135.00
2025-04-26,PC-007,8,38.00
2025-04-26,PC-008,2,79.00
2025-04-26,PC-009,5,49.00
2025-04-26,SO-001,17,30.00
2025-04-26,SO-002,4,90.00
2025-04-26,SO-003,5,260.00
2025-04-26,SO-004,5,72.00
2025-04-26,SO-005,1,85.00
2025-04-26,SO-006,2,95.00
2025-04-26,SO-007,1,45.00
2025-04-26,SO-008,5,35.00
2025-04-26,SO-009,1,78.00
2025-04-27,FB-001,20,125.00
2025-04-27,FB-002,90,14.00
2025-04-27,FB-003,37,24.00
2025-04-27,FB-004,8,78.00
2025-04-27,FB-005,10,115.00
2025-04-27,FB-006,30,66.00
2025-04-27,FB-007,11,275.00
2025-04-27,FB-008,20,34.00
2025-04-27,FB-009,26,68.00
2025-04-27,HC-001,12,55.00
2025-04-27,HC-002,9,115.00
2025-04-27,HC-003,2,42.00
2025-04-27,HC-004,6,62.00
2025-04-27,HC-005,3,98.00
2025-04-27,HC-006,3,82.00
2025-04-27,HC-007,4,28.00
2025-04-27,HC-008,13,62.00
2025-04-27,HC-009,1,135.00
2025-04-27,HW-001,1,85.00
2025-04-27,HW-002,4,275.00
2025-04-27,HW-003,2,98.00
2025-04-27,HW-006,1,28.00
2025-04-27,HW-008,2,125.00
2025-04-27,HW-010,5,16.00
2025-04-27,PC-001,13,52.00
2025-04-27,PC-002,13,32.00
2025-04-27,PC-003,3,68.00
2025-04-27,PC-004,2,38.00
2025-04-27,PC-005,4,95.00
2025-04-27,PC-006,1,135.00
2025-04-27,PC-007,3,38.00
2025-04-27,PC-008,10,79.00
2025-04-27,PC-009,7,49.00
2025-04-27,SO-001,15,30.00
2025-04-27,SO-002,3,90.00
2025-04-27,SO-003,3,260.00
2025-04-27,SO-004,5,72.00
2025-04-27,SO-005,1,85.00
2025-04-27,SO-006,1,95.00
2025-04-27,SO-007,2,45.00
2025-04-27,SO-008,4,35.00
2025-04-27,SO-009,1,78.00
2025-04-28,FB-001,12,125.00
2025-04-28,FB-002,59,14.00
2025-04-28,FB-003,19,24.00
2025-04-28,FB-004,5,78.00
2025-04-28,FB-005,11,115.00
2025-04-28,FB-006,30,66.00
2025-04-28,FB-007,12,275.00
2025-04-28,FB-008,9,34.00
2025-04-28,FB-009,24,68.00
2025-04-28,HC-001,8,55.00
2025-04-28,HC-002,5,115.00
2025-04-28,HC-003,10,42.00
2025-04-28,HC-004,4,62.00
2025-04-28,HC-005,3,98.00
2025-04-28,HC-006,2,82.00
2025-04-28,HC-007,5,28.00
2025-04-28,HC-008,5,62.00
2025-04-28,HC-009,2,135.00
2025-04-28,HW-001,3,85.00
2025-04-28,HW-002,6,275.00
2025-04-28,HW-003,2,98.00
2025-04-28,HW-004,2,685.00
2025-04-28,HW-005,1,48.00
2025-04-28,HW-006,6,28.00
2025-04-28,HW-007,1,38.00
2025-04-28,HW-008,1,125.00
2025-04-28,HW-010,9,16.00
2025-04-28,PC-001,7,52.00
2025-04-28,PC-002,14,32.00
2025-04-28,PC-003,5,68.00
2025-04-28,PC-004,8,38.00
2025-04-28,PC-005,2,95.00
2025-04-28,PC-007,1,38.00
2025-04-28,PC-008,4,79.00
2025-04-28,PC-009,5,49.00
2025-04-28,SO-001,30,30.00
2025-04-28,SO-002,2,90.00
2025-04-28,SO-003,4,260.00
2025-04-28,SO-004,8,72.00
2025-04-28,SO-005,2,85.00
2025-04-28,SO-006,2,95.00
2025-04-28,SO-007,2,45.00
2025-04-28,SO-008,9,35.00
2025-04-29,FB-001,16,125.00
2025-04-29,FB-002,72,14.00
2025-04-29,FB-003,13,24.00
2025-04-29,FB-004,12,78.00
2025-04-29,FB-005,10,115.00
2025-04-29,FB-006,21,66.00
2025-04-29,FB-007,5,275.00
2025-04-29,FB-008,8,34.00
2025-04-29,FB-009,29,68.00
2025-04-29,HC-001,11,55.00
2025-04-29,HC-002,10,115.00
2025-04-29,HC-003,2,42.00
2025-04-29,HC-004,6,62.00
2025-04-29,HC-005,1,98.00
2025-04-29,HC-006,2,82.00
2025-04-29,HC-007,2,28.00
2025-04-29,HC-008,6,62.00
2025-04-29,HC-009,1,135.00
2025-04-29,HW-001,3,85.00
2025-04-29,HW-002,6,275.00
2025-04-29,HW-003,1,98.00
2025-04-29,HW-004,1,685.00
2025-04-29,HW-006,2,28.00
2025-04-29,HW-010,24,16.00
2025-04-29,PC-001,14,52.00
2025-04-29,PC-002,6,32.00
2025-04-29,PC-003,3,68.00
2025-04-29,PC-004,6,38.00
2025-04-29,PC-005,7,95.00
2025-04-29,PC-006,3,135.00
2025-04-29,PC-007,6,38.00
2025-04-29,PC-008,7,79.00
2025-04-29,PC-009,8,49.00
2025-04-29,SO-001,21,30.00
2025-04-29,SO-002,8,90.00
2025-04-29,SO-003,3,260.00
2025-04-29,SO-004,9,72.00
2025-04-29,SO-005,4,85.00
2025-04-29,SO-006,7,95.00
2025-04-29,SO-007,2,45.00
2025-04-29,SO-008,5,35.00
2025-04-29,SO-009,4,78.00
2025-04-30,FB-001,15,125.00
2025-04-30,FB-002,78,14.00
2025-04-30,FB-003,24,24.00
2025-04-30,FB-004,6,78.00
2025-04-30,FB-005,14,115.00
2025-04-30,FB-006,24,66.00
2025-04-30,FB-007,8,275.00
2025-04-30,FB-008,11,34.00
2025-04-30,FB-009,38,68.00
2025-04-30,HC-001,10,55.00
2025-04-30,HC-002,3,115.00
2025-04-30,HC-003,2,42.00
2025-04-30,HC-004,5,62.00
2025-04-30,HC-005,3,98.00
2025-04-30,HC-006,1,82.00
2025-04-30,HC-007,8,28.00
2025-04-30,HC-008,5,62.00
2025-04-30,HC-009,3,135.00
2025-04-30,HW-001,2,85.00
2025-04-30,HW-003,2,98.00
2025-04-30,HW-004,2,685.00
2025-04-30,HW-005,1,48.00
2025-04-30,HW-006,1,28.00
2025-04-30,HW-010,26,16.00
2025-04-30,PC-001,9,52.00
2025-04-30,PC-002,9,32.00
2025-04-30,PC-003,6,68.00
2025-04-30,PC-004,4,38.00
2025-04-30,PC-005,3,95.00
2025-04-30,PC-006,6,135.00
2025-04-30,PC-007,2,38.00
2025-04-30,PC-008,4,79.00
2025-04-30,PC-009,8,49.00
2025-04-30,SO-001,16,30.00
2025-04-30,SO-002,7,90.00
2025-04-30,SO-003,4,260.00
2025-04-30,SO-004,5,72.00
2025-04-30,SO-005,8,85.00
2025-04-30,SO-006,6,95.00
2025-04-30,SO-007,5,45.00
2025-04-30,SO-008,7,35.00
2025-04-30,SO-009,2,78.00
2025-05-01,FB-001,23,125.00
2025-05-01,FB-002,74,14.00
2025-05-01,FB-003,24,24.00
2025-05-01,FB-004,11,78.00
2025-05-01,FB-005,12,115.00
2025-05-01,FB-006,25,66.00
2025-05-01,FB-007,12,275.00
2025-05-01,FB-008,9,34.00
2025-05-01,FB-009,31,68.00
2025-05-01,HC-001,15,55.00
2025-05-01,HC-002,8,115.00
2025-05-01,HC-003,4,42.00
2025-05-01,HC-004,5,62.00
2025-05-01,HC-005,3,98.00
2025-05-01,HC-006,3,82.00
2025-05-01,HC-007,7,28.00
2025-05-01,HC-008,6,62.00
2025-05-01,HC-009,1,135.00
2025-05-01,HW-001,1,85.00
2025-05-01,HW-004,1,685.00
2025-05-01,HW-005,1,48.00
2025-05-01,HW-006,1,28.00
2025-05-01,HW-008,1,125.00
2025-05-01,HW-010,24,16.00
2025-05-01,PC-001,10,52.00
2025-05-01,PC-002,10,32.00
2025-05-01,PC-003,6,68.00
2025-05-01,PC-004,1,38.00
2025-05-01,PC-005,3,95.00
2025-05-01,PC-006,3,135.00
2025-05-01,PC-007,3,38.00
2025-05-01,PC-008,3,79.00
2025-05-01,PC-009,8,49.00
2025-05-01,SO-001,16,30.00
2025-05-01,SO-002,8,90.00
2025-05-01,SO-003,9,260.00
2025-05-01,SO-004,12,72.00
2025-05-01,SO-005,8,85.00
2025-05-01,SO-006,4,95.00
2025-05-01,SO-007,2,45.00
2025-05-01,SO-008,8,35.00
2025-05-01,SO-009,1,78.00
2025-05-02,FB-001,19,125.00
2025-05-02,FB-002,70,14.00
2025-05-02,FB-003,13,24.00
2025-05-02,FB-004,9,78.00
2025-05-02,FB-005,10,115.00
2025-05-02,FB-006,20,66.00
2025-05-02,FB-007,14,275.00
2025-05-02,FB-008,10,34.00
2025-05-02,FB-009,15,68.00
2025-05-02,HC-001,15,55.00
2025-05-02,HC-002,7,115.00
2025-05-02,HC-003,2,42.00
2025-05-02,HC-004,13,62.00
2025-05-02,HC-005,2,98.00
2025-05-02,HC-006,7,82.00
2025-05-02,HC-007,6,28.00
2025-05-02,HC-008,10,62.00
2025-05-02,HC-009,1,135.00
2025-05-02,HW-001,3,85.00
2025-05-02,HW-004,2,685.00
2025-05-02,HW-005,2,48.00
2025-05-02,HW-007,1,38.00
2025-05-02,HW-008,1,125.00
2025-05-02,HW-010,29,16.00
2025-05-02,PC-001,17,52.00
2025-05-02,PC-002,9,32.00
2025-05-02,PC-003,9,68.00
2025-05-02,PC-004,7,38.00
2025-05-02,PC-005,3,95.00
2025-05-02,PC-007,2,38.00
2025-05-02,PC-008,7,79.00
2025-05-02,PC-009,3,49.00
2025-05-02,SO-001,18,30.00
2025-05-02,SO-002,4,90.00
2025-05-02,SO-003,2,260.00
2025-05-02,SO-004,11,72.00
2025-05-02,SO-005,6,85.00
2025-05-02,SO-006,6,95.00
2025-05-02,SO-007,1,45.00
2025-05-02,SO-008,6,35.00
2025-05-02,SO-009,4,78.00
2025-05-03,FB-001,23,125.00
2025-05-03,FB-002,97,14.00
2025-05-03,FB-003,20,24.00
2025-05-03,FB-004,15,78.00
2025-05-03,FB-005,13,115.00
2025-05-03,FB-006,40,66.00
2025-05-03,FB-007,6,275.00
2025-05-03,FB-008,9,34.00
2025-05-03,FB-009,34,68.00
2025-05-03,HC-001,12,55.00
2025-05-03,HC-002,9,115.00
2025-05-03,HC-003,5,42.00
2025-05-03,HC-004,11,62.00
2025-05-03,HC-005,6,98.00
2025-05-03,HC-006,3,82.00
2025-05-03,HC-007,4,28.00
2025-05-03,HC-008,11,62.00
2025-05-03,HC-009,4,135.00
2025-05-03,HW-001,4,85.00
2025-05-03,HW-002,9,275.00
2025-05-03,HW-003,3,98.00
2025-05-03,HW-006,3,28.00
2025-05-03,HW-007,1,38.00
2025-05-03,HW-008,4,125.00
2025-05-03,HW-010,29,16.00
2025-05-03,PC-001,14,52.00
2025-05-03,PC-002,4,32.00
2025-05-03,PC-003,9,68.00
2025-05-03,PC-004,5,38.00
2025-05-03,PC-005,2,95.00
2025-05-03,PC-006,2,135.00
2025-05-03,PC-007,7,38.00
2025-05-03,PC-008,5,79.00
2025-05-03,PC-009,12,49.00
2025-05-03,SO-001,13,30.00
2025-05-03,SO-002,5,90.00
2025-05-03,SO-003,5,260.00
2025-05-03,SO-004,2,72.00
2025-05-03,SO-005,4,85.00
2025-05-03,SO-006,3,95.00
2025-05-03,SO-007,3,45.00
2025-05-03,SO-008,6,35.00
2025-05-03,SO-009,4,78.00
2025-05-04,FB-001,6,125.00
2025-05-04,FB-002,82,14.00
2025-05-04,FB-003,26,24.00
2025-05-04,FB-004,11,78.00
2025-05-04,FB-005,10,115.00
2025-05-04,FB-006,33,66.00
2025-05-04,FB-007,10,275.00
2025-05-04,FB-008,7,34.00
2025-05-04,FB-009,25,68.00
2025-05-04,HC-001,13,55.00
2025-05-04,HC-002,8,115.00
2025-05-04,HC-003,3,42.00
2025-05-04,HC-004,16,62.00
2025-05-04,HC-006,2,82.00
2025-05-04,HC-007,3,28.00
2025-05-04,HC-008,12,62.00
2025-05-04,HW-002,2,275.00
2025-05-04,HW-003,1,98.00
2025-05-04,HW-008,1,125.00
2025-05-04,HW-010,4,16.00
2025-05-04,PC-001,5,52.00
2025-05-04,PC-002,4,32.00
2025-05-04,PC-003,6,68.00
2025-05-04,PC-004,6,38.00
2025-05-04,PC-005,5,95.00
2025-05-04,PC-006,1,135.00
2025-05-04,PC-007,2,38.00
2025-05-04,PC-008,5,79.00
2025-05-04,PC-009,5,49.00
2025-05-04,SO-001,15,30.00
2025-05-04,SO-002,4,90.00
2025-05-04,SO-003,4,260.00
2025-05-04,SO-004,4,72.00
2025-05-04,SO-005,4,85.00
2025-05-04,SO-006,2,95.00
2025-05-04,SO-007,1,45.00
2025-05-04,SO-008,6,35.00
2025-05-04,SO-009,3,78.00
2025-05-05,FB-001,10,125.00
2025-05-05,FB-002,65,14.00
2025-05-05,FB-003,11,24.00
2025-05-05,FB-004,7,78.00
2025-05-05,FB-005,15,115.00
2025-05-05,FB-006,19,66.00
2025-05-05,FB-007,8,275.00
2025-05-05,FB-008,5,34.00
2025-05-05,FB-009,18,68.00
2025-05-05,HC-001,13,55.00
2025-05-05,HC-002,6,115.00
2025-05-05,HC-003,3,42.00
2025-05-05,HC-004,7,62.00
2025-05-05,HC-005,4,98.00
2025-05-05,HC-006,4,82.00
2025-05-05,HC-007,1,28.00
2025-05-05,HC-008,6,62.00
2025-05-05,HC-009,1,135.00
2025-05-05,HW-001,2,85.00
2025-05-05,HW-002,10,275.00
2025-05-05,HW-003,2,98.00
2025-05-05,HW-004,2,685.00
2025-05-05,HW-005,2,48.00
2025-05-05,HW-006,5,28.00
2025-05-05,HW-007,1,38.00
2025-05-05,HW-008,1,125.00
2025-05-05,PC-001,9,52.00
2025-05-05,PC-002,3,32.00
2025-05-05,PC-003,7,68.00
2025-05-05,PC-004,8,38.00
2025-05-05,PC-005,3,95.00
2025-05-05,PC-006,4,135.00
2025-05-05,PC-007,3,38.00
2025-05-05,PC-008,4,79.00
2025-05-05,PC-009,8,49.00
2025-05-05,SO-001,27,30.00
2025-05-05,SO-002,5,90.00
2025-05-05,SO-003,8,260.00
2025-05-05,SO-004,6,72.00
2025-05-05,SO-005,3,85.00
2025-05-05,SO-006,2,95.00
2025-05-05,SO-007,5,45.00
2025-05-05,SO-008,7,35.00
2025-05-05,SO-009,5,78.00
2025-05-06,FB-001,13,125.00
2025-05-06,FB-002,53,14.00
2025-05-06,FB-003,16,24.00
2025-05-06,FB-004,11,78.00
2025-05-06,FB-005,8,115.00
2025-05-06,FB-006,30,66.00
2025-05-06,FB-007,7,275.00
2025-05-06,FB-008,5,34.00
2025-05-06,FB-009,24,68.00
2025-05-06,HC-001,11,55.00
2025-05-06,HC-002,4,115.00
2025-05-06,HC-003,4,42.00
2025-05-06,HC-004,5,62.00
2025-05-06,HC-005,3,98.00
2025-05-06,HC-006,3,82.00
2025-05-06,HC-007,6,28.00
2025-05-06,HC-008,7,62.00
2025-05-06,HW-001,1,85.00
2025-05-06,HW-002,5,275.00
2025-05-06,HW-003,4,98.00
2025-05-06,HW-006,2,28.00
2025-05-06,HW-010,11,16.00
2025-05-06,PC-001,13,52.00
2025-05-06,PC-002,5,32.00
2025-05-06,PC-003,7,68.00
2025-05-06,PC-004,4,38.00
2025-05-06,PC-005,4,95.00
2025-05-06,PC-006,5,135.00
2025-05-06,PC-007,2,38.00
2025-05-06,PC-008,5,79.00
2025-05-06,PC-009,7,49.00
2025-05-06,SO-001,22,30.00
2025-05-06,SO-002,5,90.00
2025-05-06,SO-003,5,260.00
2025-05-06,SO-004,4,72.00
2025-05-06,SO-005,8,85.00
2025-05-06,SO-007,1,45.00
2025-05-06,SO-008,6,35.00
2025-05-06,SO-009,1,78.00
2025-05-07,FB-001,11,125.00
2025-05-07,FB-002,53,14.00
2025-05-07,FB-003,26,24.00
2025-05-07,FB-004,9,78.00
2025-05-07,FB-005,11,115.00
2025-05-07,FB-006,33,66.00
2025-05-07,FB-007,7,275.00
2025-05-07,FB-008,5,34.00
2025-05-07,FB-009,22,68.00
2025-05-07,HC-001,12,55.00
2025-05-07,HC-002,5,115.00
2025-05-07,HC-003,3,42.00
2025-05-07,HC-004,6,62.00
2025-05-07,HC-005,4,98.00
2025-05-07,HC-006,1,82.00
2025-05-07,HC-007,5,28.00
2025-05-07,HC-008,5,62.00
2025-05-07,HC-009,1,135.00
2025-05-07,HW-001,1,85.00
2025-05-07,HW-002,10,275.00
2025-05-07,HW-003,3,98.00
2025-05-07,HW-004,1,685.00
2025-05-07,HW-006,2,28.00
2025-05-07,HW-008,1,125.00
2025-05-07,HW-010,10,16.00
2025-05-07,PC-001,8,52.00
2025-05-07,PC-002,9,32.00
2025-05-07,PC-003,6,68.00
2025-05-07,PC-004,2,38.00
2025-05-07,PC-005,7,95.00
2025-05-07,PC-006,1,135.00
2025-05-07,PC-007,2,38.00
2025-05-07,PC-008,4,79.00
2025-05-07,PC-009,2,49.00
2025-05-07,SO-001,30,30.00
2025-05-07,SO-002,6,90.00
2025-05-07,SO-003,6,260.00
2025-05-07,SO-004,12,72.00
2025-05-07,SO-005,4,85.00
2025-05-07,SO-006,6,95.00
2025-05-07,SO-007,2,45.00
2025-05-07,SO-008,11,35.00
2025-05-07,SO-009,3,78.00
2025-05-08,FB-001,15,125.00
2025-05-08,FB-002,57,14.00
2025-05-08,FB-003,27,24.00
2025-05-08,FB-004,9,78.00
2025-05-08,FB-005,13,115.00
2025-05-08,FB-006,27,66.00
2025-05-08,FB-007,9,275.00
2025-05-08,FB-008,10,34.00
2025-05-08,FB-009,22,68.00
2025-05-08,HC-001,12,55.00
2025-05-08,HC-002,8,115.00
2025-05-08,HC-003,5,42.00
2025-05-08,HC-004,3,62.00
2025-05-08,HC-005,7,98.00
2025-05-08,HC-006,1,82.00
2025-05-08,HC-007,3,28.00
2025-05-08,HC-008,9,62.00
2025-05-08,HC-009,3,135.00
2025-05-08,HW-001,5,85.00
2025-05-08,HW-002,2,275.00
2025-05-08,HW-003,1,98.00
2025-05-08,HW-004,1,685.00
2025-05-08,HW-007,2,38.00
2025-05-08,HW-008,1,125.00
2025-05-08,HW-010,9,16.00
2025-05-08,PC-001,13,52.00
2025-05-08,PC-002,3,32.00
2025-05-08,PC-003,8,68.00
2025-05-08,PC-004,4,38.00
2025-05-08,PC-005,6,95.00
2025-05-08,PC-006,3,135.00
2025-05-08,PC-007,2,38.00
2025-05-08,PC-008,4,79.00
2025-05-08,PC-009,4,49.00
2025-05-08,SO-001,22,30.00
2025-05-08,SO-002,14,90.00
2025-05-08,SO-003,5,260.00
2025-05-08,SO-004,10,72.00
2025-05-08,SO-005,8,85.00
2025-05-08,SO-006,6,95.00
2025-05-08,SO-007,2,45.00
2025-05-08,SO-008,6,35.00
2025-05-08,SO-009,5,78.00
2025-05-09,FB-001,15,125.00
2025-05-09,FB-002,78,14.00
2025-05-09,FB-003,28,24.00
2025-05-09,FB-004,13,78.00
2025-05-09,FB-005,19,115.00
2025-05-09,FB-006,29,66.00
2025-05-09,FB-007,10,275.00
2025-05-09,FB-008,11,34.00
2025-05-09,FB-009,25,68.00
2025-05-09,HC-001,14,55.00
2025-05-09,HC-002,10,115.00
2025-05-09,HC-004,2,62.00
2025-05-09,HC-005,4,98.00
2025-05-09,HC-006,3,82.00
2025-05-09,HC-007,8,28.00
2025-05-09,HC-008,7,62.00
2025-05-09,HC-009,1,135.00
2025-05-09,HW-001,3,85.00
2025-05-09,HW-002,4,275.00
2025-05-09,HW-005,2,48.00
2025-05-09,HW-006,1,28.00
2025-05-09,HW-008,1,125.00
2025-05-09,HW-010,16,16.00
2025-05-09,PC-001,13,52.00
2025-05-09,PC-002,6,32.00
2025-05-09,PC-003,13,68.00
2025-05-09,PC-004,5,38.00
2025-05-09,PC-005,4,95.00
2025-05-09,PC-007,2,38.00
2025-05-09,PC-008,3,79.00
2025-05-09,PC-009,5,49.00
2025-05-09,SO-001,23,30.00
2025-05-09,SO-002,2,90.00
2025-05-09,SO-004,9,72.00
2025-05-09,SO-005,3,85.00
2025-05-09,SO-006,3,95.00
2025-05-09,SO-007,4,45.00
2025-05-09,SO-008,1,35.00
2025-05-09,SO-009,6,78.00
2025-05-10,FB-001,16,125.00
2025-05-10,FB-002,95,14.00
2025-05-10,FB-003,34,24.00
2025-05-10,FB-004,14,78.00
2025-05-10,FB-005,14,115.00
2025-05-10,FB-006,30,66.00
2025-05-10,FB-007,7,275.00
2025-05-10,FB-008,13,34.00
2025-05-10,FB-009,26,68.00
2025-05-10,HC-001,24,55.00
2025-05-10,HC-002,8,115.00
2025-05-10,HC-003,6,42.00
2025-05-10,HC-005,8,98.00
2025-05-10,HC-006,4,82.00
2025-05-10,HC-007,7,28.00
2025-05-10,HC-008,5,62.00
2025-05-10,HC-009,3,135.00
2025-05-10,HW-001,3,85.00
2025-05-10,HW-002,7,275.00
2025-05-10,HW-005,2,48.00
2025-05-10,HW-006,2,28.00
2025-05-10,HW-007,1,38.00
2025-05-10,HW-008,2,125.00
2025-05-10,HW-010,10,16.00
2025-05-10,PC-001,14,52.00
2025-05-10,PC-002,1,32.00
2025-05-10,PC-003,3,68.00
2025-05-10,PC-004,1,38.00
2025-05-10,PC-005,4,95.00
2025-05-10,PC-006,3,135.00
2025-05-10,PC-007,2,38.00
2025-05-10,PC-008,5,79.00
2025-05-10,PC-009,10,49.00
2025-05-10,SO-001,16,30.00
2025-05-10,SO-002,5,90.00
2025-05-10,SO-003,3,260.00
2025-05-10,SO-005,2,85.00
2025-05-10,SO-006,5,95.00
2025-05-10,SO-007,1,45.00
2025-05-10,SO-009,3,78.00
2025-05-11,FB-001,18,125.00
2025-05-11,FB-002,69,14.00
2025-05-11,FB-003,26,24.00
2025-05-11,FB-004,10,78.00
2025-05-11,FB-005,12,115.00
2025-05-11,FB-006,35,66.00
2025-05-11,FB-007,5,275.00
2025-05-11,FB-008,15,34.00
2025-05-11,FB-009,34,68.00
2025-05-11,HC-001,13,55.00
2025-05-11,HC-002,6,115.00
2025-05-11,HC-003,6,42.00
2025-05-11,HC-005,2,98.00
2025-05-11,HC-006,6,82.00
2025-05-11,HC-007,5,28.00
2025-05-11,HC-008,6,62.00
2025-05-11,HC-009,6,135.00
2025-05-11,HW-001,3,85.00
2025-05-11,HW-002,3,275.00
2025-05-11,HW-003,1,98.00
2025-05-11,HW-004,1,685.00
2025-05-11,HW-010,4,16.00
2025-05-11,PC-001,15,52.00
2025-05-11,PC-002,4,32.00
2025-05-11,PC-003,10,68.00
2025-05-11,PC-005,4,95.00
2025-05-11,PC-006,1,135.00
2025-05-11,PC-007,5,38.00
2025-05-11,PC-008,5,79.00
2025-05-11,PC-009,3,49.00
2025-05-11,SO-001,14,30.00
2025-05-11,SO-002,5,90.00
2025-05-11,SO-003,3,260.00
2025-05-11,SO-005,3,85.00
2025-05-11,SO-006,2,95.00
2025-05-11,SO-009,4,78.00
2025-05-12,FB-001,14,125.00
2025-05-12,FB-002,60,14.00
2025-05-12,FB-003,25,24.00
2025-05-12,FB-004,8,78.00
2025-05-12,FB-005,10,115.00
2025-05-12,FB-006,32,66.00
2025-05-12,FB-007,6,275.00
2025-05-12,FB-008,5,34.00
2025-05-12,FB-009,30,68.00
2025-05-12,HC-001,18,55.00
2025-05-12,HC-002,5,115.00
2025-05-12,HC-003,6,42.00
2025-05-12,HC-005,4,98.00
2025-05-12,HC-006,3,82.00
2025-05-12,HC-007,2,28.00
2025-05-12,HC-008,5,62.00
2025-05-12,HC-009,2,135.00
2025-05-12,HW-001,3,85.00
2025-05-12,HW-002,6,275.00
2025-05-12,HW-006,4,28.00
2025-05-12,HW-007,1,38.00
2025-05-12,HW-010,10,16.00
2025-05-12,PC-001,12,52.00
2025-05-12,PC-002,7,32.00
2025-05-12,PC-003,8,68.00
2025-05-12,PC-004,3,38.00
2025-05-12,PC-005,3,95.00
2025-05-12,PC-006,4,135.00
2025-05-12,PC-008,2,79.00
2025-05-12,PC-009,9,49.00
2025-05-12,SO-002,12,90.00
2025-05-12,SO-003,5,260.00
2025-05-12,SO-005,14,85.00
2025-05-12,SO-006,1,95.00
2025-05-12,SO-007,3,45.00
2025-05-12,SO-009,5,78.00
2025-05-13,FB-001,6,125.00
2025-05-13,FB-002,69,14.00
2025-05-13,FB-003,16,24.00
2025-05-13,FB-004,4,78.00
2025-05-13,FB-005,10,115.00
2025-05-13,FB-006,29,66.00
2025-05-13,FB-007,4,275.00
2025-05-13,FB-008,14,34.00
2025-05-13,FB-009,20,68.00
2025-05-13,HC-001,5,55.00
2025-05-13,HC-002,10,115.00
2025-05-13,HC-003,3,42.00
2025-05-13,HC-005,6,98.00
2025-05-13,HC-006,4,82.00
2025-05-13,HC-007,2,28.00
2025-05-13,HC-008,5,62.00
2025-05-13,HC-009,2,135.00
2025-05-13,HW-001,4,85.00
2025-05-13,HW-002,12,275.00
2025-05-13,HW-003,1,98.00
2025-05-13,HW-004,1,685.00
2025-05-13,HW-006,2,28.00
2025-05-13,HW-007,1,38.00
2025-05-13,HW-010,17,16.00
2025-05-13,PC-001,12,52.00
2025-05-13,PC-002,4,32.00
2025-05-13,PC-003,6,68.00
2025-05-13,PC-004,5,38.00
2025-05-13,PC-005,4,95.00
2025-05-13,PC-006,2,135.00
2025-05-13,PC-007,2,38.00
2025-05-13,PC-008,3,79.00
2025-05-13,PC-009,5,49.00
2025-05-13,SO-002,6,90.00
2025-05-13,SO-003,9,260.00
2025-05-13,SO-005,4,85.00
2025-05-13,SO-006,6,95.00
2025-05-13,SO-007,4,45.00
2025-05-13,SO-008,10,35.00
2025-05-14,FB-001,23,125.00
2025-05-14,FB-002,69,14.00
2025-05-14,FB-003,23,24.00
2025-05-14,FB-004,13,78.00
2025-05-14,FB-005,14,115.00
2025-05-14,FB-006,36,66.00
2025-05-14,FB-007,13,275.00
2025-05-14,FB-008,7,34.00
2025-05-14,FB-009,31,68.00
2025-05-14,HC-001,5,55.00
2025-05-14,HC-002,7,115.00
2025-05-14,HC-003,8,42.00
2025-05-14,HC-004,4,62.00
2025-05-14,HC-005,6,98.00
2025-05-14,HC-006,1,82.00
2025-05-14,HC-007,11,28.00
2025-05-14,HC-008,7,62.00
2025-05-14,HC-009,1,135.00
2025-05-14,HW-001,3,85.00
2025-05-14,HW-002,7,275.00
2025-05-14,HW-006,1,28.00
2025-05-14,HW-010,21,16.00
2025-05-14,PC-001,11,52.00
2025-05-14,PC-002,6,32.00
2025-05-14,PC-003,5,68.00
2025-05-14,PC-004,8,38.00
2025-05-14,PC-005,1,95.00
2025-05-14,PC-006,2,135.00
2025-05-14,PC-007,7,38.00
2025-05-14,PC-008,2,79.00
2025-05-14,PC-009,8,49.00
2025-05-14,SO-001,24,30.00
2025-05-14,SO-002,6,90.00
2025-05-14,SO-003,6,260.00
2025-05-14,SO-004,10,72.00
2025-05-14,SO-005,4,85.00
2025-05-14,SO-006,9,95.00
2025-05-14,SO-007,5,45.00
2025-05-14,SO-008,14,35.00
2025-05-15,FB-001,18,125.00
2025-05-15,FB-002,68,14.00
2025-05-15,FB-003,21,24.00
2025-05-15,FB-004,10,78.00
2025-05-15,FB-005,12,115.00
2025-05-15,FB-006,24,66.00
2025-05-15,FB-007,6,275.00
2025-05-15,FB-008,16,34.00
2025-05-15,FB-009,19,68.00
2025-05-15,HC-001,12,55.00
2025-05-15,HC-002,11,115.00
2025-05-15,HC-003,8,42.00
2025-05-15,HC-004,4,62.00
2025-05-15,HC-005,6,98.00
2025-05-15,HC-006,3,82.00
2025-05-15,HC-007,8,28.00
2025-05-15,HC-008,6,62.00
2025-05-15,HW-001,3,85.00
2025-05-15,HW-002,7,275.00
2025-05-15,HW-003,4,98.00
2025-05-15,HW-004,1,685.00
2025-05-15,HW-005,1,48.00
2025-05-15,HW-006,3,28.00
2025-05-15,HW-008,1,125.00
2025-05-15,HW-010,11,16.00
2025-05-15,PC-001,16,52.00
2025-05-15,PC-002,7,32.00
2025-05-15,PC-003,12,68.00
2025-05-15,PC-004,6,38.00
2025-05-15,PC-005,2,95.00
2025-05-15,PC-006,1,135.00
2025-05-15,PC-007,4,38.00
2025-05-15,PC-008,7,79.00
2025-05-15,PC-009,10,49.00
2025-05-15,SO-001,24,30.00
2025-05-15,SO-002,17,90.00
2025-05-15,SO-003,11,260.00
2025-05-15,SO-004,18,72.00
2025-05-15,SO-006,8,95.00
2025-05-15,SO-007,6,45.00
2025-05-15,SO-008,7,35.00
2025-05-16,FB-001,11,125.00
2025-05-16,FB-002,86,14.00
2025-05-16,FB-003,23,24.00
2025-05-16,FB-004,10,78.00
2025-05-16,FB-005,18,115.00
2025-05-16,FB-006,48,66.00
2025-05-16,FB-007,6,275.00
2025-05-16,FB-008,13,34.00
2025-05-16,FB-009,28,68.00
2025-05-16,HC-001,13,55.00
2025-05-16,HC-002,11,115.00
2025-05-16,HC-003,2,42.00
2025-05-16,HC-004,1,62.00
2025-05-16,HC-005,8,98.00
2025-05-16,HC-006,5,82.00
2025-05-16,HC-007,12,28.00
2025-05-16,HC-008,7,62.00
2025-05-16,HC-009,4,135.00
2025-05-16,HW-001,6,85.00
2025-05-16,HW-002,11,275.00
2025-05-16,HW-003,4,98.00
2025-05-16,HW-004,4,685.00
2025-05-16,HW-005,1,48.00
2025-05-16,HW-006,1,28.00
2025-05-16,HW-008,1,125.00
2025-05-16,HW-010,17,16.00
2025-05-16,PC-001,13,52.00
2025-05-16,PC-002,8,32.00
2025-05-16,PC-003,7,68.00
2025-05-16,PC-004,4,38.00
2025-05-16,PC-005,3,95.00
2025-05-16,PC-006,1,135.00
2025-05-16,PC-007,1,38.00
2025-05-16,PC-008,6,79.00
2025-05-16,PC-009,12,49.00
2025-05-16,SO-001,18,30.00
2025-05-16,SO-002,18,90.00
2025-05-16,SO-003,9,260.00
2025-05-16,SO-004,20,72.00
2025-05-16,SO-006,3,95.00
2025-05-16,SO-007,3,45.00
2025-05-16,SO-008,8,35.00
2025-05-16,SO-009,5,78.00
2025-05-17,FB-001,18,125.00
2025-05-17,FB-002,60,14.00
2025-05-17,FB-003,25,24.00
2025-05-17,FB-004,12,78.00
2025-05-17,FB-005,21,115.00
2025-05-17,FB-006,31,66.00
2025-05-17,FB-007,11,275.00
2025-05-17,FB-008,6,34.00
2025-05-17,FB-009,32,68.00
2025-05-17,HC-001,14,55.00
2025-05-17,HC-002,12,115.00
2025-05-17,HC-003,8,42.00
2025-05-17,HC-004,4,62.00
2025-05-17,HC-005,7,98.00
2025-05-17,HC-006,8,82.00
2025-05-17,HC-007,7,28.00
2025-05-17,HC-008,11,62.00
2025-05-17,HC-009,5,135.00
2025-05-17,HW-001,3,85.00
2025-05-17,HW-002,6,275.00
2025-05-17,HW-003,4,98.00
2025-05-17,HW-004,2,685.00
2025-05-17,HW-005,1,48.00
2025-05-17,HW-006,3,28.00
2025-05-17,HW-008,4,125.00
2025-05-17,HW-010,14,16.00
2025-05-17,PC-001,16,52.00
2025-05-17,PC-002,12,32.00
2025-05-17,PC-003,5,68.00
2025-05-17,PC-004,7,38.00
2025-05-17,PC-005,4,95.00
2025-05-17,PC-006,3,135.00
2025-05-17,PC-007,5,38.00
2025-05-17,PC-008,2,79.00
2025-05-17,PC-009,15,49.00
2025-05-17,SO-001,16,30.00
2025-05-17,SO-002,4,90.00
2025-05-17,SO-003,4,260.00
2025-05-17,SO-004,10,72.00
2025-05-17,SO-005,2,85.00
2025-05-17,SO-006,3,95.00
2025-05-17,SO-007,2,45.00
2025-05-17,SO-008,9,35.00
2025-05-17,SO-009,5,78.00
2025-05-18,FB-001,20,125.00
2025-05-18,FB-002,51,14.00
2025-05-18,FB-003,28,24.00
2025-05-18,FB-004,15,78.00
2025-05-18,FB-005,14,115.00
2025-05-18,FB-006,30,66.00
2025-05-18,FB-007,7,275.00
2025-05-18,FB-008,13,34.00
2025-05-18,FB-009,18,68.00
2025-05-18,HC-001,9,55.00
2025-05-18,HC-002,11,115.00
2025-05-18,HC-003,9,42.00
2025-05-18,HC-004,8,62.00
2025-05-18,HC-005,3,98.00
2025-05-18,HC-006,3,82.00
2025-05-18,HC-007,8,28.00
2025-05-18,HC-008,9,62.00
2025-05-18,HC-009,2,135.00
2025-05-18,HW-001,3,85.00
2025-05-18,HW-002,3,275.00
2025-05-18,HW-003,1,98.00
2025-05-18,HW-004,1,685.00
2025-05-18,HW-005,1,48.00
2025-05-18,HW-006,4,28.00
2025-05-18,PC-001,11,52.00
2025-05-18,PC-002,6,32.00
2025-05-18,PC-003,9,68.00
2025-05-18,PC-004,6,38.00
2025-05-18,PC-005,2,95.00
2025-05-18,PC-006,2,135.00
2025-05-18,PC-008,2,79.00
2025-05-18,PC-009,15,49.00
2025-05-18,SO-001,16,30.00
2025-05-18,SO-004,11,72.00
2025-05-18,SO-005,2,85.00
2025-05-18,SO-007,4,45.00
2025-05-18,SO-008,5,35.00
2025-05-18,SO-009,2,78.00
2025-05-19,FB-001,12,125.00
2025-05-19,FB-002,52,14.00
2025-05-19,FB-003,25,24.00
2025-05-19,FB-004,8,78.00
2025-05-19,FB-005,7,115.00
2025-05-19,FB-006,23,66.00
2025-05-19,FB-007,6,275.00
2025-05-19,FB-008,5,34.00
2025-05-19,FB-009,17,68.00
2025-05-19,HC-001,15,55.00
2025-05-19,HC-002,12,115.00
2025-05-19,HC-003,4,42.00
2025-05-19,HC-004,4,62.00
2025-05-19,HC-005,6,98.00
2025-05-19,HC-006,4,82.00
2025-05-19,HC-007,7,28.00
2025-05-19,HC-008,7,62.00
2025-05-19,HC-009,2,135.00
2025-05-19,HW-001,2,85.00
2025-05-19,HW-002,8,275.00
2025-05-19,HW-004,1,685.00
2025-05-19,HW-005,1,48.00
2025-05-19,HW-006,2,28.00
2025-05-19,HW-008,1,125.00
2025-05-19,HW-010,11,16.00
2025-05-19,PC-001,7,52.00
2025-05-19,PC-002,9,32.00
2025-05-19,PC-003,4,68.00
2025-05-19,PC-004,3,38.00
2025-05-19,PC-005,5,95.00
2025-05-19,PC-006,4,135.00
2025-05-19,PC-007,6,38.00
2025-05-19,PC-008,6,79.00
2025-05-19,PC-009,11,49.00
2025-05-19,SO-001,30,30.00
2025-05-19,SO-003,8,260.00
2025-05-19,SO-004,1,72.00
2025-05-19,SO-005,8,85.00
2025-05-19,SO-006,4,95.00
2025-05-19,SO-007,7,45.00
2025-05-19,SO-008,7,35.00
2025-05-19,SO-009,3,78.00
2025-05-20,FB-001,18,125.00
2025-05-20,FB-002,54,14.00
2025-05-20,FB-003,21,24.00
2025-05-20,FB-004,5,78.00
2025-05-20,FB-005,12,115.00
2025-05-20,FB-006,25,66.00
2025-05-20,FB-007,11,275.00
2025-05-20,FB-008,9,34.00
2025-05-20,FB-009,24,68.00
2025-05-20,HC-001,12,55.00
2025-05-20,HC-002,5,115.00
2025-05-20,HC-003,7,42.00
2025-05-20,HC-004,3,62.00
2025-05-20,HC-005,2,98.00
2025-05-20,HC-006,5,82.00
2025-05-20,HC-007,6,28.00
2025-05-20,HC-008,8,62.00
2025-05-20,HC-009,3,135.00
2025-05-20,HW-001,6,85.00
2025-05-20,HW-002,2,275.00
2025-05-20,HW-003,1,98.00
2025-05-20,HW-004,2,685.00
2025-05-20,HW-005,2,48.00
2025-05-20,HW-008,1,125.00
2025-05-20,HW-010,18,16.00
2025-05-20,PC-001,11,52.00
2025-05-20,PC-002,14,32.00
2025-05-20,PC-003,4,68.00
2025-05-20,PC-004,6,38.00
2025-05-20,PC-005,5,95.00
2025-05-20,PC-006,3,135.00
2025-05-20,PC-007,5,38.00
2025-05-20,PC-008,1,79.00
2025-05-20,PC-009,9,49.00
2025-05-20,SO-001,45,30.00
2025-05-20,SO-003,10,260.00
2025-05-20,SO-005,1,85.00
2025-05-20,SO-006,8,95.00
2025-05-20,SO-007,5,45.00
2025-05-20,SO-009,1,78.00
2025-05-21,FB-001,14,125.00
2025-05-21,FB-002,48,14.00
2025-05-21,FB-003,25,24.00
2025-05-21,FB-004,9,78.00
2025-05-21,FB-005,8,115.00
2025-05-21,FB-006,30,66.00
2025-05-21,FB-007,2,275.00
2025-05-21,FB-008,10,34.00
2025-05-21,FB-009,21,68.00
2025-05-21,HC-001,7,55.00
2025-05-21,HC-002,9,115.00
2025-05-21,HC-003,3,42.00
2025-05-21,HC-004,1,62.00
2025-05-21,HC-005,1,98.00
2025-05-21,HC-006,1,82.00
2025-05-21,HC-007,4,28.00
2025-05-21,HC-008,7,62.00
2025-05-21,HC-009,3,135.00
2025-05-21,HW-001,3,85.00
2025-05-21,HW-002,5,275.00
2025-05-21,HW-003,3,98.00
2025-05-21,HW-004,1,685.00
2025-05-21,HW-005,1,48.00
2025-05-21,HW-006,3,28.00
2025-05-21,HW-010,15,16.00
2025-05-21,PC-001,14,52.00
2025-05-21,PC-002,2,32.00
2025-05-21,PC-003,2,68.00
2025-05-21,PC-004,3,38.00
2025-05-21,PC-005,2,95.00
2025-05-21,PC-007,6,38.00
2025-05-21,PC-008,2,79.00
2025-05-21,SO-001,27,30.00
2025-05-21,SO-002,14,90.00
2025-05-21,SO-003,14,260.00
2025-05-21,SO-005,4,85.00
2025-05-21,SO-006,3,95.00
2025-05-21,SO-007,11,45.00
2025-05-21,SO-009,3,78.00
2025-05-22,FB-001,15,125.00
2025-05-22,FB-002,54,14.00
2025-05-22,FB-003,18,24.00
2025-05-22,FB-004,7,78.00
2025-05-22,FB-005,17,115.00
2025-05-22,FB-006,22,66.00
2025-05-22,FB-007,6,275.00
2025-05-22,FB-008,6,34.00
2025-05-22,FB-009,25,68.00
2025-05-22,HC-001,9,55.00
2025-05-22,HC-002,9,115.00
2025-05-22,HC-003,10,42.00
2025-05-22,HC-004,8,62.00
2025-05-22,HC-005,3,98.00
2025-05-22,HC-006,3,82.00
2025-05-22,HC-007,11,28.00
2025-05-22,HC-008,14,62.00
2025-05-22,HC-009,5,135.00
2025-05-22,HW-001,5,85.00
2025-05-22,HW-002,5,275.00
2025-05-22,HW-003,1,98.00
2025-05-22,HW-006,1,28.00
2025-05-22,HW-008,2,125.00
2025-05-22,HW-010,11,16.00
2025-05-22,PC-001,12,52.00
2025-05-22,PC-002,13,32.00
2025-05-22,PC-003,7,68.00
2025-05-22,PC-004,4,38.00
2025-05-22,PC-005,4,95.00
2025-05-22,PC-006,1,135.00
2025-05-22,PC-007,5,38.00
2025-05-22,PC-008,4,79.00
2025-05-22,SO-002,17,90.00
2025-05-22,SO-003,18,260.00
2025-05-22,SO-004,14,72.00
2025-05-22,SO-005,7,85.00
2025-05-22,SO-006,5,95.00
2025-05-22,SO-007,1,45.00
2025-05-22,SO-008,12,35.00
2025-05-22,SO-009,2,78.00
2025-05-23,FB-001,13,125.00
2025-05-23,FB-002,63,14.00
2025-05-23,FB-003,22,24.00
2025-05-23,FB-004,15,78.00
2025-05-23,FB-005,10,115.00
2025-05-23,FB-006,26,66.00
2025-05-23,FB-007,5,275.00
2025-05-23,FB-008,10,34.00
2025-05-23,FB-009,33,68.00
2025-05-23,HC-001,6,55.00
2025-05-23,HC-002,10,115.00
2025-05-23,HC-003,5,42.00
2025-05-23,HC-004,6,62.00
2025-05-23,HC-005,2,98.00
2025-05-23,HC-006,2,82.00
2025-05-23,HC-007,4,28.00
2025-05-23,HC-008,13,62.00
2025-05-23,HC-009,1,135.00
2025-05-23,HW-001,4,85.00
2025-05-23,HW-002,6,275.00
2025-05-23,HW-003,1,98.00
2025-05-23,HW-006,2,28.00
2025-05-23,HW-010,21,16.00
2025-05-23,PC-001,17,52.00
2025-05-23,PC-002,13,32.00
2025-05-23,PC-003,7,68.00
2025-05-23,PC-004,6,38.00
2025-05-23,PC-005,4,95.00
2025-05-23,PC-006,3,135.00
2025-05-23,PC-007,6,38.00
2025-05-23,PC-008,3,79.00
2025-05-23,PC-009,12,49.00
2025-05-23,SO-002,12,90.00
2025-05-23,SO-004,17,72.00
2025-05-23,SO-005,4,85.00
2025-05-23,SO-006,6,95.00
2025-05-23,SO-008,6,35.00
2025-05-23,SO-009,3,78.00
2025-05-24,FB-001,30,125.00
2025-05-24,FB-002,90,14.00
2025-05-24,FB-003,23,24.00
2025-05-24,FB-004,14,78.00
2025-05-24,FB-005,19,115.00
2025-05-24,FB-006,39,66.00
2025-05-24,FB-007,16,275.00
2025-05-24,FB-008,12,34.00
2025-05-24,FB-009,33,68.00
2025-05-24,HC-001,12,55.00
2025-05-24,HC-002,7,115.00
2025-05-24,HC-003,6,42.00
2025-05-24,HC-004,11,62.00
2025-05-24,HC-005,3,98.00
2025-05-24,HC-006,3,82.00
2025-05-24,HC-007,9,28.00
2025-05-24,HC-008,8,62.00
2025-05-24,HC-009,5,135.00
2025-05-24,HW-001,4,85.00
2025-05-24,HW-002,8,275.00
2025-05-24,HW-003,3,98.00
2025-05-24,HW-004,1,685.00
2025-05-24,HW-005,1,48.00
2025-05-24,HW-006,1,28.00
2025-05-24,HW-007,3,38.00
2025-05-24,HW-008,2,125.00
2025-05-24,HW-010,24,16.00
2025-05-24,PC-001,11,52.00
2025-05-24,PC-002,5,32.00
2025-05-24,PC-003,12,68.00
2025-05-24,PC-004,2,38.00
2025-05-24,PC-005,4,95.00
2025-05-24,PC-006,2,135.00
2025-05-24,PC-007,4,38.00
2025-05-24,PC-008,3,79.00
2025-05-24,PC-009,8,49.00
2025-05-24,SO-002,9,90.00
2025-05-24,SO-004,15,72.00
2025-05-24,SO-005,9,85.00
2025-05-24,SO-006,2,95.00
2025-05-24,SO-008,5,35.00
2025-05-24,SO-009,5,78.00
2025-05-25,FB-001,25,125.00
2025-05-25,FB-002,57,14.00
2025-05-25,FB-003,24,24.00
2025-05-25,FB-004,9,78.00
2025-05-25,FB-005,9,115.00
2025-05-25,FB-006,33,66.00
2025-05-25,FB-007,9,275.00
2025-05-25,FB-008,7,34.00
2025-05-25,FB-009,37,68.00
2025-05-25,HC-001,11,55.00
2025-05-25,HC-002,8,115.00
2025-05-25,HC-003,7,42.00
2025-05-25,HC-004,8,62.00
2025-05-25,HC-005,7,98.00
2025-05-25,HC-006,2,82.00
2025-05-25,HC-007,6,28.00
2025-05-25,HC-008,16,62.00
2025-05-25,HC-009,3,135.00
2025-05-25,HW-001,2,85.00
2025-05-25,HW-002,2,275.00
2025-05-25,HW-003,1,98.00
2025-05-25,HW-004,1,685.00
2025-05-25,HW-010,7,16.00
2025-05-25,PC-001,7,52.00
2025-05-25,PC-002,10,32.00
2025-05-25,PC-003,3,68.00
2025-05-25,PC-004,5,38.00
2025-05-25,PC-005,4,95.00
2025-05-25,PC-006,1,135.00
2025-05-25,PC-007,1,38.00
2025-05-25,PC-008,3,79.00
2025-05-25,PC-009,7,49.00
2025-05-25,SO-001,23,30.00
2025-05-25,SO-002,9,90.00
2025-05-25,SO-004,8,72.00
2025-05-25,SO-005,4,85.00
2025-05-25,SO-008,8,35.00
2025-05-25,SO-009,4,78.00
2025-05-26,FB-001,12,125.00
2025-05-26,FB-002,58,14.00
2025-05-26,FB-003,17,24.00
2025-05-26,FB-004,5,78.00
2025-05-26,FB-005,10,115.00
2025-05-26,FB-006,25,66.00
2025-05-26,FB-007,6,275.00
2025-05-26,FB-008,8,34.00
2025-05-26,HC-001,8,55.00
2025-05-26,HC-002,7,115.00
2025-05-26,HC-003,4,42.00
2025-05-26,HC-004,5,62.00
2025-05-26,HC-005,6,98.00
2025-05-26,HC-006,1,82.00
2025-05-26,HC-007,4,28.00
2025-05-26,HC-008,9,62.00
2025-05-26,HC-009,3,135.00
2025-05-26,HW-001,6,85.00
2025-05-26,HW-002,2,275.00
2025-05-26,HW-003,7,98.00
2025-05-26,HW-004,1,685.00
2025-05-26,HW-006,1,28.00
2025-05-26,HW-010,11,16.00
2025-05-26,PC-001,14,52.00
2025-05-26,PC-002,5,32.00
2025-05-26,PC-003,5,68.00
2025-05-26,PC-004,5,38.00
2025-05-26,PC-006,3,135.00
2025-05-26,PC-007,2,38.00
2025-05-26,PC-008,2,79.00
2025-05-26,PC-009,8,49.00
2025-05-26,SO-001,55,30.00
2025-05-26,SO-002,6,90.00
2025-05-26,SO-003,16,260.00
2025-05-26,SO-004,15,72.00
2025-05-26,SO-005,1,85.00
2025-05-26,SO-008,16,35.00
2025-05-26,SO-009,8,78.00
2025-05-27,FB-001,20,125.00
2025-05-27,FB-002,47,14.00
2025-05-27,FB-003,15,24.00
2025-05-27,FB-004,13,78.00
2025-05-27,FB-005,10,115.00
2025-05-27,FB-006,19,66.00
2025-05-27,FB-007,4,275.00
2025-05-27,FB-008,14,34.00
2025-05-27,FB-009,16,68.00
2025-05-27,HC-001,10,55.00
2025-05-27,HC-002,9,115.00
2025-05-27,HC-003,10,42.00
2025-05-27,HC-004,2,62.00
2025-05-27,HC-005,2,98.00
2025-05-27,HC-006,1,82.00
2025-05-27,HC-007,7,28.00
2025-05-27,HC-008,3,62.00
2025-05-27,HW-001,3,85.00
2025-05-27,HW-002,4,275.00
2025-05-27,HW-004,2,685.00
2025-05-27,HW-005,2,48.00
2025-05-27,HW-006,4,28.00
2025-05-27,HW-007,1,38.00
2025-05-27,HW-008,1,125.00
2025-05-27,HW-010,8,16.00
2025-05-27,PC-002,6,32.00
2025-05-27,PC-003,7,68.00
2025-05-27,PC-004,2,38.00
2025-05-27,PC-005,3,95.00
2025-05-27,PC-006,2,135.00
2025-05-27,PC-007,5,38.00
2025-05-27,PC-008,2,79.00
2025-05-27,PC-009,8,49.00
2025-05-27,SO-001,55,30.00
2025-05-27,SO-002,3,90.00
2025-05-27,SO-003,11,260.00
2025-05-27,SO-004,1,72.00
2025-05-27,SO-005,17,85.00
2025-05-27,SO-008,10,35.00
2025-05-27,SO-009,8,78.00
2025-05-28,FB-001,26,125.00
2025-05-28,FB-002,36,14.00
2025-05-28,FB-003,18,24.00
2025-05-28,FB-004,7,78.00
2025-05-28,FB-005,12,115.00
2025-05-28,FB-006,29,66.00
2025-05-28,FB-007,9,275.00
2025-05-28,FB-008,12,34.00
2025-05-28,FB-009,21,68.00
2025-05-28,HC-001,7,55.00
2025-05-28,HC-002,6,115.00
2025-05-28,HC-003,5,42.00
2025-05-28,HC-004,3,62.00
2025-05-28,HC-005,3,98.00
2025-05-28,HC-006,4,82.00
2025-05-28,HC-007,7,28.00
2025-05-28,HC-008,2,62.00
2025-05-28,HW-002,3,275.00
2025-05-28,HW-003,2,98.00
2025-05-28,HW-004,2,685.00
2025-05-28,HW-005,2,48.00
2025-05-28,HW-007,1,38.00
2025-05-28,HW-008,1,125.00
2025-05-28,HW-010,6,16.00
2025-05-28,PC-001,10,52.00
2025-05-28,PC-002,6,32.00
2025-05-28,PC-003,7,68.00
2025-05-28,PC-004,3,38.00
2025-05-28,PC-005,4,95.00
2025-05-28,PC-006,2,135.00
2025-05-28,PC-007,5,38.00
2025-05-28,PC-008,5,79.00
2025-05-28,PC-009,12,49.00
2025-05-28,SO-001,58,30.00
2025-05-28,SO-003,10,260.00
2025-05-28,SO-005,13,85.00
2025-05-28,SO-007,5,45.00
2025-05-28,SO-008,3,35.00
2025-05-28,SO-009,8,78.00
2025-05-29,FB-001,3,125.00
2025-05-29,FB-002,64,14.00
2025-05-29,FB-003,23,24.00
2025-05-29,FB-004,10,78.00
2025-05-29,FB-005,9,115.00
2025-05-29,FB-006,19,66.00
2025-05-29,FB-007,4,275.00
2025-05-29,FB-008,6,34.00
2025-05-29,FB-009,24,68.00
2025-05-29,HC-001,12,55.00
2025-05-29,HC-002,3,115.00
2025-05-29,HC-003,2,42.00
2025-05-29,HC-004,6,62.00
2025-05-29,HC-005,4,98.00
2025-05-29,HC-006,3,82.00
2025-05-29,HC-007,4,28.00
2025-05-29,HC-008,8,62.00
2025-05-29,HC-009,4,135.00
2025-05-29,HW-002,11,275.00
2025-05-29,HW-003,3,98.00
2025-05-29,HW-005,1,48.00
2025-05-29,HW-008,1,125.00
2025-05-29,HW-010,11,16.00
2025-05-29,PC-001,19,52.00
2025-05-29,PC-002,8,32.00
2025-05-29,PC-003,7,68.00
2025-05-29,PC-004,4,38.00
2025-05-29,PC-005,3,95.00
2025-05-29,PC-006,2,135.00
2025-05-29,PC-007,7,38.00
2025-05-29,PC-008,4,79.00
2025-05-29,PC-009,6,49.00
2025-05-29,SO-001,9,30.00
2025-05-29,SO-003,11,260.00
2025-05-29,SO-005,8,85.00
2025-05-29,SO-006,11,95.00
2025-05-29,SO-007,6,45.00
2025-05-29,SO-009,3,78.00
2025-05-30,FB-002,75,14.00
2025-05-30,FB-003,29,24.00
2025-05-30,FB-004,11,78.00
2025-05-30,FB-005,16,115.00
2025-05-30,FB-006,44,66.00
2025-05-30,FB-007,5,275.00
2025-05-30,FB-008,11,34.00
2025-05-30,FB-009,27,68.00
2025-05-30,HC-001,15,55.00
2025-05-30,HC-002,6,115.00
2025-05-30,HC-003,10,42.00
2025-05-30,HC-004,4,62.00
2025-05-30,HC-005,5,98.00
2025-05-30,HC-006,3,82.00
2025-05-30,HC-007,6,28.00
2025-05-30,HC-008,17,62.00
2025-05-30,HC-009,7,135.00
2025-05-30,HW-002,6,275.00
2025-05-30,HW-005,2,48.00
2025-05-30,HW-006,1,28.00
2025-05-30,HW-008,1,125.00
2025-05-30,HW-010,13,16.00
2025-05-30,PC-001,16,52.00
2025-05-30,PC-002,6,32.00
2025-05-30,PC-003,6,68.00
2025-05-30,PC-004,7,38.00
2025-05-30,PC-005,5,95.00
2025-05-30,PC-006,2,135.00
2025-05-30,PC-007,6,38.00
2025-05-30,PC-008,2,79.00
2025-05-30,PC-009,9,49.00
2025-05-30,SO-002,11,90.00
2025-05-30,SO-003,2,260.00
2025-05-30,SO-005,7,85.00
2025-05-30,SO-006,9,95.00
2025-05-30,SO-007,6,45.00
2025-05-30,SO-008,9,35.00
2025-05-31,FB-001,37,125.00
2025-05-31,FB-002,75,14.00
2025-05-31,FB-003,41,24.00
2025-05-31,FB-004,14,78.00
2025-05-31,FB-005,15,115.00
2025-05-31,FB-006,52,66.00
2025-05-31,FB-007,10,275.00
2025-05-31,FB-008,17,34.00
2025-05-31,FB-009,42,68.00
2025-05-31,HC-001,16,55.00
2025-05-31,HC-002,12,115.00
2025-05-31,HC-003,8,42.00
2025-05-31,HC-004,8,62.00
2025-05-31,HC-005,4,98.00
2025-05-31,HC-006,9,82.00
2025-05-31,HC-007,12,28.00
2025-05-31,HC-008,10,62.00
2025-05-31,HC-009,2,135.00
2025-05-31,HW-001,6,85.00
2025-05-31,HW-002,11,275.00
2025-05-31,HW-003,1,98.00
2025-05-31,HW-004,2,685.00
2025-05-31,HW-005,1,48.00
2025-05-31,HW-006,6,28.00
2025-05-31,HW-007,2,38.00
2025-05-31,HW-008,1,125.00
2025-05-31,HW-010,19,16.00
2025-05-31,PC-001,21,52.00
2025-05-31,PC-002,12,32.00
2025-05-31,PC-003,7,68.00
2025-05-31,PC-004,6,38.00
2025-05-31,PC-005,5,95.00
2025-05-31,PC-007,9,38.00
2025-05-31,PC-008,6,79.00
2025-05-31,PC-009,8,49.00
2025-05-31,SO-002,6,90.00
2025-05-31,SO-003,10,260.00
2025-05-31,SO-005,3,85.00
2025-05-31,SO-006,6,95.00
2025-05-31,SO-007,5,45.00
2025-05-31,SO-008,12,35.00
2025-06-01,FB-001,26,125.00
2025-06-01,FB-003,31,24.00
2025-06-01,FB-004,19,78.00
2025-06-01,FB-005,19,115.00
2025-06-01,FB-006,38,66.00
2025-06-01,FB-007,9,275.00
2025-06-01,FB-008,9,34.00
2025-06-01,FB-009,30,68.00
2025-06-01,HC-001,16,55.00
2025-06-01,HC-002,8,115.00
2025-06-01,HC-003,8,42.00
2025-06-01,HC-004,5,62.00
2025-06-01,HC-005,4,98.00
2025-06-01,HC-006,3,82.00
2025-06-01,HC-007,5,28.00
2025-06-01,HC-008,15,62.00
2025-06-01,HC-009,3,135.00
2025-06-01,HW-001,2,85.00
2025-06-01,HW-002,3,275.00
2025-06-01,HW-003,2,98.00
2025-06-01,HW-004,2,685.00
2025-06-01,HW-005,1,48.00
2025-06-01,HW-006,1,28.00
2025-06-01,HW-008,1,125.00
2025-06-01,HW-010,9,16.00
2025-06-01,PC-001,7,52.00
2025-06-01,PC-002,7,32.00
2025-06-01,PC-003,7,68.00
2025-06-01,PC-004,6,38.00
2025-06-01,PC-005,5,95.00
2025-06-01,PC-006,1,135.00
2025-06-01,PC-007,5,38.00
2025-06-01,PC-008,3,79.00
2025-06-01,PC-009,9,49.00
2025-06-01,SO-002,10,90.00
2025-06-01,SO-003,9,260.00
2025-06-01,SO-004,13,72.00
2025-06-01,SO-006,6,95.00
2025-06-01,SO-007,5,45.00
2025-06-01,SO-008,11,35.00
2025-06-02,FB-001,9,125.00
2025-06-02,FB-002,38,14.00
2025-06-02,FB-004,15,78.00
2025-06-02,FB-005,12,115.00
2025-06-02,FB-006,32,66.00
2025-06-02,FB-007,3,275.00
2025-06-02,FB-008,12,34.00
2025-06-02,FB-009,21,68.00
2025-06-02,HC-001,9,55.00
2025-06-02,HC-002,9,115.00
2025-06-02,HC-003,4,42.00
2025-06-02,HC-004,4,62.00
2025-06-02,HC-005,3,98.00
2025-06-02,HC-006,3,82.00
2025-06-02,HC-007,4,28.00
2025-06-02,HC-008,8,62.00
2025-06-02,HC-009,2,135.00
2025-06-02,HW-001,2,85.00
2025-06-02,HW-002,6,275.00
2025-06-02,HW-003,1,98.00
2025-06-02,HW-004,1,685.00
2025-06-02,HW-007,1,38.00
2025-06-02,HW-010,7,16.00
2025-06-02,PC-001,14,52.00
2025-06-02,PC-002,4,32.00
2025-06-02,PC-003,4,68.00
2025-06-02,PC-004,2,38.00
2025-06-02,PC-005,2,95.00
2025-06-02,PC-006,1,135.00
2025-06-02,PC-007,4,38.00
2025-06-02,PC-008,4,79.00
2025-06-02,PC-009,6,49.00
2025-06-02,SO-002,14,90.00
2025-06-02,SO-003,15,260.00
2025-06-02,SO-004,14,72.00
2025-06-02,SO-006,8,95.00
2025-06-02,SO-007,4,45.00
2025-06-02,SO-008,16,35.00
2025-06-03,FB-001,13,125.00
2025-06-03,FB-002,64,14.00
2025-06-03,FB-004,3,78.00
2025-06-03,FB-005,10,115.00
2025-06-03,FB-006,22,66.00
2025-06-03,FB-007,4,275.00
2025-06-03,FB-008,6,34.00
2025-06-03,FB-009,23,68.00
2025-06-03,HC-001,6,55.00
2025-06-03,HC-002,8,115.00
2025-06-03,HC-003,4,42.00
2025-06-03,HC-004,8,62.00
2025-06-03,HC-005,5,98.00
2025-06-03,HC-006,3,82.00
2025-06-03,HC-007,6,28.00
2025-06-03,HC-008,8,62.00
2025-06-03,HC-009,5,135.00
2025-06-03,HW-001,2,85.00
2025-06-03,HW-002,2,275.00
2025-06-03,HW-004,1,685.00
2025-06-03,HW-010,6,16.00
2025-06-03,PC-001,13,52.00
2025-06-03,PC-002,18,32.00
2025-06-03,PC-003,1,68.00
2025-06-03,PC-004,8,38.00
2025-06-03,PC-005,5,95.00
2025-06-03,PC-006,3,135.00
2025-06-03,PC-007,1,38.00
2025-06-03,PC-008,2,79.00
2025-06-03,PC-009,8,49.00
2025-06-03,SO-001,36,30.00
2025-06-03,SO-002,17,90.00
2025-06-03,SO-003,13,260.00
2025-06-03,SO-004,13,72.00
2025-06-03,SO-007,1,45.00
2025-06-04,FB-001,15,125.00
2025-06-04,FB-002,57,14.00
2025-06-04,FB-003,22,24.00
2025-06-04,FB-004,10,78.00
2025-06-04,FB-005,11,115.00
2025-06-04,FB-006,20,66.00
2025-06-04,FB-007,5,275.00
2025-06-04,FB-008,12,34.00
2025-06-04,FB-009,20,68.00
2025-06-04,HC-001,8,55.00
2025-06-04,HC-002,6,115.00
2025-06-04,HC-003,7,42.00
2025-06-04,HC-004,5,62.00
2025-06-04,HC-005,3,98.00
2025-06-04,HC-006,2,82.00
2025-06-04,HC-007,7,28.00
2025-06-04,HC-008,15,62.00
2025-06-04,HC-009,4,135.00
2025-06-04,HW-001,2,85.00
2025-06-04,HW-002,6,275.00
2025-06-04,HW-007,1,38.00
2025-06-04,HW-010,12,16.00
2025-06-04,PC-001,13,52.00
2025-06-04,PC-002,10,32.00
2025-06-04,PC-003,8,68.00
2025-06-04,PC-004,5,38.00
2025-06-04,PC-005,2,95.00
2025-06-04,PC-007,5,38.00
2025-06-04,PC-008,1,79.00
2025-06-04,PC-009,3,49.00
2025-06-04,SO-001,47,30.00
2025-06-04,SO-002,10,90.00
2025-06-04,SO-003,3,260.00
2025-06-04,SO-004,12,72.00
2025-06-04,SO-007,7,45.00
2025-06-05,FB-001,14,125.00
2025-06-05,FB-002,69,14.00
2025-06-05,FB-003,21,24.00
2025-06-05,FB-004,10,78.00
2025-06-05,FB-005,8,115.00
2025-06-05,FB-006,23,66.00
2025-06-05,FB-007,13,275.00
2025-06-05,FB-008,8,34.00
2025-06-05,FB-009,23,68.00
2025-06-05,HC-001,9,55.00
2025-06-05,HC-002,7,115.00
2025-06-05,HC-003,3,42.00
2025-06-05,HC-004,6,62.00
2025-06-05,HC-005,5,98.00
2025-06-05,HC-006,1,82.00
2025-06-05,HC-007,9,28.00
2025-06-05,HC-008,12,62.00
2025-06-05,HW-001,3,85.00
2025-06-05,HW-002,4,275.00
2025-06-05,HW-003,1,98.00
2025-06-05,HW-005,1,48.00
2025-06-05,HW-006,1,28.00
2025-06-05,HW-010,8,16.00
2025-06-05,PC-001,7,52.00
2025-06-05,PC-002,6,32.00
2025-06-05,PC-003,5,68.00
2025-06-05,PC-004,3,38.00
2025-06-05,PC-005,4,95.00
2025-06-05,PC-006,1,135.00
2025-06-05,PC-007,3,38.00
2025-06-05,PC-008,6,79.00
2025-06-05,PC-009,5,49.00
2025-06-05,SO-001,41,30.00
2025-06-05,SO-002,2,90.00
2025-06-05,SO-004,7,72.00
2025-06-05,SO-006,8,95.00
2025-06-05,SO-007,6,45.00
2025-06-05,SO-009,5,78.00
2025-06-06,FB-001,29,125.00
2025-06-06,FB-002,77,14.00
2025-06-06,FB-003,21,24.00
2025-06-06,FB-004,15,78.00
2025-06-06,FB-005,9,115.00
2025-06-06,FB-006,26,66.00
2025-06-06,FB-007,8,275.00
2025-06-06,FB-008,14,34.00
2025-06-06,FB-009,13,68.00
2025-06-06,HC-001,14,55.00
2025-06-06,HC-002,13,115.00
2025-06-06,HC-003,10,42.00
2025-06-06,HC-004,5,62.00
2025-06-06,HC-005,4,98.00
2025-06-06,HC-006,2,82.00
2025-06-06,HC-007,10,28.00
2025-06-06,HC-008,3,62.00
2025-06-06,HC-009,2,135.00
2025-06-06,HW-002,6,275.00
2025-06-06,HW-003,1,98.00
2025-06-06,HW-005,2,48.00
2025-06-06,HW-006,1,28.00
2025-06-06,HW-007,1,38.00
2025-06-06,HW-008,1,125.00
2025-06-06,HW-010,6,16.00
2025-06-06,PC-002,15,32.00
2025-06-06,PC-003,10,68.00
2025-06-06,PC-004,6,38.00
2025-06-06,PC-005,1,95.00
2025-06-06,PC-006,3,135.00
2025-06-06,PC-007,2,38.00
2025-06-06,PC-008,5,79.00
2025-06-06,PC-009,11,49.00
2025-06-06,SO-001,35,30.00
2025-06-06,SO-004,8,72.00
2025-06-06,SO-005,7,85.00
2025-06-06,SO-006,7,95.00
2025-06-06,SO-007,5,45.00
2025-06-06,SO-009,2,78.00
2025-06-07,FB-001,21,125.00
2025-06-07,FB-002,91,14.00
2025-06-07,FB-003,21,24.00
2025-06-07,FB-004,6,78.00
2025-06-07,FB-005,9,115.00
2025-06-07,FB-006,30,66.00
2025-06-07,FB-007,9,275.00
2025-06-07,FB-008,15,34.00
2025-06-07,FB-009,23,68.00
2025-06-07,HC-001,18,55.00
2025-06-07,HC-002,9,115.00
2025-06-07,HC-003,3,42.00
2025-06-07,HC-004,9,62.00
2025-06-07,HC-005,2,98.00
2025-06-07,HC-006,5,82.00
2025-06-07,HC-007,4,28.00
2025-06-07,HC-008,8,62.00
2025-06-07,HC-009,3,135.00
2025-06-07,HW-001,3,85.00
2025-06-07,HW-002,6,275.00
2025-06-07,HW-004,1,685.00
2025-06-07,HW-005,3,48.00
2025-06-07,HW-006,1,28.00
2025-06-07,HW-007,2,38.00
2025-06-07,HW-008,1,125.00
2025-06-07,HW-010,9,16.00
2025-06-07,PC-002,16,32.00
2025-06-07,PC-003,3,68.00
2025-06-07,PC-004,4,38.00
2025-06-07,PC-006,3,135.00
2025-06-07,PC-007,7,38.00
2025-06-07,PC-008,3,79.00
2025-06-07,PC-009,9,49.00
2025-06-07,SO-001,33,30.00
2025-06-07,SO-003,12,260.00
2025-06-07,SO-004,5,72.00
2025-06-07,SO-005,15,85.00
2025-06-07,SO-006,7,95.00
2025-06-07,SO-007,7,45.00
2025-06-07,SO-009,2,78.00
2025-06-08,FB-001,20,125.00
2025-06-08,FB-002,91,14.00
2025-06-08,FB-003,28,24.00
2025-06-08,FB-004,9,78.00
2025-06-08,FB-005,15,115.00
2025-06-08,FB-006,18,66.00
2025-06-08,FB-007,7,275.00
2025-06-08,FB-008,6,34.00
2025-06-08,FB-009,33,68.00
2025-06-08,HC-001,16,55.00
2025-06-08,HC-002,6,115.00
2025-06-08,HC-003,4,42.00
2025-06-08,HC-004,7,62.00
2025-06-08,HC-005,3,98.00
2025-06-08,HC-006,3,82.00
2025-06-08,HC-007,11,28.00
2025-06-08,HC-008,10,62.00
2025-06-08,HC-009,4,135.00
2025-06-08,HW-002,3,275.00
2025-06-08,HW-006,3,28.00
2025-06-08,HW-007,1,38.00
2025-06-08,HW-010,2,16.00
2025-06-08,PC-001,9,52.00
2025-06-08,PC-002,8,32.00
2025-06-08,PC-003,5,68.00
2025-06-08,PC-004,3,38.00
2025-06-08,PC-005,6,95.00
2025-06-08,PC-006,3,135.00
2025-06-08,PC-007,5,38.00
2025-06-08,PC-008,4,79.00
2025-06-08,PC-009,5,49.00
2025-06-08,SO-001,8,30.00
2025-06-08,SO-003,10,260.00
2025-06-08,SO-004,6,72.00
2025-06-08,SO-005,2,85.00
2025-06-08,SO-006,5,95.00
2025-06-08,SO-007,1,45.00
2025-06-08,SO-009,5,78.00
2025-06-09,FB-001,8,125.00
2025-06-09,FB-002,60,14.00
2025-06-09,FB-003,24,24.00
2025-06-09,FB-004,3,78.00
2025-06-09,FB-005,13,115.00
2025-06-09,FB-006,13,66.00
2025-06-09,FB-007,7,275.00
2025-06-09,FB-008,10,34.00
2025-06-09,FB-009,12,68.00
2025-06-09,HC-001,13,55.00
2025-06-09,HC-002,6,115.00
2025-06-09,HC-003,4,42.00
2025-06-09,HC-004,1,62.00
2025-06-09,HC-005,5,98.00
2025-06-09,HC-006,3,82.00
2025-06-09,HC-007,3,28.00
2025-06-09,HC-008,6,62.00
2025-06-09,HC-009,1,135.00
2025-06-09,HW-002,4,275.00
2025-06-09,HW-006,1,28.00
2025-06-09,HW-007,2,38.00
2025-06-09,HW-010,6,16.00
2025-06-09,PC-001,19,52.00
2025-06-09,PC-002,5,32.00
2025-06-09,PC-003,7,68.00
2025-06-09,PC-004,3,38.00
2025-06-09,PC-005,1,95.00
2025-06-09,PC-006,1,135.00
2025-06-09,PC-007,2,38.00
2025-06-09,PC-008,5,79.00
2025-06-09,PC-009,8,49.00
2025-06-09,SO-002,14,90.00
2025-06-09,SO-003,14,260.00
2025-06-09,SO-004,6,72.00
2025-06-09,SO-005,7,85.00
2025-06-09,SO-006,11,95.00
2025-06-09,SO-007,7,45.00
2025-06-09,SO-008,14,35.00
2025-06-09,SO-009,2,78.00
2025-06-10,FB-001,12,125.00
2025-06-10,FB-002,58,14.00
2025-06-10,FB-003,19,24.00
2025-06-10,FB-004,6,78.00
2025-06-10,FB-005,8,115.00
2025-06-10,FB-006,17,66.00
2025-06-10,FB-007,8,275.00
2025-06-10,FB-008,4,34.00
2025-06-10,FB-009,18,68.00
2025-06-10,HC-001,14,55.00
2025-06-10,HC-002,7,115.00
2025-06-10,HC-003,4,42.00
2025-06-10,HC-004,2,62.00
2025-06-10,HC-005,1,98.00
2025-06-10,HC-006,1,82.00
2025-06-10,HC-007,11,28.00
2025-06-10,HC-008,11,62.00
2025-06-10,HC-009,2,135.00
2025-06-10,HW-001,3,85.00
2025-06-10,HW-002,4,275.00
2025-06-10,HW-003,1,98.00
2025-06-10,HW-005,2,48.00
2025-06-10,HW-010,10,16.00
2025-06-10,PC-001,8,52.00
2025-06-10,PC-002,8,32.00
2025-06-10,PC-003,6,68.00
2025-06-10,PC-004,4,38.00
2025-06-10,PC-005,1,95.00
2025-06-10,PC-006,2,135.00
2025-06-10,PC-007,4,38.00
2025-06-10,PC-008,3,79.00
2025-06-10,PC-009,8,49.00
2025-06-10,SO-002,13,90.00
2025-06-10,SO-003,8,260.00
2025-06-10,SO-004,15,72.00
2025-06-10,SO-005,10,85.00
2025-06-10,SO-006,2,95.00
2025-06-10,SO-007,3,45.00
2025-06-10,SO-008,14,35.00
2025-06-10,SO-009,12,78.00
2025-06-11,FB-001,6,125.00
2025-06-11,FB-002,65,14.00
2025-06-11,FB-003,15,24.00
2025-06-11,FB-004,11,78.00
2025-06-11,FB-005,10,115.00
2025-06-11,FB-006,20,66.00
2025-06-11,FB-007,12,275.00
2025-06-11,FB-008,6,34.00
2025-06-11,FB-009,15,68.00
2025-06-11,HC-001,9,55.00
2025-06-11,HC-002,7,115.00
2025-06-11,HC-003,10,42.00
2025-06-11,HC-004,4,62.00
2025-06-11,HC-005,5,98.00
2025-06-11,HC-006,2,82.00
2025-06-11,HC-007,13,28.00
2025-06-11,HC-008,13,62.00
2025-06-11,HC-009,2,135.00
2025-06-11,HW-001,1,85.00
2025-06-11,HW-002,5,275.00
2025-06-11,HW-003,1,98.00
2025-06-11,HW-006,1,28.00
2025-06-11,HW-010,8,16.00
2025-06-11,PC-001,8,52.00
2025-06-11,PC-002,8,32.00
2025-06-11,PC-003,7,68.00
2025-06-11,PC-004,3,38.00
2025-06-11,PC-005,4,95.00
2025-06-11,PC-006,2,135.00
2025-06-11,PC-007,3,38.00
2025-06-11,PC-008,5,79.00
2025-06-11,PC-009,7,49.00
2025-06-11,SO-002,9,90.00
2025-06-11,SO-003,6,260.00
2025-06-11,SO-004,17,72.00
2025-06-11,SO-005,7,85.00
2025-06-11,SO-007,4,45.00
2025-06-11,SO-008,16,35.00
2025-06-11,SO-009,2,78.00
2025-06-12,FB-001,21,125.00
2025-06-12,FB-002,59,14.00
2025-06-12,FB-003,24,24.00
2025-06-12,FB-004,10,78.00
2025-06-12,FB-005,12,115.00
2025-06-12,FB-006,28,66.00
2025-06-12,FB-007,6,275.00
2025-06-12,FB-008,6,34.00
2025-06-12,FB-009,16,68.00
2025-06-12,HC-001,7,55.00
2025-06-12,HC-002,5,115.00
2025-06-12,HC-003,9,42.00
2025-06-12,HC-004,4,62.00
2025-06-12,HC-005,5,98.00
2025-06-12,HC-006,4,82.00
2025-06-12,HC-007,5,28.00
2025-06-12,HC-008,10,62.00
2025-06-12,HC-009,2,135.00
2025-06-12,HW-001,4,85.00
2025-06-12,HW-002,8,275.00
2025-06-12,HW-004,2,685.00
2025-06-12,HW-007,2,38.00
2025-06-12,HW-010,11,16.00
2025-06-12,PC-001,10,52.00
2025-06-12,PC-002,4,32.00
2025-06-12,PC-003,3,68.00
2025-06-12,PC-004,1,38.00
2025-06-12,PC-005,3,95.00
2025-06-12,PC-006,1,135.00
2025-06-12,PC-007,4,38.00
2025-06-12,PC-008,3,79.00
2025-06-12,PC-009,6,49.00
2025-06-12,SO-001,40,30.00
2025-06-12,SO-002,15,90.00
2025-06-12,SO-004,16,72.00
2025-06-12,SO-008,10,35.00
2025-06-12,SO-009,10,78.00
2025-06-13,FB-001,21,125.00
2025-06-13,FB-002,77,14.00
2025-06-13,FB-003,18,24.00
2025-06-13,FB-004,12,78.00
2025-06-13,FB-005,6,115.00
2025-06-13,FB-006,26,66.00
2025-06-13,FB-007,3,275.00
2025-06-13,FB-008,11,34.00
2025-06-13,FB-009,21,68.00
2025-06-13,HC-001,14,55.00
2025-06-13,HC-002,11,115.00
2025-06-13,HC-003,5,42.00
2025-06-13,HC-004,10,62.00
2025-06-13,HC-005,1,98.00
2025-06-13,HC-006,2,82.00
2025-06-13,HC-007,17,28.00
2025-06-13,HC-008,11,62.00
2025-06-13,HW-001,5,85.00
2025-06-13,HW-002,4,275.00
2025-06-13,HW-003,1,98.00
2025-06-13,HW-005,2,48.00
2025-06-13,HW-010,8,16.00
2025-06-13,PC-001,11,52.00
2025-06-13,PC-002,6,32.00
2025-06-13,PC-003,6,68.00
2025-06-13,PC-004,2,38.00
2025-06-13,PC-005,4,95.00
2025-06-13,PC-006,3,135.00
2025-06-13,PC-007,3,38.00
2025-06-13,PC-008,3,79.00
2025-06-13,PC-009,5,49.00
2025-06-13,SO-001,46,30.00
2025-06-13,SO-002,18,90.00
2025-06-13,SO-004,8,72.00
2025-06-13,SO-005,6,85.00
2025-06-13,SO-008,6,35.00
2025-06-13,SO-009,4,78.00
2025-06-14,FB-001,27,125.00
2025-06-14,FB-002,110,14.00
2025-06-14,FB-003,44,24.00
2025-06-14,FB-004,15,78.00
2025-06-14,FB-005,25,115.00
2025-06-14,FB-006,41,66.00
2025-06-14,FB-007,10,275.00
2025-06-14,FB-008,10,34.00
2025-06-14,FB-009,35,68.00
2025-06-14,HC-001,1,55.00
2025-06-14,HC-002,11,115.00
2025-06-14,HC-003,8,42.00
2025-06-14,HC-004,12,62.00
2025-06-14,HC-005,6,98.00
2025-06-14,HC-006,5,82.00
2025-06-14,HC-007,7,28.00
2025-06-14,HC-008,11,62.00
2025-06-14,HC-009,1,135.00
2025-06-14,HW-001,1,85.00
2025-06-14,HW-002,5,275.00
2025-06-14,HW-003,2,98.00
2025-06-14,HW-004,2,685.00
2025-06-14,HW-005,1,48.00
2025-06-14,HW-006,1,28.00
2025-06-14,HW-007,2,38.00
2025-06-14,HW-008,1,125.00
2025-06-14,HW-010,14,16.00
2025-06-14,PC-001,10,52.00
2025-06-14,PC-002,11,32.00
2025-06-14,PC-003,10,68.00
2025-06-14,PC-004,4,38.00
2025-06-14,PC-005,4,95.00
2025-06-14,PC-006,4,135.00
2025-06-14,PC-007,4,38.00
2025-06-14,PC-008,2,79.00
2025-06-14,PC-009,3,49.00
2025-06-14,SO-001,40,30.00
2025-06-14,SO-002,1,90.00
2025-06-14,SO-005,5,85.00
2025-06-14,SO-009,3,78.00
2025-06-15,FB-001,28,125.00
2025-06-15,FB-002,120,14.00
2025-06-15,FB-003,7,24.00
2025-06-15,FB-004,19,78.00
2025-06-15,FB-005,16,115.00
2025-06-15,FB-006,46,66.00
2025-06-15,FB-007,6,275.00
2025-06-15,FB-008,11,34.00
2025-06-15,FB-009,26,68.00
2025-06-15,HC-001,18,55.00
2025-06-15,HC-002,13,115.00
2025-06-15,HC-003,11,42.00
2025-06-15,HC-004,7,62.00
2025-06-15,HC-005,7,98.00
2025-06-15,HC-006,4,82.00
2025-06-15,HC-008,11,62.00
2025-06-15,HC-009,1,135.00
2025-06-15,HW-001,2,85.00
2025-06-15,HW-002,5,275.00
2025-06-15,HW-003,1,98.00
2025-06-15,HW-005,1,48.00
2025-06-15,HW-010,9,16.00
2025-06-15,PC-001,11,52.00
2025-06-15,PC-002,10,32.00
2025-06-15,PC-003,9,68.00
2025-06-15,PC-004,5,38.00
2025-06-15,PC-005,2,95.00
2025-06-15,PC-006,3,135.00
2025-06-15,PC-007,6,38.00
2025-06-15,PC-008,6,79.00
2025-06-15,PC-009,11,49.00
2025-06-15,SO-001,23,30.00
2025-06-15,SO-003,6,260.00
2025-06-15,SO-005,1,85.00
2025-06-15,SO-006,2,95.00
2025-06-15,SO-008,8,35.00
2025-06-15,SO-009,2,78.00
2025-06-16,FB-001,20,125.00
2025-06-16,FB-002,86,14.00
2025-06-16,FB-004,10,78.00
2025-06-16,FB-005,16,115.00
2025-06-16,FB-006,31,66.00
2025-06-16,FB-007,12,275.00
2025-06-16,FB-008,8,34.00
2025-06-16,FB-009,26,68.00
2025-06-16,HC-001,8,55.00
2025-06-16,HC-002,7,115.00
2025-06-16,HC-003,6,42.00
2025-06-16,HC-004,9,62.00
2025-06-16,HC-005,2,98.00
2025-06-16,HC-006,8,82.00
2025-06-16,HC-007,8,28.00
2025-06-16,HC-008,5,62.00
2025-06-16,HC-009,2,135.00
2025-06-16,HW-001,5,85.00
2025-06-16,HW-002,1,275.00
2025-06-16,HW-003,2,98.00
2025-06-16,HW-004,1,685.00
2025-06-16,HW-007,1,38.00
2025-06-16,HW-010,7,16.00
2025-06-16,PC-001,8,52.00
2025-06-16,PC-002,8,32.00
2025-06-16,PC-003,3,68.00
2025-06-16,PC-004,5,38.00
2025-06-16,PC-005,7,95.00
2025-06-16,PC-006,2,135.00
2025-06-16,PC-007,3,38.00
2025-06-16,PC-008,5,79.00
2025-06-16,PC-009,9,49.00
2025-06-16,SO-001,37,30.00
2025-06-16,SO-003,10,260.00
2025-06-16,SO-005,12,85.00
2025-06-16,SO-006,8,95.00
2025-06-16,SO-008,17,35.00
2025-06-16,SO-009,4,78.00
2025-06-17,FB-001,19,125.00
2025-06-17,FB-002,60,14.00
2025-06-17,FB-003,14,24.00
2025-06-17,FB-004,10,78.00
2025-06-17,FB-005,7,115.00
2025-06-17,FB-006,28,66.00
2025-06-17,FB-008,6,34.00
2025-06-17,FB-009,19,68.00
2025-06-17,HC-001,10,55.00
2025-06-17,HC-002,8,115.00
2025-06-17,HC-003,3,42.00
2025-06-17,HC-004,5,62.00
2025-06-17,HC-005,2,98.00
2025-06-17,HC-006,5,82.00
2025-06-17,HC-007,7,28.00
2025-06-17,HC-009,4,135.00
2025-06-17,HW-001,3,85.00
2025-06-17,HW-002,4,275.00
2025-06-17,HW-003,3,98.00
2025-06-17,HW-005,1,48.00
2025-06-17,HW-007,1,38.00
2025-06-17,HW-010,10,16.00
2025-06-17,PC-001,6,52.00
2025-06-17,PC-002,12,32.00
2025-06-17,PC-003,3,68.00
2025-06-17,PC-004,3,38.00
2025-06-17,PC-005,5,95.00
2025-06-17,PC-006,3,135.00
2025-06-17,PC-007,4,38.00
2025-06-17,PC-008,2,79.00
2025-06-17,PC-009,6,49.00
2025-06-17,SO-001,34,30.00
2025-06-17,SO-003,14,260.00
2025-06-17,SO-005,6,85.00
2025-06-17,SO-006,7,95.00
2025-06-17,SO-008,12,35.00
2025-06-17,SO-009,7,78.00
2025-06-18,FB-001,13,125.00
2025-06-18,FB-002,57,14.00
2025-06-18,FB-003,12,24.00
2025-06-18,FB-004,9,78.00
2025-06-18,FB-005,7,115.00
2025-06-18,FB-006,27,66.00
2025-06-18,FB-007,3,275.00
2025-06-18,FB-008,9,34.00
2025-06-18,FB-009,24,68.00
2025-06-18,HC-001,9,55.00
2025-06-18,HC-002,6,115.00
2025-06-18,HC-003,2,42.00
2025-06-18,HC-004,4,62.00
2025-06-18,HC-005,4,98.00
2025-06-18,HC-006,6,82.00
2025-06-18,HC-007,9,28.00
2025-06-18,HC-008,2,62.00
2025-06-18,HC-009,6,135.00
2025-06-18,HW-001,1,85.00
2025-06-18,HW-002,6,275.00
2025-06-18,HW-003,1,98.00
2025-06-18,HW-006,4,28.00
2025-06-18,HW-007,1,38.00
2025-06-18,HW-010,11,16.00
2025-06-18,PC-001,10,52.00
2025-06-18,PC-002,5,32.00
2025-06-18,PC-003,7,68.00
2025-06-18,PC-004,3,38.00
2025-06-18,PC-005,4,95.00
2025-06-18,PC-006,3,135.00
2025-06-18,PC-007,5,38.00
2025-06-18,PC-008,5,79.00
2025-06-18,PC-009,10,49.00
2025-06-18,SO-002,11,90.00
2025-06-18,SO-003,8,260.00
2025-06-18,SO-004,11,72.00
2025-06-18,SO-005,8,85.00
2025-06-18,SO-006,11,95.00
2025-06-18,SO-007,5,45.00
2025-06-18,SO-008,11,35.00
2025-06-19,FB-001,16,125.00
2025-06-19,FB-002,72,14.00
2025-06-19,FB-003,16,24.00
2025-06-19,FB-004,8,78.00
2025-06-19,FB-005,12,115.00
2025-06-19,FB-006,30,66.00
2025-06-19,FB-007,8,275.00
2025-06-19,FB-008,8,34.00
2025-06-19,FB-009,23,68.00
2025-06-19,HC-001,12,55.00
2025-06-19,HC-002,13,115.00
2025-06-19,HC-003,5,42.00
2025-06-19,HC-004,4,62.00
2025-06-19,HC-005,4,98.00
2025-06-19,HC-006,2,82.00
2025-06-19,HC-007,10,28.00
2025-06-19,HC-008,3,62.00
2025-06-19,HC-009,1,135.00
2025-06-19,HW-001,6,85.00
2025-06-19,HW-002,5,275.00
2025-06-19,HW-005,1,48.00
2025-06-19,HW-006,4,28.00
2025-06-19,HW-008,1,125.00
2025-06-19,HW-010,8,16.00
2025-06-19,PC-001,11,52.00
2025-06-19,PC-002,8,32.00
2025-06-19,PC-003,3,68.00
2025-06-19,PC-004,2,38.00
2025-06-19,PC-005,2,95.00
2025-06-19,PC-006,3,135.00
2025-06-19,PC-007,3,38.00
2025-06-19,PC-008,3,79.00
2025-06-19,PC-009,6,49.00
2025-06-19,SO-002,9,90.00
2025-06-19,SO-003,12,260.00
2025-06-19,SO-004,12,72.00
2025-06-19,SO-005,8,85.00
2025-06-19,SO-006,5,95.00
2025-06-19,SO-007,4,45.00
2025-06-19,SO-008,10,35.00
2025-06-20,FB-001,16,125.00
2025-06-20,FB-002,94,14.00
2025-06-20,FB-003,32,24.00
2025-06-20,FB-004,17,78.00
2025-06-20,FB-005,13,115.00
2025-06-20,FB-006,22,66.00
2025-06-20,FB-007,2,275.00
2025-06-20,FB-008,10,34.00
2025-06-20,FB-009,30,68.00
2025-06-20,HC-001,12,55.00
2025-06-20,HC-002,7,115.00
2025-06-20,HC-003,6,42.00
2025-06-20,HC-004,3,62.00
2025-06-20,HC-005,4,98.00
2025-06-20,HC-006,7,82.00
2025-06-20,HC-007,4,28.00
2025-06-20,HC-008,5,62.00
2025-06-20,HC-009,1,135.00
2025-06-20,HW-001,1,85.00
2025-06-20,HW-002,5,275.00
2025-06-20,HW-004,1,685.00
2025-06-20,HW-005,1,48.00
2025-06-20,HW-007,1,38.00
2025-06-20,HW-010,8,16.00
2025-06-20,PC-001,8,52.00
2025-06-20,PC-002,11,32.00
2025-06-20,PC-003,5,68.00
2025-06-20,PC-004,4,38.00
2025-06-20,PC-005,3,95.00
2025-06-20,PC-006,2,135.00
2025-06-20,PC-007,2,38.00
2025-06-20,PC-008,5,79.00
2025-06-20,PC-009,9,49.00
2025-06-20,SO-001,43,30.00
2025-06-20,SO-002,11,90.00
2025-06-20,SO-004,17,72.00
2025-06-20,SO-005,2,85.00
2025-06-20,SO-006,7,95.00
2025-06-20,SO-007,3,45.00
2025-06-20,SO-008,2,35.00
2025-06-21,FB-001,19,125.00
2025-06-21,FB-002,85,14.00
2025-06-21,FB-003,17,24.00
2025-06-21,FB-004,13,78.00
2025-06-21,FB-005,13,115.00
2025-06-21,FB-006,38,66.00
2025-06-21,FB-007,7,275.00
2025-06-21,FB-008,5,34.00
2025-06-21,FB-009,23,68.00
2025-06-21,HC-001,21,55.00
2025-06-21,HC-002,14,115.00
2025-06-21,HC-003,8,42.00
2025-06-21,HC-005,7,98.00
2025-06-21,HC-006,2,82.00
2025-06-21,HC-007,6,28.00
2025-06-21,HC-008,8,62.00
2025-06-21,HC-009,6,135.00
2025-06-21,HW-001,4,85.00
2025-06-21,HW-002,4,275.00
2025-06-21,HW-003,1,98.00
2025-06-21,HW-006,2,28.00
2025-06-21,HW-010,12,16.00
2025-06-21,PC-001,7,52.00
2025-06-21,PC-002,4,32.00
2025-06-21,PC-003,6,68.00
2025-06-21,PC-004,4,38.00
2025-06-21,PC-005,4,95.00
2025-06-21,PC-006,2,135.00
2025-06-21,PC-007,3,38.00
2025-06-21,PC-008,6,79.00
2025-06-21,PC-009,14,49.00
2025-06-21,SO-001,31,30.00
2025-06-21,SO-002,9,90.00
2025-06-21,SO-004,5,72.00
2025-06-21,SO-007,2,45.00
2025-06-22,FB-001,22,125.00
2025-06-22,FB-002,78,14.00
2025-06-22,FB-003,21,24.00
2025-06-22,FB-004,11,78.00
2025-06-22,FB-005,7,115.00
2025-06-22,FB-006,27,66.00
2025-06-22,FB-007,8,275.00
2025-06-22,FB-008,8,34.00
2025-06-22,FB-009,22,68.00
2025-06-22,HC-001,14,55.00
2025-06-22,HC-002,11,115.00
2025-06-22,HC-003,5,42.00
2025-06-22,HC-004,7,62.00
2025-06-22,HC-005,2,98.00
2025-06-22,HC-006,4,82.00
2025-06-22,HC-007,9,28.00
2025-06-22,HC-008,6,62.00
2025-06-22,HC-009,1,135.00
2025-06-22,HW-002,2,275.00
2025-06-22,HW-008,1,125.00
2025-06-22,HW-010,10,16.00
2025-06-22,PC-001,8,52.00
2025-06-22,PC-002,8,32.00
2025-06-22,PC-003,5,68.00
2025-06-22,PC-004,2,38.00
2025-06-22,PC-005,5,95.00
2025-06-22,PC-006,3,135.00
2025-06-22,PC-007,6,38.00
2025-06-22,PC-008,2,79.00
2025-06-22,PC-009,8,49.00
2025-06-22,SO-001,21,30.00
2025-06-22,SO-002,8,90.00
2025-06-22,SO-003,11,260.00
2025-06-22,SO-004,11,72.00
2025-06-22,SO-006,3,95.00
2025-06-22,SO-007,2,45.00
2025-06-23,FB-001,21,125.00
2025-06-23,FB-002,70,14.00
2025-06-23,FB-003,11,24.00
2025-06-23,FB-004,9,78.00
2025-06-23,FB-005,15,115.00
2025-06-23,FB-006,20,66.00
2025-06-23,FB-007,1,275.00
2025-06-23,FB-008,10,34.00
2025-06-23,FB-009,16,68.00
2025-06-23,HC-001,7,55.00
2025-06-23,HC-002,11,115.00
2025-06-23,HC-003,10,42.00
2025-06-23,HC-004,3,62.00
2025-06-23,HC-005,7,98.00
2025-06-23,HC-006,3,82.00
2025-06-23,HC-007,3,28.00
2025-06-23,HC-008,9,62.00
2025-06-23,HC-009,2,135.00
2025-06-23,HW-001,3,85.00
2025-06-23,HW-002,4,275.00
2025-06-23,HW-005,1,48.00
2025-06-23,HW-006,3,28.00
2025-06-23,HW-010,3,16.00
2025-06-23,PC-001,8,52.00
2025-06-23,PC-002,13,32.00
2025-06-23,PC-003,7,68.00
2025-06-23,PC-004,3,38.00
2025-06-23,PC-005,4,95.00
2025-06-23,PC-006,1,135.00
2025-06-23,PC-007,1,38.00
2025-06-23,PC-008,5,79.00
2025-06-23,PC-009,6,49.00
2025-06-23,SO-001,41,30.00
2025-06-23,SO-002,8,90.00
2025-06-23,SO-003,16,260.00
2025-06-23,SO-004,14,72.00
2025-06-23,SO-005,5,85.00
2025-06-23,SO-006,10,95.00
2025-06-23,SO-007,6,45.00
2025-06-24,FB-001,19,125.00
2025-06-24,FB-002,50,14.00
2025-06-24,FB-003,19,24.00
2025-06-24,FB-004,9,78.00
2025-06-24,FB-005,9,115.00
2025-06-24,FB-006,18,66.00
2025-06-24,FB-007,7,275.00
2025-06-24,FB-008,6,34.00
2025-06-24,FB-009,26,68.00
2025-06-24,HC-001,13,55.00
2025-06-24,HC-002,6,115.00
2025-06-24,HC-003,5,42.00
2025-06-24,HC-004,5,62.00
2025-06-24,HC-005,6,98.00
2025-06-24,HC-006,2,82.00
2025-06-24,HC-007,11,28.00
2025-06-24,HC-008,8,62.00
2025-06-24,HC-009,1,135.00
2025-06-24,HW-002,7,275.00
2025-06-24,HW-003,1,98.00
2025-06-24,HW-006,2,28.00
2025-06-24,HW-007,1,38.00
2025-06-24,HW-010,10,16.00
2025-06-24,PC-001,13,52.00
2025-06-24,PC-002,8,32.00
2025-06-24,PC-003,5,68.00
2025-06-24,PC-004,5,38.00
2025-06-24,PC-005,7,95.00
2025-06-24,PC-007,4,38.00
2025-06-24,PC-008,2,79.00
2025-06-24,PC-009,2,49.00
2025-06-24,SO-001,37,30.00
2025-06-24,SO-002,14,90.00
2025-06-24,SO-003,10,260.00
2025-06-24,SO-005,3,85.00
2025-06-24,SO-006,4,95.00
2025-06-24,SO-007,3,45.00
2025-06-25,FB-001,18,125.00
2025-06-25,FB-002,60,14.00
2025-06-25,FB-003,22,24.00
2025-06-25,FB-004,9,78.00
2025-06-25,FB-005,15,115.00
2025-06-25,FB-006,22,66.00
2025-06-25,FB-007,5,275.00
2025-06-25,FB-008,5,34.00
2025-06-25,FB-009,20,68.00
2025-06-25,HC-001,9,55.00
2025-06-25,HC-002,11,115.00
2025-06-25,HC-003,5,42.00
2025-06-25,HC-004,3,62.00
2025-06-25,HC-005,4,98.00
2025-06-25,HC-006,5,82.00
2025-06-25,HC-007,14,28.00
2025-06-25,HC-008,9,62.00
2025-06-25,HW-001,2,85.00
2025-06-25,HW-002,3,275.00
2025-06-25,HW-003,2,98.00
2025-06-25,HW-004,3,685.00
2025-06-25,HW-006,1,28.00
2025-06-25,HW-007,1,38.00
2025-06-25,HW-010,15,16.00
2025-06-25,PC-001,17,52.00
2025-06-25,PC-002,13,32.00
2025-06-25,PC-003,6,68.00
2025-06-25,PC-004,1,38.00
2025-06-25,PC-005,7,95.00
2025-06-25,PC-006,5,135.00
2025-06-25,PC-007,3,38.00
2025-06-25,PC-008,1,79.00
2025-06-25,PC-009,12,49.00
2025-06-25,SO-001,27,30.00
2025-06-25,SO-003,3,260.00
2025-06-25,SO-005,6,85.00
2025-06-25,SO-006,7,95.00
2025-06-25,SO-007,5,45.00
2025-06-25,SO-009,5,78.00
2025-06-26,FB-001,17,125.00
2025-06-26,FB-002,53,14.00
2025-06-26,FB-003,20,24.00
2025-06-26,FB-004,8,78.00
2025-06-26,FB-005,7,115.00
2025-06-26,FB-006,27,66.00
2025-06-26,FB-007,12,275.00
2025-06-26,FB-008,6,34.00
2025-06-26,FB-009,38,68.00
2025-06-26,HC-001,7,55.00
2025-06-26,HC-002,8,115.00
2025-06-26,HC-003,5,42.00
2025-06-26,HC-004,6,62.00
2025-06-26,HC-005,5,98.00
2025-06-26,HC-006,5,82.00
2025-06-26,HC-007,12,28.00
2025-06-26,HC-008,8,62.00
2025-06-26,HC-009,2,135.00
2025-06-26,HW-001,1,85.00
2025-06-26,HW-002,2,275.00
2025-06-26,HW-003,1,98.00
2025-06-26,HW-005,2,48.00
2025-06-26,HW-010,5,16.00
2025-06-26,PC-001,16,52.00
2025-06-26,PC-002,11,32.00
2025-06-26,PC-003,8,68.00
2025-06-26,PC-004,8,38.00
2025-06-26,PC-005,9,95.00
2025-06-26,PC-006,4,135.00
2025-06-26,PC-007,3,38.00
2025-06-26,PC-008,3,79.00
2025-06-26,PC-009,6,49.00
2025-06-26,SO-003,10,260.00
2025-06-26,SO-004,10,72.00
2025-06-26,SO-005,4,85.00
2025-06-26,SO-006,3,95.00
2025-06-26,SO-007,5,45.00
2025-06-27,FB-001,18,125.00
2025-06-27,FB-002,59,14.00
2025-06-27,FB-003,31,24.00
2025-06-27,FB-004,5,78.00
2025-06-27,FB-005,11,115.00
2025-06-27,FB-006,27,66.00
2025-06-27,FB-007,9,275.00
2025-06-27,FB-008,13,34.00
2025-06-27,FB-009,42,68.00
2025-06-27,HC-001,15,55.00
2025-06-27,HC-002,8,115.00
2025-06-27,HC-003,7,42.00
2025-06-27,HC-004,7,62.00
2025-06-27,HC-005,5,98.00
2025-06-27,HC-006,1,82.00
2025-06-27,HC-007,7,28.00
2025-06-27,HC-008,12,62.00
2025-06-27,HW-001,2,85.00
2025-06-27,HW-002,5,275.00
2025-06-27,HW-003,4,98.00
2025-06-27,HW-005,1,48.00
2025-06-27,HW-007,1,38.00
2025-06-27,HW-010,5,16.00
2025-06-27,PC-001,18,52.00
2025-06-27,PC-002,9,32.00
2025-06-27,PC-003,10,68.00
2025-06-27,PC-004,3,38.00
2025-06-27,PC-005,3,95.00
2025-06-27,PC-006,2,135.00
2025-06-27,PC-007,1,38.00
2025-06-27,PC-008,6,79.00
2025-06-27,PC-009,5,49.00
2025-06-27,SO-004,8,72.00
2025-06-27,SO-005,8,85.00
2025-06-27,SO-006,5,95.00
2025-06-27,SO-007,5,45.00
2025-06-27,SO-009,3,78.00
2025-06-28,FB-001,22,125.00
2025-06-28,FB-002,83,14.00
2025-06-28,FB-003,29,24.00
2025-06-28,FB-004,13,78.00
2025-06-28,FB-005,17,115.00
2025-06-28,FB-006,46,66.00
2025-06-28,FB-007,9,275.00
2025-06-28,FB-008,11,34.00
2025-06-28,FB-009,39,68.00
2025-06-28,HC-001,17,55.00
2025-06-28,HC-002,6,115.00
2025-06-28,HC-003,6,42.00
2025-06-28,HC-004,5,62.00
2025-06-28,HC-005,4,98.00
2025-06-28,HC-007,10,28.00
2025-06-28,HC-008,11,62.00
2025-06-28,HC-009,3,135.00
2025-06-28,HW-001,2,85.00
2025-06-28,HW-002,7,275.00
2025-06-28,HW-003,2,98.00
2025-06-28,HW-004,1,685.00
2025-06-28,HW-005,2,48.00
2025-06-28,HW-006,4,28.00
2025-06-28,HW-007,2,38.00
2025-06-28,HW-010,16,16.00
2025-06-28,PC-001,15,52.00
2025-06-28,PC-002,7,32.00
2025-06-28,PC-003,10,68.00
2025-06-28,PC-004,3,38.00
2025-06-28,PC-005,3,95.00
2025-06-28,PC-006,2,135.00
2025-06-28,PC-007,3,38.00
2025-06-28,PC-008,5,79.00
2025-06-28,PC-009,11,49.00
2025-06-28,SO-004,7,72.00
2025-06-28,SO-005,5,85.00
2025-06-28,SO-006,1,95.00
2025-06-28,SO-007,2,45.00
2025-06-28,SO-008,3,35.00
2025-06-28,SO-009,3,78.00
2025-06-29,FB-001,21,125.00
2025-06-29,FB-002,89,14.00
2025-06-29,FB-003,20,24.00
2025-06-29,FB-004,7,78.00
2025-06-29,FB-005,17,115.00
2025-06-29,FB-006,43,66.00
2025-06-29,FB-007,6,275.00
2025-06-29,FB-008,4,34.00
2025-06-29,FB-009,43,68.00
2025-06-29,HC-001,19,55.00
2025-06-29,HC-002,8,115.00
2025-06-29,HC-003,10,42.00
2025-06-29,HC-004,3,62.00
2025-06-29,HC-005,8,98.00
2025-06-29,HC-007,9,28.00
2025-06-29,HC-008,8,62.00
2025-06-29,HC-009,1,135.00
2025-06-29,HW-001,1,85.00
2025-06-29,HW-002,1,275.00
2025-06-29,HW-003,3,98.00
2025-06-29,HW-010,5,16.00
2025-06-29,PC-001,14,52.00
2025-06-29,PC-002,6,32.00
2025-06-29,PC-003,7,68.00
2025-06-29,PC-004,6,38.00
2025-06-29,PC-005,5,95.00
2025-06-29,PC-006,3,135.00
2025-06-29,PC-007,4,38.00
2025-06-29,PC-008,2,79.00
2025-06-29,PC-009,14,49.00
2025-06-29,SO-002,5,90.00
2025-06-29,SO-003,7,260.00
2025-06-29,SO-004,5,72.00
2025-06-29,SO-006,3,95.00
2025-06-29,SO-007,3,45.00
2025-06-29,SO-008,3,35.00
2025-06-29,SO-009,2,78.00
2025-06-30,FB-001,21,125.00
2025-06-30,FB-002,65,14.00
2025-06-30,FB-004,14,78.00
2025-06-30,FB-005,15,115.00
2025-06-30,FB-006,30,66.00
2025-06-30,FB-007,6,275.00
2025-06-30,FB-008,12,34.00
2025-06-30,FB-009,45,68.00
2025-06-30,HC-001,11,55.00
2025-06-30,HC-002,5,115.00
2025-06-30,HC-003,7,42.00
2025-06-30,HC-004,5,62.00
2025-06-30,HC-005,1,98.00
2025-06-30,HC-006,8,82.00
2025-06-30,HC-007,1,28.00
2025-06-30,HC-008,7,62.00
2025-06-30,HC-009,6,135.00
2025-06-30,HW-001,5,85.00
2025-06-30,HW-002,12,275.00
2025-06-30,HW-004,1,685.00
2025-06-30,HW-005,2,48.00
2025-06-30,HW-008,2,125.00
2025-06-30,HW-010,8,16.00
2025-06-30,PC-001,7,52.00
2025-06-30,PC-002,11,32.00
2025-06-30,PC-003,10,68.00
2025-06-30,PC-004,5,38.00
2025-06-30,PC-005,5,95.00
2025-06-30,PC-007,2,38.00
2025-06-30,PC-008,5,79.00
2025-06-30,PC-009,13,49.00
2025-06-30,SO-002,10,90.00
2025-06-30,SO-003,10,260.00
2025-06-30,SO-004,17,72.00
2025-06-30,SO-005,5,85.00
2025-06-30,SO-006,4,95.00
2025-06-30,SO-007,3,45.00
2025-06-30,SO-008,9,35.00
2025-06-30,SO-009,2,78.00
2025-07-01,FB-001,17,131.25
2025-07-01,FB-002,77,14.70
2025-07-01,FB-003,11,25.20
2025-07-01,FB-004,13,81.90
2025-07-01,FB-005,13,120.75
2025-07-01,FB-007,14,288.75
2025-07-01,FB-008,2,35.70
2025-07-01,FB-009,17,71.40
2025-07-01,HC-001,16,55.00
2025-07-01,HC-002,6,115.00
2025-07-01,HC-003,5,42.00
2025-07-01,HC-004,2,62.00
2025-07-01,HC-005,2,98.00
2025-07-01,HC-006,1,82.00
2025-07-01,HC-007,19,28.00
2025-07-01,HC-008,7,62.00
2025-07-01,HC-009,2,135.00
2025-07-01,HW-001,2,89.25
2025-07-01,HW-002,9,288.75
2025-07-01,HW-003,1,102.90
2025-07-01,HW-004,2,719.25
2025-07-01,HW-005,1,50.40
2025-07-01,HW-006,3,29.40
2025-07-01,HW-010,17,16.80
2025-07-01,PC-002,4,32.00
2025-07-01,PC-003,7,68.00
2025-07-01,PC-004,5,38.00
2025-07-01,PC-005,4,95.00
2025-07-01,PC-006,1,135.00
2025-07-01,PC-007,3,38.00
2025-07-01,PC-008,4,79.00
2025-07-01,PC-009,9,49.00
2025-07-01,SO-002,9,90.00
2025-07-01,SO-003,7,260.00
2025-07-01,SO-004,11,72.00
2025-07-01,SO-005,6,85.00
2025-07-01,SO-007,8,45.00
2025-07-01,SO-008,8,35.00
2025-07-01,SO-009,4,78.00
2025-07-02,FB-002,74,14.70
2025-07-02,FB-003,13,25.20
2025-07-02,FB-004,9,81.90
2025-07-02,FB-005,12,120.75
2025-07-02,FB-007,8,288.75
2025-07-02,FB-008,2,35.70
2025-07-02,FB-009,20,71.40
2025-07-02,HC-001,13,55.00
2025-07-02,HC-002,10,115.00
2025-07-02,HC-003,9,42.00
2025-07-02,HC-004,2,62.00
2025-07-02,HC-005,3,98.00
2025-07-02,HC-006,4,82.00
2025-07-02,HC-007,11,28.00
2025-07-02,HC-008,9,62.00
2025-07-02,HC-009,1,135.00
2025-07-02,HW-002,2,288.75
2025-07-02,HW-004,1,719.25
2025-07-02,HW-006,1,29.40
2025-07-02,HW-008,1,131.25
2025-07-02,HW-010,12,16.80
2025-07-02,PC-001,15,52.00
2025-07-02,PC-002,10,32.00
2025-07-02,PC-003,4,68.00
2025-07-02,PC-004,3,38.00
2025-07-02,PC-005,3,95.00
2025-07-02,PC-006,2,135.00
2025-07-02,PC-007,3,38.00
2025-07-02,PC-008,3,79.00
2025-07-02,PC-009,3,49.00
2025-07-02,SO-001,24,30.00
2025-07-02,SO-002,5,90.00
2025-07-02,SO-003,3,260.00
2025-07-02,SO-004,5,72.00
2025-07-02,SO-007,2,45.00
2025-07-02,SO-008,1,35.00
2025-07-02,SO-009,3,78.00
2025-07-03,FB-001,12,131.25
2025-07-03,FB-002,32,14.70
2025-07-03,FB-003,18,25.20
2025-07-03,FB-004,5,81.90
2025-07-03,FB-005,8,120.75
2025-07-03,FB-006,22,69.30
2025-07-03,FB-007,5,288.75
2025-07-03,FB-008,7,35.70
2025-07-03,FB-009,33,71.40
2025-07-03,HC-001,10,55.00
2025-07-03,HC-002,7,115.00
2025-07-03,HC-003,7,42.00
2025-07-03,HC-004,4,62.00
2025-07-03,HC-005,4,98.00
2025-07-03,HC-006,3,82.00
2025-07-03,HC-007,6,28.00
2025-07-03,HC-008,7,62.00
2025-07-03,HC-009,1,135.00
2025-07-03,HW-001,1,89.25
2025-07-03,HW-002,6,288.75
2025-07-03,HW-005,1,50.40
2025-07-03,HW-006,2,29.40
2025-07-03,HW-010,8,16.80
2025-07-03,PC-001,14,52.00
2025-07-03,PC-002,12,32.00
2025-07-03,PC-003,5,68.00
2025-07-03,PC-004,6,38.00
2025-07-03,PC-005,6,95.00
2025-07-03,PC-006,2,135.00
2025-07-03,PC-007,7,38.00
2025-07-03,PC-008,7,79.00
2025-07-03,PC-009,5,49.00
2025-07-03,SO-001,29,30.00
2025-07-03,SO-002,11,90.00
2025-07-03,SO-003,7,260.00
2025-07-03,SO-004,8,72.00
2025-07-03,SO-005,5,85.00
2025-07-03,SO-007,6,45.00
2025-07-03,SO-008,9,35.00
2025-07-03,SO-009,1,78.00
2025-07-04,FB-001,10,131.25
2025-07-04,FB-002,100,14.70
2025-07-04,FB-003,19,25.20
2025-07-04,FB-004,7,81.90
2025-07-04,FB-005,8,120.75
2025-07-04,FB-006,41,69.30
2025-07-04,FB-007,7,288.75
2025-07-04,FB-008,7,35.70
2025-07-04,FB-009,28,71.40
2025-07-04,HC-001,12,55.00
2025-07-04,HC-002,7,115.00
2025-07-04,HC-003,8,42.00
2025-07-04,HC-004,6,62.00
2025-07-04,HC-005,3,98.00
2025-07-04,HC-006,3,82.00
2025-07-04,HC-007,11,28.00
2025-07-04,HC-008,3,62.00
2025-07-04,HW-001,1,89.25
2025-07-04,HW-002,4,288.75
2025-07-04,HW-003,1,102.90
2025-07-04,HW-005,2,50.40
2025-07-04,HW-006,1,29.40
2025-07-04,HW-010,11,16.80
2025-07-04,PC-001,9,52.00
2025-07-04,PC-002,5,32.00
2025-07-04,PC-003,3,68.00
2025-07-04,PC-004,5,38.00
2025-07-04,PC-005,1,95.00
2025-07-04,PC-006,2,135.00
2025-07-04,PC-007,4,38.00
2025-07-04,PC-008,1,79.00
2025-07-04,PC-009,6,49.00
2025-07-04,SO-001,18,30.00
2025-07-04,SO-002,13,90.00
2025-07-04,SO-003,3,260.00
2025-07-04,SO-004,4,72.00
2025-07-04,SO-005,3,85.00
2025-07-04,SO-006,4,95.00
2025-07-04,SO-007,2,45.00
2025-07-04,SO-008,6,35.00
2025-07-04,SO-009,4,78.00
2025-07-05,FB-001,18,131.25
2025-07-05,FB-002,92,14.70
2025-07-05,FB-003,26,25.20
2025-07-05,FB-004,9,81.90
2025-07-05,FB-005,11,120.75
2025-07-05,FB-006,42,69.30
2025-07-05,FB-007,13,288.75
2025-07-05,FB-008,11,35.70
2025-07-05,FB-009,29,71.40
2025-07-05,HC-001,15,55.00
2025-07-05,HC-002,9,115.00
2025-07-05,HC-003,6,42.00
2025-07-05,HC-004,7,62.00
2025-07-05,HC-005,5,98.00
2025-07-05,HC-006,5,82.00
2025-07-05,HC-007,10,28.00
2025-07-05,HC-008,10,62.00
2025-07-05,HC-009,1,135.00
2025-07-05,HW-001,3,89.25
2025-07-05,HW-002,6,288.75
2025-07-05,HW-004,2,719.25
2025-07-05,HW-005,1,50.40
2025-07-05,HW-006,1,29.40
2025-07-05,HW-010,19,16.80
2025-07-05,PC-001,14,52.00
2025-07-05,PC-002,7,32.00
2025-07-05,PC-003,7,68.00
2025-07-05,PC-004,7,38.00
2025-07-05,PC-005,2,95.00
2025-07-05,PC-006,2,135.00
2025-07-05,PC-007,6,38.00
2025-07-05,PC-008,5,79.00
2025-07-05,PC-009,7,49.00
2025-07-05,SO-001,15,30.00
2025-07-05,SO-002,2,90.00
2025-07-05,SO-003,4,260.00
2025-07-05,SO-004,5,72.00
2025-07-05,SO-005,5,85.00
2025-07-05,SO-006,2,95.00
2025-07-05,SO-007,4,45.00
2025-07-05,SO-008,5,35.00
2025-07-05,SO-009,3,78.00
2025-07-06,FB-001,16,131.25
2025-07-06,FB-002,111,14.70
2025-07-06,FB-003,19,25.20
2025-07-06,FB-004,13,81.90
2025-07-06,FB-005,22,120.75
2025-07-06,FB-006,33,69.30
2025-07-06,FB-007,11,288.75
2025-07-06,FB-008,9,35.70
2025-07-06,FB-009,26,71.40
2025-07-06,HC-001,8,55.00
2025-07-06,HC-002,9,115.00
2025-07-06,HC-003,4,42.00
2025-07-06,HC-004,8,62.00
2025-07-06,HC-005,5,98.00
2025-07-06,HC-006,2,82.00
2025-07-06,HC-007,9,28.00
2025-07-06,HC-008,9,62.00
2025-07-06,HC-009,1,135.00
2025-07-06,HW-002,3,288.75
2025-07-06,HW-003,1,102.90
2025-07-06,HW-004,1,719.25
2025-07-06,HW-005,1,50.40
2025-07-06,HW-010,4,16.80
2025-07-06,PC-001,17,52.00
2025-07-06,PC-002,9,32.00
2025-07-06,PC-003,9,68.00
2025-07-06,PC-004,8,38.00
2025-07-06,PC-005,6,95.00
2025-07-06,PC-006,2,135.00
2025-07-06,PC-007,5,38.00
2025-07-06,PC-008,2,79.00
2025-07-06,PC-009,8,49.00
2025-07-06,SO-001,10,30.00
2025-07-06,SO-002,6,90.00
2025-07-06,SO-005,3,85.00
2025-07-06,SO-006,1,95.00
2025-07-06,SO-007,2,45.00
2025-07-06,SO-008,3,35.00
2025-07-07,FB-001,8,131.25
2025-07-07,FB-002,74,14.70
2025-07-07,FB-003,24,25.20
2025-07-07,FB-004,12,81.90
2025-07-07,FB-005,11,120.75
2025-07-07,FB-006,32,69.30
2025-07-07,FB-007,5,288.75
2025-07-07,FB-008,8,35.70
2025-07-07,FB-009,28,71.40
2025-07-07,HC-002,7,115.00
2025-07-07,HC-003,6,42.00
2025-07-07,HC-004,4,62.00
2025-07-07,HC-005,1,98.00
2025-07-07,HC-006,1,82.00
2025-07-07,HC-007,5,28.00
2025-07-07,HC-008,4,62.00
2025-07-07,HW-001,2,89.25
2025-07-07,HW-002,2,288.75
2025-07-07,HW-003,1,102.90
2025-07-07,HW-004,1,719.25
2025-07-07,HW-005,3,50.40
2025-07-07,HW-008,3,131.25
2025-07-07,HW-010,8,16.80
2025-07-07,PC-001,17,52.00
2025-07-07,PC-002,8,32.00
2025-07-07,PC-003,6,68.00
2025-07-07,PC-004,4,38.00
2025-07-07,PC-005,5,95.00
2025-07-07,PC-006,2,135.00
2025-07-07,PC-007,2,38.00
2025-07-07,PC-008,6,79.00
2025-07-07,PC-009,3,49.00
2025-07-07,SO-001,13,30.00
2025-07-07,SO-002,10,90.00
2025-07-07,SO-003,9,260.00
2025-07-07,SO-004,7,72.00
2025-07-07,SO-005,5,85.00
2025-07-07,SO-006,4,95.00
2025-07-07,SO-008,6,35.00
2025-07-07,SO-009,3,78.00
2025-07-08,FB-001,7,131.25
2025-07-08,FB-002,76,14.70
2025-07-08,FB-003,16,25.20
2025-07-08,FB-004,6,81.90
2025-07-08,FB-005,12,120.75
2025-07-08,FB-006,26,69.30
2025-07-08,FB-007,7,288.75
2025-07-08,FB-008,4,35.70
2025-07-08,FB-009,18,71.40
2025-07-08,HC-001,14,55.00
2025-07-08,HC-002,12,115.00
2025-07-08,HC-003,6,42.00
2025-07-08,HC-005,2,98.00
2025-07-08,HC-006,2,82.00
2025-07-08,HC-007,4,28.00
2025-07-08,HC-008,10,62.00
2025-07-08,HC-009,1,135.00
2025-07-08,HW-001,4,89.25
2025-07-08,HW-002,4,288.75
2025-07-08,HW-004,1,719.25
2025-07-08,HW-005,1,50.40
2025-07-08,HW-006,1,29.40
2025-07-08,HW-008,2,131.25
2025-07-08,HW-010,9,16.80
2025-07-08,PC-001,10,52.00
2025-07-08,PC-002,7,32.00
2025-07-08,PC-003,4,68.00
2025-07-08,PC-004,2,38.00
2025-07-08,PC-005,7,95.00
2025-07-08,PC-006,3,135.00
2025-07-08,PC-007,2,38.00
2025-07-08,PC-008,7,79.00
2025-07-08,PC-009,6,49.00
2025-07-08,SO-001,27,30.00
2025-07-08,SO-002,7,90.00
2025-07-08,SO-003,6,260.00
2025-07-08,SO-004,4,72.00
2025-07-08,SO-005,4,85.00
2025-07-08,SO-006,5,95.00
2025-07-08,SO-008,8,35.00
2025-07-08,SO-009,4,78.00
2025-07-09,FB-001,10,131.25
2025-07-09,FB-002,64,14.70
2025-07-09,FB-003,14,25.20
2025-07-09,FB-004,8,81.90
2025-07-09,FB-005,14,120.75
2025-07-09,FB-006,18,69.30
2025-07-09,FB-007,9,288.75
2025-07-09,FB-008,7,35.70
2025-07-09,FB-009,15,71.40
2025-07-09,HC-001,19,55.00
2025-07-09,HC-002,8,115.00
2025-07-09,HC-003,3,42.00
2025-07-09,HC-004,4,62.00
2025-07-09,HC-005,2,98.00
2025-07-09,HC-006,6,82.00
2025-07-09,HC-007,8,28.00
2025-07-09,HC-008,7,62.00
2025-07-09,HC-009,1,135.00
2025-07-09,HW-001,2,89.25
2025-07-09,HW-002,5,288.75
2025-07-09,HW-003,1,102.90
2025-07-09,HW-004,2,719.25
2025-07-09,HW-010,12,16.80
2025-07-09,PC-001,11,52.00
2025-07-09,PC-002,5,32.00
2025-07-09,PC-003,3,68.00
2025-07-09,PC-004,4,38.00
2025-07-09,PC-005,3,95.00
2025-07-09,PC-006,1,135.00
2025-07-09,PC-007,5,38.00
2025-07-09,PC-008,3,79.00
2025-07-09,PC-009,6,49.00
2025-07-09,SO-001,34,30.00
2025-07-09,SO-002,7,90.00
2025-07-09,SO-003,10,260.00
2025-07-09,SO-004,8,72.00
2025-07-09,SO-005,4,85.00
2025-07-09,SO-006,6,95.00
2025-07-09,SO-007,3,45.00
2025-07-09,SO-008,5,35.00
2025-07-09,SO-009,3,78.00
2025-07-10,FB-001,13,131.25
2025-07-10,FB-002,68,14.70
2025-07-10,FB-003,19,25.20
2025-07-10,FB-004,12,81.90
2025-07-10,FB-005,16,120.75
2025-07-10,FB-006,26,69.30
2025-07-10,FB-007,8,288.75
2025-07-10,FB-008,11,35.70
2025-07-10,FB-009,17,71.40
2025-07-10,HC-001,7,55.00
2025-07-10,HC-002,11,115.00
2025-07-10,HC-003,4,42.00
2025-07-10,HC-004,5,62.00
2025-07-10,HC-005,1,98.00
2025-07-10,HC-006,3,82.00
2025-07-10,HC-007,8,28.00
2025-07-10,HC-008,7,62.00
2025-07-10,HC-009,2,135.00
2025-07-10,HW-001,2,89.25
2025-07-10,HW-002,1,288.75
2025-07-10,HW-003,3,102.90
2025-07-10,HW-004,1,719.25
2025-07-10,HW-010,7,16.80
2025-07-10,PC-001,12,52.00
2025-07-10,PC-002,11,32.00
2025-07-10,PC-003,6,68.00
2025-07-10,PC-004,4,38.00
2025-07-10,PC-005,4,95.00
2025-07-10,PC-006,1,135.00
2025-07-10,PC-007,1,38.00
2025-07-10,PC-008,1,79.00
2025-07-10,PC-009,10,49.00
2025-07-10,SO-001,25,30.00
2025-07-10,SO-002,2,90.00
2025-07-10,SO-003,6,260.00
2025-07-10,SO-004,8,72.00
2025-07-10,SO-005,7,85.00
2025-07-10,SO-006,3,95.00
2025-07-10,SO-007,2,45.00
2025-07-10,SO-008,5,35.00
2025-07-10,SO-009,5,78.00
2025-07-11,FB-001,25,131.25
2025-07-11,FB-002,78,14.70
2025-07-11,FB-003,12,25.20
2025-07-11,FB-004,12,81.90
2025-07-11,FB-005,9,120.75
2025-07-11,FB-006,23,69.30
2025-07-11,FB-007,12,288.75
2025-07-11,FB-008,5,35.70
2025-07-11,FB-009,25,71.40
2025-07-11,HC-001,15,55.00
2025-07-11,HC-002,8,115.00
2025-07-11,HC-003,7,42.00
2025-07-11,HC-004,6,62.00
2025-07-11,HC-005,2,98.00
2025-07-11,HC-006,5,82.00
2025-07-11,HC-007,5,28.00
2025-07-11,HC-008,6,62.00
2025-07-11,HC-009,4,135.00
2025-07-11,HW-002,2,288.75
2025-07-11,HW-010,9,16.80
2025-07-11,PC-001,9,52.00
2025-07-11,PC-002,11,32.00
2025-07-11,PC-003,5,68.00
2025-07-11,PC-004,3,38.00
2025-07-11,PC-005,7,95.00
2025-07-11,PC-006,2,135.00
2025-07-11,PC-007,5,38.00
2025-07-11,PC-008,6,79.00
2025-07-11,PC-009,5,49.00
2025-07-11,SO-001,23,30.00
2025-07-11,SO-002,3,90.00
2025-07-11,SO-003,6,260.00
2025-07-11,SO-004,5,72.00
2025-07-11,SO-005,2,85.00
2025-07-11,SO-007,1,45.00
2025-07-11,SO-008,4,35.00
2025-07-11,SO-009,4,78.00
2025-07-12,FB-001,27,131.25
2025-07-12,FB-002,103,14.70
2025-07-12,FB-003,20,25.20
2025-07-12,FB-004,13,81.90
2025-07-12,FB-005,15,120.75
2025-07-12,FB-006,48,69.30
2025-07-12,FB-007,13,288.75
2025-07-12,FB-008,6,35.70
2025-07-12,FB-009,22,71.40
2025-07-12,HC-001,17,55.00
2025-07-12,HC-002,3,115.00
2025-07-12,HC-003,5,42.00
2025-07-12,HC-004,6,62.00
2025-07-12,HC-005,7,98.00
2025-07-12,HC-006,4,82.00
2025-07-12,HC-007,4,28.00
2025-07-12,HC-008,11,62.00
2025-07-12,HC-009,3,135.00
2025-07-12,HW-001,4,89.25
2025-07-12,HW-002,3,288.75
2025-07-12,HW-003,4,102.90
2025-07-12,HW-004,3,719.25
2025-07-12,HW-005,2,50.40
2025-07-12,HW-006,1,29.40
2025-07-12,HW-007,1,39.90
2025-07-12,HW-008,1,131.25
2025-07-12,HW-010,12,16.80
2025-07-12,PC-001,13,52.00
2025-07-12,PC-002,9,32.00
2025-07-12,PC-003,8,68.00
2025-07-12,PC-004,6,38.00
2025-07-12,PC-005,2,95.00
2025-07-12,PC-007,3,38.00
2025-07-12,PC-008,3,79.00
2025-07-12,PC-009,9,49.00
2025-07-12,SO-001,12,30.00
2025-07-12,SO-002,6,90.00
2025-07-12,SO-003,6,260.00
2025-07-12,SO-004,5,72.00
2025-07-12,SO-005,3,85.00
2025-07-12,SO-006,2,95.00
2025-07-12,SO-007,5,45.00
2025-07-12,SO-008,5,35.00
2025-07-12,SO-009,1,78.00
2025-07-13,FB-001,13,131.25
2025-07-13,FB-002,26,14.70
2025-07-13,FB-003,16,25.20
2025-07-13,FB-004,10,81.90
2025-07-13,FB-005,18,120.75
2025-07-13,FB-006,27,69.30
2025-07-13,FB-007,10,288.75
2025-07-13,FB-008,8,35.70
2025-07-13,FB-009,24,71.40
2025-07-13,HC-001,25,55.00
2025-07-13,HC-002,12,115.00
2025-07-13,HC-003,6,42.00
2025-07-13,HC-004,7,62.00
2025-07-13,HC-005,7,98.00
2025-07-13,HC-006,2,82.00
2025-07-13,HC-007,12,28.00
2025-07-13,HC-008,10,62.00
2025-07-13,HW-001,3,89.25
2025-07-13,HW-002,2,288.75
2025-07-13,HW-007,1,39.90
2025-07-13,HW-008,1,131.25
2025-07-13,HW-010,7,16.80
2025-07-13,PC-001,11,52.00
2025-07-13,PC-002,7,32.00
2025-07-13,PC-003,7,68.00
2025-07-13,PC-004,4,38.00
2025-07-13,PC-005,3,95.00
2025-07-13,PC-006,2,135.00
2025-07-13,PC-007,3,38.00
2025-07-13,PC-008,4,79.00
2025-07-13,PC-009,2,49.00
2025-07-13,SO-001,11,30.00
2025-07-13,SO-002,2,90.00
2025-07-13,SO-003,6,260.00
2025-07-13,SO-004,3,72.00
2025-07-13,SO-005,5,85.00
2025-07-13,SO-006,1,95.00
2025-07-13,SO-009,3,78.00
2025-07-14,FB-001,19,131.25
2025-07-14,FB-003,16,25.20
2025-07-14,FB-004,17,81.90
2025-07-14,FB-005,12,120.75
2025-07-14,FB-006,36,69.30
2025-07-14,FB-007,10,288.75
2025-07-14,FB-008,13,35.70
2025-07-14,FB-009,25,71.40
2025-07-14,HC-001,12,55.00
2025-07-14,HC-002,5,115.00
2025-07-14,HC-003,6,42.00
2025-07-14,HC-004,4,62.00
2025-07-14,HC-005,1,98.00
2025-07-14,HC-006,9,82.00
2025-07-14,HC-007,3,28.00
2025-07-14,HC-008,4,62.00
2025-07-14,HC-009,1,135.00
2025-07-14,HW-001,3,89.25
2025-07-14,HW-002,5,288.75
2025-07-14,HW-003,1,102.90
2025-07-14,HW-004,1,719.25
2025-07-14,HW-005,1,50.40
2025-07-14,HW-006,1,29.40
2025-07-14,HW-008,1,131.25
2025-07-14,HW-010,7,16.80
2025-07-14,PC-001,15,52.00
2025-07-14,PC-002,3,32.00
2025-07-14,PC-003,6,68.00
2025-07-14,PC-004,6,38.00
2025-07-14,PC-005,1,95.00
2025-07-14,PC-006,1,135.00
2025-07-14,PC-007,3,38.00
2025-07-14,PC-008,9,79.00
2025-07-14,PC-009,7,49.00
2025-07-14,SO-001,26,30.00
2025-07-14,SO-002,7,90.00
2025-07-14,SO-003,3,260.00
2025-07-14,SO-004,8,72.00
2025-07-14,SO-005,2,85.00
2025-07-14,SO-006,4,95.00
2025-07-14,SO-007,4,45.00
2025-07-14,SO-008,5,35.00
2025-07-14,SO-009,4,78.00
2025-07-15,FB-001,13,131.25
2025-07-15,FB-002,60,14.70
2025-07-15,FB-003,15,25.20
2025-07-15,FB-004,9,81.90
2025-07-15,FB-005,16,120.75
2025-07-15,FB-006,32,69.30
2025-07-15,FB-007,7,288.75
2025-07-15,FB-008,10,35.70
2025-07-15,FB-009,28,71.40
2025-07-15,HC-001,10,55.00
2025-07-15,HC-002,15,115.00
2025-07-15,HC-003,4,42.00
2025-07-15,HC-004,5,62.00
2025-07-15,HC-005,1,98.00
2025-07-15,HC-006,3,82.00
2025-07-15,HC-008,3,62.00
2025-07-15,HC-009,2,135.00
2025-07-15,HW-001,1,89.25
2025-07-15,HW-002,3,288.75
2025-07-15,HW-005,1,50.40
2025-07-15,HW-006,1,29.40
2025-07-15,HW-010,10,16.80
2025-07-15,PC-001,16,52.00
2025-07-15,PC-002,11,32.00
2025-07-15,PC-003,3,68.00
2025-07-15,PC-004,3,38.00
2025-07-15,PC-005,5,95.00
2025-07-15,PC-007,1,38.00
2025-07-15,PC-008,6,79.00
2025-07-15,PC-009,11,49.00
2025-07-15,SO-001,22,30.00
2025-07-15,SO-002,8,90.00
2025-07-15,SO-003,4,260.00
2025-07-15,SO-004,8,72.00
2025-07-15,SO-005,2,85.00
2025-07-15,SO-006,5,95.00
2025-07-15,SO-007,2,45.00
2025-07-15,SO-008,4,35.00
2025-07-16,FB-001,7,131.25
2025-07-16,FB-002,73,14.70
2025-07-16,FB-003,16,25.20
2025-07-16,FB-004,9,81.90
2025-07-16,FB-005,17,120.75
2025-07-16,FB-006,29,69.30
2025-07-16,FB-007,2,288.75
2025-07-16,FB-008,16,35.70
2025-07-16,FB-009,39,71.40
2025-07-16,HC-001,17,55.00
2025-07-16,HC-002,7,115.00
2025-07-16,HC-003,6,42.00
2025-07-16,HC-004,5,62.00
2025-07-16,HC-005,3,98.00
2025-07-16,HC-006,3,82.00
2025-07-16,HC-007,9,28.00
2025-07-16,HC-008,18,62.00
2025-07-16,HC-009,1,135.00
2025-07-16,HW-001,2,89.25
2025-07-16,HW-002,3,288.75
2025-07-16,HW-004,2,719.25
2025-07-16,HW-005,2,50.40
2025-07-16,HW-007,1,39.90
2025-07-16,HW-010,4,16.80
2025-07-16,PC-001,14,52.00
2025-07-16,PC-002,10,32.00
2025-07-16,PC-003,5,68.00
2025-07-16,PC-004,3,38.00
2025-07-16,PC-005,7,95.00
2025-07-16,PC-006,2,135.00
2025-07-16,PC-007,4,38.00
2025-07-16,PC-009,10,49.00
2025-07-16,SO-001,18,30.00
2025-07-16,SO-002,4,90.00
2025-07-16,SO-003,3,260.00
2025-07-16,SO-004,5,72.00
2025-07-16,SO-005,4,85.00
2025-07-16,SO-006,7,95.00
2025-07-16,SO-007,2,45.00
2025-07-16,SO-008,3,35.00
2025-07-16,SO-009,4,78.00
2025-07-17,FB-001,16,131.25
2025-07-17,FB-002,54,14.70
2025-07-17,FB-003,19,25.20
2025-07-17,FB-004,9,81.90
2025-07-17,FB-005,11,120.75
2025-07-17,FB-006,21,69.30
2025-07-17,FB-007,4,288.75
2025-07-17,FB-008,10,35.70
2025-07-17,FB-009,34,71.40
2025-07-17,HC-001,11,55.00
2025-07-17,HC-002,8,115.00
2025-07-17,HC-003,8,42.00
2025-07-17,HC-004,7,62.00
2025-07-17,HC-006,3,82.00
2025-07-17,HC-007,2,28.00
2025-07-17,HC-008,7,62.00
2025-07-17,HC-009,3,135.00
2025-07-17,HW-001,2,89.25
2025-07-17,HW-003,1,102.90
2025-07-17,HW-006,1,29.40
2025-07-17,HW-008,1,131.25
2025-07-17,HW-010,8,16.80
2025-07-17,PC-001,10,52.00
2025-07-17,PC-002,6,32.00
2025-07-17,PC-003,6,68.00
2025-07-17,PC-004,5,38.00
2025-07-17,PC-005,5,95.00
2025-07-17,PC-006,2,135.00
2025-07-17,PC-007,6,38.00
2025-07-17,PC-008,2,79.00
2025-07-17,PC-009,7,49.00
2025-07-17,SO-001,13,30.00
2025-07-17,SO-002,5,90.00
2025-07-17,SO-004,5,72.00
2025-07-17,SO-005,5,85.00
2025-07-17,SO-006,1,95.00
2025-07-17,SO-007,2,45.00
2025-07-17,SO-008,4,35.00
2025-07-17,SO-009,2,78.00
2025-07-18,FB-001,12,131.25
2025-07-18,FB-002,74,14.70
2025-07-18,FB-003,20,25.20
2025-07-18,FB-004,10,81.90
2025-07-18,FB-005,18,120.75
2025-07-18,FB-006,29,69.30
2025-07-18,FB-007,11,288.75
2025-07-18,FB-008,12,35.70
2025-07-18,FB-009,20,71.40
2025-07-18,HC-001,12,55.00
2025-07-18,HC-002,13,115.00
2025-07-18,HC-003,3,42.00
2025-07-18,HC-004,7,62.00
2025-07-18,HC-005,2,98.00
2025-07-18,HC-006,4,82.00
2025-07-18,HC-007,5,28.00
2025-07-18,HC-008,10,62.00
2025-07-18,HC-009,2,135.00
2025-07-18,HW-001,1,89.25
2025-07-18,HW-008,1,131.25
2025-07-18,HW-010,9,16.80
2025-07-18,PC-001,9,52.00
2025-07-18,PC-002,8,32.00
2025-07-18,PC-003,6,68.00
2025-07-18,PC-004,1,38.00
2025-07-18,PC-005,5,95.00
2025-07-18,PC-006,5,135.00
2025-07-18,PC-007,2,38.00
2025-07-18,PC-008,3,79.00
2025-07-18,PC-009,2,49.00
2025-07-18,SO-001,16,30.00
2025-07-18,SO-002,3,90.00
2025-07-18,SO-004,8,72.00
2025-07-18,SO-005,6,85.00
2025-07-18,SO-006,3,95.00
2025-07-18,SO-007,3,45.00
2025-07-18,SO-008,2,35.00
2025-07-18,SO-009,4,78.00
2025-07-19,FB-001,16,131.25
2025-07-19,FB-002,83,14.70
2025-07-19,FB-003,18,25.20
2025-07-19,FB-004,20,81.90
2025-07-19,FB-005,11,120.75
2025-07-19,FB-006,31,69.30
2025-07-19,FB-007,10,288.75
2025-07-19,FB-008,8,35.70
2025-07-19,FB-009,27,71.40
2025-07-19,HC-001,10,55.00
2025-07-19,HC-002,13,115.00
2025-07-19,HC-003,8,42.00
2025-07-19,HC-004,1,62.00
2025-07-19,HC-005,6,98.00
2025-07-19,HC-006,5,82.00
2025-07-19,HC-007,5,28.00
2025-07-19,HC-008,12,62.00
2025-07-19,HC-009,2,135.00
2025-07-19,HW-001,1,89.25
2025-07-19,HW-002,7,288.75
2025-07-19,HW-005,1,50.40
2025-07-19,HW-006,3,29.40
2025-07-19,HW-008,1,131.25
2025-07-19,HW-010,14,16.80
2025-07-19,PC-001,20,52.00
2025-07-19,PC-002,4,32.00
2025-07-19,PC-003,8,68.00
2025-07-19,PC-004,2,38.00
2025-07-19,PC-005,1,95.00
2025-07-19,PC-006,2,135.00
2025-07-19,PC-007,4,38.00
2025-07-19,PC-008,2,79.00
2025-07-19,PC-009,6,49.00
2025-07-19,SO-001,13,30.00
2025-07-19,SO-002,2,90.00
2025-07-19,SO-003,2,260.00
2025-07-19,SO-004,1,72.00
2025-07-19,SO-005,4,85.00
2025-07-19,SO-007,2,45.00
2025-07-19,SO-008,2,35.00
2025-07-20,FB-001,23,131.25
2025-07-20,FB-002,47,14.70
2025-07-20,FB-003,19,25.20
2025-07-20,FB-004,9,81.90
2025-07-20,FB-005,14,120.75
2025-07-20,FB-006,29,69.30
2025-07-20,FB-007,10,288.75
2025-07-20,FB-008,9,35.70
2025-07-20,FB-009,31,71.40
2025-07-20,HC-001,18,55.00
2025-07-20,HC-002,6,115.00
2025-07-20,HC-003,6,42.00
2025-07-20,HC-004,9,62.00
2025-07-20,HC-005,7,98.00
2025-07-20,HC-006,1,82.00
2025-07-20,HC-007,9,28.00
2025-07-20,HC-008,13,62.00
2025-07-20,HC-009,2,135.00
2025-07-20,HW-002,1,288.75
2025-07-20,HW-008,1,131.25
2025-07-20,HW-010,3,16.80
2025-07-20,PC-001,14,52.00
2025-07-20,PC-002,5,32.00
2025-07-20,PC-003,7,68.00
2025-07-20,PC-004,5,38.00
2025-07-20,PC-005,3,95.00
2025-07-20,PC-006,1,135.00
2025-07-20,PC-007,6,38.00
2025-07-20,PC-008,3,79.00
2025-07-20,PC-009,11,49.00
2025-07-20,SO-001,9,30.00
2025-07-20,SO-003,1,260.00
2025-07-20,SO-004,4,72.00
2025-07-20,SO-005,5,85.00
2025-07-20,SO-006,2,95.00
2025-07-20,SO-007,1,45.00
2025-07-20,SO-008,4,35.00
2025-07-20,SO-009,2,78.00
2025-07-21,FB-001,12,131.25
2025-07-21,FB-002,58,14.70
2025-07-21,FB-003,16,25.20
2025-07-21,FB-004,8,81.90
2025-07-21,FB-005,11,120.75
2025-07-21,FB-006,17,69.30
2025-07-21,FB-007,8,288.75
2025-07-21,FB-008,9,35.70
2025-07-21,FB-009,22,71.40
2025-07-21,HC-001,9,55.00
2025-07-21,HC-002,9,115.00
2025-07-21,HC-003,2,42.00
2025-07-21,HC-004,4,62.00
2025-07-21,HC-005,4,98.00
2025-07-21,HC-007,7,28.00
2025-07-21,HC-008,5,62.00
2025-07-21,HC-009,1,135.00
2025-07-21,HW-001,4,89.25
2025-07-21,HW-002,6,288.75
2025-07-21,HW-003,1,102.90
2025-07-21,HW-004,1,719.25
2025-07-21,HW-005,2,50.40
2025-07-21,HW-006,5,29.40
2025-07-21,HW-007,2,39.90
2025-07-21,HW-010,3,16.80
2025-07-21,PC-001,7,52.00
2025-07-21,PC-002,9,32.00
2025-07-21,PC-003,9,68.00
2025-07-21,PC-004,5,38.00
2025-07-21,PC-005,1,95.00
2025-07-21,PC-006,1,135.00
2025-07-21,PC-007,1,38.00
2025-07-21,PC-008,2,79.00
2025-07-21,PC-009,5,49.00
2025-07-21,SO-001,20,30.00
2025-07-21,SO-002,5,90.00
2025-07-21,SO-003,5,260.00
2025-07-21,SO-004,4,72.00
2025-07-21,SO-005,6,85.00
2025-07-21,SO-006,6,95.00
2025-07-21,SO-007,5,45.00
2025-07-21,SO-008,5,35.00
2025-07-22,FB-001,10,131.25
2025-07-22,FB-002,60,14.70
2025-07-22,FB-003,13,25.20
2025-07-22,FB-004,11,81.90
2025-07-22,FB-005,12,120.75
2025-07-22,FB-006,14,69.30
2025-07-22,FB-007,6,288.75
2025-07-22,FB-008,4,35.70
2025-07-22,FB-009,12,71.40
2025-07-22,HC-001,8,55.00
2025-07-22,HC-002,7,115.00
2025-07-22,HC-003,8,42.00
2025-07-22,HC-004,4,62.00
2025-07-22,HC-005,8,98.00
2025-07-22,HC-006,4,82.00
2025-07-22,HC-007,4,28.00
2025-07-22,HC-008,5,62.00
2025-07-22,HW-001,1,89.25
2025-07-22,HW-002,3,288.75
2025-07-22,HW-003,1,102.90
2025-07-22,HW-006,1,29.40
2025-07-22,HW-008,1,131.25
2025-07-22,HW-010,7,16.80
2025-07-22,PC-001,13,52.00
2025-07-22,PC-002,3,32.00
2025-07-22,PC-003,3,68.00
2025-07-22,PC-004,8,38.00
2025-07-22,PC-005,4,95.00
2025-07-22,PC-006,4,135.00
2025-07-22,PC-007,7,38.00
2025-07-22,PC-008,5,79.00
2025-07-22,PC-009,9,49.00
2025-07-22,SO-001,9,30.00
2025-07-22,SO-002,2,90.00
2025-07-22,SO-003,7,260.00
2025-07-22,SO-004,9,72.00
2025-07-22,SO-005,2,85.00
2025-07-22,SO-006,1,95.00
2025-07-22,SO-007,4,45.00
2025-07-22,SO-008,2,35.00
2025-07-22,SO-009,2,78.00
2025-07-23,FB-001,13,131.25
2025-07-23,FB-002,57,14.70
2025-07-23,FB-003,22,25.20
2025-07-23,FB-004,9,81.90
2025-07-23,FB-005,22,120.75
2025-07-23,FB-006,21,69.30
2025-07-23,FB-007,6,288.75
2025-07-23,FB-008,13,35.70
2025-07-23,FB-009,34,71.40
2025-07-23,HC-001,9,55.00
2025-07-23,HC-002,6,115.00
2025-07-23,HC-003,4,42.00
2025-07-23,HC-004,6,62.00
2025-07-23,HC-005,2,98.00
2025-07-23,HC-006,2,82.00
2025-07-23,HC-007,4,28.00
2025-07-23,HC-008,9,62.00
2025-07-23,HC-009,5,135.00
2025-07-23,HW-001,1,89.25
2025-07-23,HW-002,1,288.75
2025-07-23,HW-003,2,102.90
2025-07-23,HW-005,1,50.40
2025-07-23,HW-010,4,16.80
2025-07-23,PC-001,8,52.00
2025-07-23,PC-002,3,32.00
2025-07-23,PC-003,5,68.00
2025-07-23,PC-004,5,38.00
2025-07-23,PC-005,5,95.00
2025-07-23,PC-006,2,135.00
2025-07-23,PC-007,3,38.00
2025-07-23,PC-008,1,79.00
2025-07-23,PC-009,6,49.00
2025-07-23,SO-001,13,30.00
2025-07-23,SO-002,6,90.00
2025-07-23,SO-003,6,260.00
2025-07-23,SO-004,6,72.00
2025-07-23,SO-005,2,85.00
2025-07-23,SO-006,4,95.00
2025-07-23,SO-007,5,45.00
2025-07-23,SO-008,4,35.00
2025-07-23,SO-009,1,78.00
2025-07-24,FB-001,10,131.25
2025-07-24,FB-002,61,14.70
2025-07-24,FB-003,20,25.20
2025-07-24,FB-004,11,81.90
2025-07-24,FB-005,18,120.75
2025-07-24,FB-006,22,69.30
2025-07-24,FB-007,4,288.75
2025-07-24,FB-008,8,35.70
2025-07-24,FB-009,21,71.40
2025-07-24,HC-001,7,55.00
2025-07-24,HC-002,9,115.00
2025-07-24,HC-003,8,42.00
2025-07-24,HC-004,7,62.00
2025-07-24,HC-005,5,98.00
2025-07-24,HC-006,2,82.00
2025-07-24,HC-007,3,28.00
2025-07-24,HC-008,11,62.00
2025-07-24,HC-009,1,135.00
2025-07-24,HW-001,2,89.25
2025-07-24,HW-002,2,288.75
2025-07-24,HW-010,4,16.80
2025-07-24,PC-001,5,52.00
2025-07-24,PC-002,6,32.00
2025-07-24,PC-003,5,68.00
2025-07-24,PC-004,8,38.00
2025-07-24,PC-006,2,135.00
2025-07-24,PC-007,4,38.00
2025-07-24,PC-008,3,79.00
2025-07-24,PC-009,5,49.00
2025-07-24,SO-001,11,30.00
2025-07-24,SO-002,5,90.00
2025-07-24,SO-003,5,260.00
2025-07-24,SO-004,6,72.00
2025-07-24,SO-005,2,85.00
2025-07-24,SO-006,1,95.00
2025-07-24,SO-007,2,45.00
2025-07-24,SO-008,3,35.00
2025-07-24,SO-009,1,78.00
2025-07-25,FB-001,13,131.25
2025-07-25,FB-002,65,14.70
2025-07-25,FB-003,15,25.20
2025-07-25,FB-004,11,81.90
2025-07-25,FB-005,19,120.75
2025-07-25,FB-006,29,69.30
2025-07-25,FB-007,7,288.75
2025-07-25,FB-008,9,35.70
2025-07-25,FB-009,32,71.40
2025-07-25,HC-001,13,55.00
2025-07-25,HC-002,7,115.00
2025-07-25,HC-003,5,42.00
2025-07-25,HC-004,8,62.00
2025-07-25,HC-005,6,98.00
2025-07-25,HC-006,1,82.00
2025-07-25,HC-007,10,28.00
2025-07-25,HC-008,8,62.00
2025-07-25,HC-009,6,135.00
2025-07-25,HW-001,1,89.25
2025-07-25,HW-002,2,288.75
2025-07-25,HW-005,1,50.40
2025-07-25,HW-010,7,16.80
2025-07-25,PC-001,15,52.00
2025-07-25,PC-002,4,32.00
2025-07-25,PC-003,7,68.00
2025-07-25,PC-004,6,38.00
2025-07-25,PC-005,4,95.00
2025-07-25,PC-006,1,135.00
2025-07-25,PC-007,5,38.00
2025-07-25,PC-008,7,79.00
2025-07-25,PC-009,10,49.00
2025-07-25,SO-001,13,30.00
2025-07-25,SO-002,4,90.00
2025-07-25,SO-003,5,260.00
2025-07-25,SO-004,6,72.00
2025-07-25,SO-005,3,85.00
2025-07-25,SO-006,4,95.00
2025-07-25,SO-007,2,45.00
2025-07-25,SO-008,5,35.00
2025-07-25,SO-009,1,78.00
2025-07-26,FB-001,27,131.25
2025-07-26,FB-002,74,14.70
2025-07-26,FB-003,27,25.20
2025-07-26,FB-004,6,81.90
2025-07-26,FB-005,16,120.75
2025-07-26,FB-006,25,69.30
2025-07-26,FB-007,13,288.75
2025-07-26,FB-008,15,35.70
2025-07-26,FB-009,38,71.40
2025-07-26,HC-001,13,55.00
2025-07-26,HC-002,4,115.00
2025-07-26,HC-003,8,42.00
2025-07-26,HC-004,7,62.00
2025-07-26,HC-005,9,98.00
2025-07-26,HC-006,1,82.00
2025-07-26,HC-007,6,28.00
2025-07-26,HC-008,10,62.00
2025-07-26,HC-009,3,135.00
2025-07-26,HW-001,1,89.25
2025-07-26,HW-002,7,288.75
2025-07-26,HW-003,2,102.90
2025-07-26,HW-005,1,50.40
2025-07-26,HW-006,1,29.40
2025-07-26,HW-010,7,16.80
2025-07-26,PC-001,8,52.00
2025-07-26,PC-002,7,32.00
2025-07-26,PC-003,4,68.00
2025-07-26,PC-004,5,38.00
2025-07-26,PC-005,1,95.00
2025-07-26,PC-006,4,135.00
2025-07-26,PC-007,7,38.00
2025-07-26,PC-008,8,79.00
2025-07-26,PC-009,7,49.00
2025-07-26,SO-001,11,30.00
2025-07-26,SO-002,1,90.00
2025-07-26,SO-003,6,260.00
2025-07-26,SO-004,5,72.00
2025-07-26,SO-005,3,85.00
2025-07-26,SO-007,1,45.00
2025-07-26,SO-008,1,35.00
2025-07-27,FB-001,17,131.25
2025-07-27,FB-002,59,14.70
2025-07-27,FB-003,23,25.20
2025-07-27,FB-004,13,81.90
2025-07-27,FB-005,14,120.75
2025-07-27,FB-006,33,69.30
2025-07-27,FB-007,14,288.75
2025-07-27,FB-008,6,35.70
2025-07-27,FB-009,34,71.40
2025-07-27,HC-001,10,55.00
2025-07-27,HC-002,14,115.00
2025-07-27,HC-003,4,42.00
2025-07-27,HC-004,12,62.00
2025-07-27,HC-005,3,98.00
2025-07-27,HC-006,3,82.00
2025-07-27,HC-007,12,28.00
2025-07-27,HC-008,12,62.00
2025-07-27,HC-009,6,135.00
2025-07-27,HW-002,2,288.75
2025-07-27,HW-010,2,16.80
2025-07-27,PC-001,7,52.00
2025-07-27,PC-002,6,32.00
2025-07-27,PC-003,2,68.00
2025-07-27,PC-004,6,38.00
2025-07-27,PC-005,1,95.00
2025-07-27,PC-006,1,135.00
2025-07-27,PC-007,9,38.00
2025-07-27,PC-008,4,79.00
2025-07-27,PC-009,9,49.00
2025-07-27,SO-001,9,30.00
2025-07-27,SO-002,2,90.00
2025-07-27,SO-003,4,260.00
2025-07-27,SO-004,3,72.00
2025-07-27,SO-005,3,85.00
2025-07-27,SO-006,2,95.00
2025-07-27,SO-007,2,45.00
2025-07-27,SO-008,1,35.00
2025-07-27,SO-009,2,78.00
2025-07-28,FB-001,13,131.25
2025-07-28,FB-002,51,14.70
2025-07-28,FB-003,13,25.20
2025-07-28,FB-004,11,81.90
2025-07-28,FB-005,7,120.75
2025-07-28,FB-006,26,69.30
2025-07-28,FB-007,5,288.75
2025-07-28,FB-008,8,35.70
2025-07-28,FB-009,17,71.40
2025-07-28,HC-001,7,55.00
2025-07-28,HC-002,5,115.00
2025-07-28,HC-003,2,42.00
2025-07-28,HC-004,3,62.00
2025-07-28,HC-005,3,98.00
2025-07-28,HC-006,2,82.00
2025-07-28,HC-007,12,28.00
2025-07-28,HC-008,6,62.00
2025-07-28,HC-009,1,135.00
2025-07-28,HW-001,1,89.25
2025-07-28,HW-002,3,288.75
2025-07-28,HW-003,1,102.90
2025-07-28,HW-004,1,719.25
2025-07-28,HW-005,2,50.40
2025-07-28,HW-006,1,29.40
2025-07-28,HW-007,2,39.90
2025-07-28,HW-010,5,16.80
2025-07-28,PC-001,14,52.00
2025-07-28,PC-002,11,32.00
2025-07-28,PC-003,4,68.00
2025-07-28,PC-004,4,38.00
2025-07-28,PC-005,1,95.00
2025-07-28,PC-007,5,38.00
2025-07-28,PC-008,2,79.00
2025-07-28,PC-009,3,49.00
2025-07-28,SO-001,11,30.00
2025-07-28,SO-002,5,90.00
2025-07-28,SO-003,7,260.00
2025-07-28,SO-004,4,72.00
2025-07-28,SO-005,1,85.00
2025-07-28,SO-006,2,95.00
2025-07-28,SO-007,1,45.00
2025-07-28,SO-008,5,35.00
2025-07-29,FB-001,11,131.25
2025-07-29,FB-002,47,14.70
2025-07-29,FB-003,14,25.20
2025-07-29,FB-004,10,81.90
2025-07-29,FB-006,19,69.30
2025-07-29,FB-007,5,288.75
2025-07-29,FB-008,7,35.70
2025-07-29,FB-009,22,71.40
2025-07-29,HC-001,14,55.00
2025-07-29,HC-002,9,115.00
2025-07-29,HC-003,4,42.00
2025-07-29,HC-004,7,62.00
2025-07-29,HC-005,7,98.00
2025-07-29,HC-006,1,82.00
2025-07-29,HC-007,6,28.00
2025-07-29,HC-008,5,62.00
2025-07-29,HC-009,1,135.00
2025-07-29,HW-001,1,89.25
2025-07-29,HW-002,2,288.75
2025-07-29,HW-004,2,719.25
2025-07-29,HW-007,1,39.90
2025-07-29,HW-010,14,16.80
2025-07-29,PC-001,14,52.00
2025-07-29,PC-002,4,32.00
2025-07-29,PC-003,4,68.00
2025-07-29,PC-004,2,38.00
2025-07-29,PC-006,2,135.00
2025-07-29,PC-007,7,38.00
2025-07-29,PC-008,4,79.00
2025-07-29,PC-009,7,49.00
2025-07-29,SO-001,18,30.00
2025-07-29,SO-002,4,90.00
2025-07-29,SO-003,4,260.00
2025-07-29,SO-004,9,72.00
2025-07-29,SO-005,3,85.00
2025-07-29,SO-006,4,95.00
2025-07-29,SO-007,1,45.00
2025-07-29,SO-008,2,35.00
2025-07-29,SO-009,4,78.00
2025-07-30,FB-001,22,131.25
2025-07-30,FB-002,60,14.70
2025-07-30,FB-003,13,25.20
2025-07-30,FB-004,11,81.90
2025-07-30,FB-005,20,120.75
2025-07-30,FB-006,23,69.30
2025-07-30,FB-007,10,288.75
2025-07-30,FB-008,15,35.70
2025-07-30,FB-009,27,71.40
2025-07-30,HC-001,12,55.00
2025-07-30,HC-002,7,115.00
2025-07-30,HC-003,6,42.00
2025-07-30,HC-004,6,62.00
2025-07-30,HC-005,6,98.00
2025-07-30,HC-006,3,82.00
2025-07-30,HC-007,11,28.00
2025-07-30,HC-008,13,62.00
2025-07-30,HC-009,2,135.00
2025-07-30,HW-002,3,288.75
2025-07-30,HW-003,1,102.90
2025-07-30,HW-006,1,29.40
2025-07-30,HW-010,4,16.80
2025-07-30,PC-001,8,52.00
2025-07-30,PC-002,7,32.00
2025-07-30,PC-003,9,68.00
2025-07-30,PC-004,6,38.00
2025-07-30,PC-005,5,95.00
2025-07-30,PC-006,2,135.00
2025-07-30,PC-007,6,38.00
2025-07-30,PC-008,4,79.00
2025-07-30,PC-009,3,49.00
2025-07-30,SO-001,21,30.00
2025-07-30,SO-002,4,90.00
2025-07-30,SO-003,2,260.00
2025-07-30,SO-004,6,72.00
2025-07-30,SO-005,2,85.00
2025-07-30,SO-006,2,95.00
2025-07-30,SO-007,1,45.00
2025-07-30,SO-008,3,35.00
2025-07-30,SO-009,2,78.00
2025-07-31,FB-001,16,131.25
2025-07-31,FB-002,71,14.70
2025-07-31,FB-003,10,25.20
2025-07-31,FB-004,14,81.90
2025-07-31,FB-005,18,120.75
2025-07-31,FB-006,27,69.30
2025-07-31,FB-007,9,288.75
2025-07-31,FB-008,11,35.70
2025-07-31,FB-009,27,71.40
2025-07-31,HC-001,14,55.00
2025-07-31,HC-002,11,115.00
2025-07-31,HC-003,7,42.00
2025-07-31,HC-004,8,62.00
2025-07-31,HC-005,9,98.00
2025-07-31,HC-006,2,82.00
2025-07-31,HC-007,6,28.00
2025-07-31,HC-008,10,62.00
2025-07-31,HC-009,3,135.00
2025-07-31,HW-001,3,89.25
2025-07-31,HW-002,3,288.75
2025-07-31,HW-005,2,50.40
2025-07-31,HW-006,2,29.40
2025-07-31,HW-010,11,16.80
2025-07-31,PC-001,16,52.00
2025-07-31,PC-002,5,32.00
2025-07-31,PC-003,7,68.00
2025-07-31,PC-004,9,38.00
2025-07-31,PC-005,4,95.00
2025-07-31,PC-006,2,135.00
2025-07-31,PC-007,3,38.00
2025-07-31,PC-008,4,79.00
2025-07-31,PC-009,11,49.00
2025-07-31,SO-001,11,30.00
2025-07-31,SO-002,5,90.00
2025-07-31,SO-003,3,260.00
2025-07-31,SO-004,2,72.00
2025-07-31,SO-005,3,85.00
2025-07-31,SO-006,5,95.00
2025-07-31,SO-008,7,35.00
2025-08-01,FB-001,19,131.25
2025-08-01,FB-002,78,14.70
2025-08-01,FB-003,32,25.20
2025-08-01,FB-004,16,81.90
2025-08-01,FB-005,22,120.75
2025-08-01,FB-006,37,69.30
2025-08-01,FB-007,9,288.75
2025-08-01,FB-008,15,35.70
2025-08-01,FB-009,42,71.40
2025-08-01,HC-001,20,55.00
2025-08-01,HC-002,8,115.00
2025-08-01,HC-003,11,42.00
2025-08-01,HC-004,13,62.00
2025-08-01,HC-005,3,98.00
2025-08-01,HC-006,5,82.00
2025-08-01,HC-007,5,28.00
2025-08-01,HC-008,5,62.00
2025-08-01,HW-001,3,89.25
2025-08-01,HW-002,3,288.75
2025-08-01,HW-003,5,102.90
2025-08-01,HW-005,1,50.40
2025-08-01,HW-007,1,39.90
2025-08-01,HW-010,9,16.80
2025-08-01,PC-001,13,52.00
2025-08-01,PC-002,9,32.00
2025-08-01,PC-003,10,68.00
2025-08-01,PC-004,7,38.00
2025-08-01,PC-005,5,95.00
2025-08-01,PC-006,2,135.00
2025-08-01,PC-007,6,38.00
2025-08-01,PC-008,4,79.00
2025-08-01,PC-009,8,49.00
2025-08-01,SO-001,8,30.00
2025-08-01,SO-002,3,90.00
2025-08-01,SO-003,3,260.00
2025-08-01,SO-004,6,72.00
2025-08-01,SO-006,6,95.00
2025-08-01,SO-007,1,45.00
2025-08-01,SO-008,4,35.00
2025-08-01,SO-009,2,78.00
2025-08-02,FB-001,16,131.25
2025-08-02,FB-002,80,14.70
2025-08-02,FB-003,22,25.20
2025-08-02,FB-004,4,81.90
2025-08-02,FB-005,15,120.75
2025-08-02,FB-006,32,69.30
2025-08-02,FB-007,11,288.75
2025-08-02,FB-008,10,35.70
2025-08-02,FB-009,29,71.40
2025-08-02,HC-001,13,55.00
2025-08-02,HC-002,12,115.00
2025-08-02,HC-003,10,42.00
2025-08-02,HC-004,6,62.00
2025-08-02,HC-005,4,98.00
2025-08-02,HC-006,2,82.00
2025-08-02,HC-007,5,28.00
2025-08-02,HC-008,10,62.00
2025-08-02,HC-009,1,135.00
2025-08-02,HW-001,1,89.25
2025-08-02,HW-002,8,288.75
2025-08-02,HW-003,1,102.90
2025-08-02,HW-004,1,719.25
2025-08-02,HW-006,4,29.40
2025-08-02,HW-007,1,39.90
2025-08-02,HW-008,2,131.25
2025-08-02,HW-010,12,16.80
2025-08-02,PC-001,12,52.00
2025-08-02,PC-002,5,32.00
2025-08-02,PC-003,6,68.00
2025-08-02,PC-004,7,38.00
2025-08-02,PC-005,9,95.00
2025-08-02,PC-006,1,135.00
2025-08-02,PC-007,5,38.00
2025-08-02,PC-008,7,79.00
2025-08-02,PC-009,6,49.00
2025-08-02,SO-001,9,30.00
2025-08-02,SO-002,3,90.00
2025-08-02,SO-003,3,260.00
2025-08-02,SO-004,3,72.00
2025-08-02,SO-005,1,85.00
2025-08-02,SO-006,4,95.00
2025-08-02,SO-007,1,45.00
2025-08-02,SO-008,5,35.00
2025-08-02,SO-009,4,78.00
2025-08-03,FB-001,18,131.25
2025-08-03,FB-002,65,14.70
2025-08-03,FB-003,19,25.20
2025-08-03,FB-004,14,81.90
2025-08-03,FB-005,19,120.75
2025-08-03,FB-006,31,69.30
2025-08-03,FB-007,7,288.75
2025-08-03,FB-008,14,35.70
2025-08-03,FB-009,29,71.40
2025-08-03,HC-001,12,55.00
2025-08-03,HC-002,7,115.00
2025-08-03,HC-003,6,42.00
2025-08-03,HC-004,4,62.00
2025-08-03,HC-005,7,98.00
2025-08-03,HC-006,2,82.00
2025-08-03,HC-007,16,28.00
2025-08-03,HC-008,10,62.00
2025-08-03,HW-002,4,288.75
2025-08-03,HW-003,1,102.90
2025-08-03,HW-004,1,719.25
2025-08-03,HW-006,1,29.40
2025-08-03,HW-010,3,16.80
2025-08-03,PC-001,10,52.00
2025-08-03,PC-002,7,32.00
2025-08-03,PC-003,8,68.00
2025-08-03,PC-004,6,38.00
2025-08-03,PC-005,2,95.00
2025-08-03,PC-006,2,135.00
2025-08-03,PC-008,6,79.00
2025-08-03,PC-009,11,49.00
2025-08-03,SO-001,8,30.00
2025-08-03,SO-002,2,90.00
2025-08-03,SO-004,4,72.00
2025-08-03,SO-005,1,85.00
2025-08-03,SO-006,3,95.00
2025-08-03,SO-008,2,35.00
2025-08-03,SO-009,1,78.00
2025-08-04,FB-001,16,131.25
2025-08-04,FB-002,46,14.70
2025-08-04,FB-003,12,25.20
2025-08-04,FB-004,3,81.90
2025-08-04,FB-005,16,120.75
2025-08-04,FB-006,17,69.30
2025-08-04,FB-007,7,288.75
2025-08-04,FB-008,6,35.70
2025-08-04,FB-009,29,71.40
2025-08-04,HC-001,17,55.00
2025-08-04,HC-002,6,115.00
2025-08-04,HC-004,2,62.00
2025-08-04,HC-005,6,98.00
2025-08-04,HC-007,1,28.00
2025-08-04,HC-008,6,62.00
2025-08-04,HC-009,2,135.00
2025-08-04,HW-001,2,89.25
2025-08-04,HW-002,3,288.75
2025-08-04,HW-004,2,719.25
2025-08-04,HW-005,4,50.40
2025-08-04,HW-010,9,16.80
2025-08-04,PC-001,10,52.00
2025-08-04,PC-002,3,32.00
2025-08-04,PC-003,3,68.00
2025-08-04,PC-004,8,38.00
2025-08-04,PC-005,4,95.00
2025-08-04,PC-006,2,135.00
2025-08-04,PC-008,5,79.00
2025-08-04,PC-009,8,49.00
2025-08-04,SO-001,27,30.00
2025-08-04,SO-002,4,90.00
2025-08-04,SO-003,5,260.00
2025-08-04,SO-004,7,72.00
2025-08-04,SO-005,6,85.00
2025-08-04,SO-006,2,95.00
2025-08-04,SO-007,3,45.00
2025-08-04,SO-008,2,35.00
2025-08-04,SO-009,1,78.00
2025-08-05,FB-001,24,131.25
2025-08-05,FB-002,59,14.70
2025-08-05,FB-003,12,25.20
2025-08-05,FB-004,9,81.90
2025-08-05,FB-005,9,120.75
2025-08-05,FB-006,30,69.30
2025-08-05,FB-007,3,288.75
2025-08-05,FB-008,7,35.70
2025-08-05,FB-009,28,71.40
2025-08-05,HC-001,9,55.00
2025-08-05,HC-002,9,115.00
2025-08-05,HC-003,2,42.00
2025-08-05,HC-004,3,62.00
2025-08-05,HC-005,3,98.00
2025-08-05,HC-006,5,82.00
2025-08-05,HC-007,6,28.00
2025-08-05,HC-008,7,62.00
2025-08-05,HC-009,4,135.00
2025-08-05,HW-001,5,89.25
2025-08-05,HW-002,4,288.75
2025-08-05,HW-004,2,719.25
2025-08-05,HW-007,1,39.90
2025-08-05,HW-010,5,16.80
2025-08-05,PC-001,14,52.00
2025-08-05,PC-002,7,32.00
2025-08-05,PC-003,3,68.00
2025-08-05,PC-005,3,95.00
2025-08-05,PC-006,2,135.00
2025-08-05,PC-008,3,79.00
2025-08-05,PC-009,9,49.00
2025-08-05,SO-001,4,30.00
2025-08-05,SO-002,5,90.00
2025-08-05,SO-003,1,260.00
2025-08-05,SO-004,2,72.00
2025-08-05,SO-006,2,95.00
2025-08-05,SO-007,6,45.00
2025-08-05,SO-008,4,35.00
2025-08-06,FB-001,20,131.25
2025-08-06,FB-002,54,14.70
2025-08-06,FB-003,21,25.20
2025-08-06,FB-004,9,81.90
2025-08-06,FB-005,9,120.75
2025-08-06,FB-006,21,69.30
2025-08-06,FB-007,7,288.75
2025-08-06,FB-008,9,35.70
2025-08-06,FB-009,28,71.40
2025-08-06,HC-001,8,55.00
2025-08-06,HC-002,8,115.00
2025-08-06,HC-003,4,42.00
2025-08-06,HC-004,7,62.00
2025-08-06,HC-005,6,98.00
2025-08-06,HC-006,1,82.00
2025-08-06,HC-007,6,28.00
2025-08-06,HC-008,7,62.00
2025-08-06,HC-009,2,135.00
2025-08-06,HW-002,2,288.75
2025-08-06,HW-003,3,102.90
2025-08-06,HW-004,3,719.25
2025-08-06,HW-005,2,50.40
2025-08-06,HW-007,1,39.90
2025-08-06,HW-010,15,16.80
2025-08-06,PC-001,7,52.00
2025-08-06,PC-002,5,32.00
2025-08-06,PC-003,3,68.00
2025-08-06,PC-004,5,38.00
2025-08-06,PC-005,4,95.00
2025-08-06,PC-006,1,135.00
2025-08-06,PC-007,2,38.00
2025-08-06,PC-008,4,79.00
2025-08-06,PC-009,1,49.00
2025-08-06,SO-001,14,30.00
2025-08-06,SO-002,5,90.00
2025-08-06,SO-003,2,260.00
2025-08-06,SO-004,6,72.00
2025-08-06,SO-005,5,85.00
2025-08-06,SO-007,3,45.00
2025-08-06,SO-008,3,35.00
2025-08-06,SO-009,3,78.00
2025-08-07,FB-001,20,131.25
2025-08-07,FB-002,54,14.70
2025-08-07,FB-003,16,25.20
2025-08-07,FB-004,7,81.90
2025-08-07,FB-005,14,120.75
2025-08-07,FB-006,16,69.30
2025-08-07,FB-007,8,288.75
2025-08-07,FB-008,8,35.70
2025-08-07,FB-009,29,71.40
2025-08-07,HC-001,5,55.00
2025-08-07,HC-002,8,115.00
2025-08-07,HC-003,6,42.00
2025-08-07,HC-004,6,62.00
2025-08-07,HC-005,5,98.00
2025-08-07,HC-006,6,82.00
2025-08-07,HC-007,5,28.00
2025-08-07,HC-008,10,62.00
2025-08-07,HC-009,3,135.00
2025-08-07,HW-001,2,89.25
2025-08-07,HW-002,4,288.75
2025-08-07,HW-004,2,719.25
2025-08-07,HW-005,3,50.40
2025-08-07,HW-007,1,39.90
2025-08-07,HW-010,12,16.80
2025-08-07,PC-001,7,52.00
2025-08-07,PC-002,6,32.00
2025-08-07,PC-003,4,68.00
2025-08-07,PC-004,3,38.00
2025-08-07,PC-005,2,95.00
2025-08-07,PC-006,3,135.00
2025-08-07,PC-007,3,38.00
2025-08-07,PC-008,5,79.00
2025-08-07,PC-009,4,49.00
2025-08-07,SO-001,11,30.00
2025-08-07,SO-002,6,90.00
2025-08-07,SO-003,3,260.00
2025-08-07,SO-004,1,72.00
2025-08-07,SO-005,3,85.00
2025-08-07,SO-006,6,95.00
2025-08-07,SO-007,2,45.00
2025-08-07,SO-008,6,35.00
2025-08-07,SO-009,2,78.00
2025-08-08,FB-001,21,131.25
2025-08-08,FB-002,47,14.70
2025-08-08,FB-003,19,25.20
2025-08-08,FB-004,11,81.90
2025-08-08,FB-005,2,120.75
2025-08-08,FB-006,34,69.30
2025-08-08,FB-007,7,288.75
2025-08-08,FB-008,7,35.70
2025-08-08,FB-009,36,71.40
2025-08-08,HC-001,17,55.00
2025-08-08,HC-002,8,115.00
2025-08-08,HC-003,7,42.00
2025-08-08,HC-004,6,62.00
2025-08-08,HC-005,7,98.00
2025-08-08,HC-006,4,82.00
2025-08-08,HC-007,10,28.00
2025-08-08,HC-008,4,62.00
2025-08-08,HC-009,3,135.00
2025-08-08,HW-001,1,89.25
2025-08-08,HW-002,4,288.75
2025-08-08,HW-003,4,102.90
2025-08-08,HW-005,1,50.40
2025-08-08,HW-006,1,29.40
2025-08-08,HW-007,1,39.90
2025-08-08,HW-010,10,16.80
2025-08-08,PC-001,13,52.00
2025-08-08,PC-002,7,32.00
2025-08-08,PC-003,5,68.00
2025-08-08,PC-004,3,38.00
2025-08-08,PC-005,5,95.00
2025-08-08,PC-006,3,135.00
2025-08-08,PC-007,4,38.00
2025-08-08,PC-008,6,79.00
2025-08-08,PC-009,8,49.00
2025-08-08,SO-001,9,30.00
2025-08-08,SO-002,6,90.00
2025-08-08,SO-003,5,260.00
2025-08-08,SO-004,4,72.00
2025-08-08,SO-005,5,85.00
2025-08-08,SO-006,1,95.00
2025-08-08,SO-008,2,35.00
2025-08-08,SO-009,2,78.00
2025-08-09,FB-001,15,131.25
2025-08-09,FB-002,81,14.70
2025-08-09,FB-003,41,25.20
2025-08-09,FB-004,20,81.90
2025-08-09,FB-005,13,120.75
2025-08-09,FB-006,37,69.30
2025-08-09,FB-007,5,288.75
2025-08-09,FB-008,9,35.70
2025-08-09,FB-009,44,71.40
2025-08-09,HC-001,16,55.00
2025-08-09,HC-002,6,115.00
2025-08-09,HC-003,7,42.00
2025-08-09,HC-004,2,62.00
2025-08-09,HC-005,7,98.00
2025-08-09,HC-006,9,82.00
2025-08-09,HC-007,14,28.00
2025-08-09,HC-008,10,62.00
2025-08-09,HC-009,5,135.00
2025-08-09,HW-001,6,89.25
2025-08-09,HW-002,7,288.75
2025-08-09,HW-004,2,719.25
2025-08-09,HW-007,3,39.90
2025-08-09,HW-008,1,131.25
2025-08-09,HW-010,16,16.80
2025-08-09,PC-001,16,52.00
2025-08-09,PC-002,8,32.00
2025-08-09,PC-003,4,68.00
2025-08-09,PC-004,5,38.00
2025-08-09,PC-005,1,95.00
2025-08-09,PC-006,1,135.00
2025-08-09,PC-007,2,38.00
2025-08-09,PC-008,6,79.00
2025-08-09,PC-009,15,49.00
2025-08-09,SO-001,10,30.00
2025-08-09,SO-002,7,90.00
2025-08-09,SO-003,2,260.00
2025-08-09,SO-004,1,72.00
2025-08-09,SO-005,3,85.00
2025-08-09,SO-006,3,95.00
2025-08-09,SO-009,4,78.00
2025-08-10,FB-001,12,131.25
2025-08-10,FB-002,73,14.70
2025-08-10,FB-003,24,25.20
2025-08-10,FB-004,14,81.90
2025-08-10,FB-005,12,120.75
2025-08-10,FB-006,24,69.30
2025-08-10,FB-007,7,288.75
2025-08-10,FB-008,10,35.70
2025-08-10,FB-009,28,71.40
2025-08-10,HC-001,15,55.00
2025-08-10,HC-002,10,115.00
2025-08-10,HC-003,5,42.00
2025-08-10,HC-004,5,62.00
2025-08-10,HC-005,4,98.00
2025-08-10,HC-006,8,82.00
2025-08-10,HC-007,7,28.00
2025-08-10,HC-008,6,62.00
2025-08-10,HC-009,7,135.00
2025-08-10,HW-001,3,89.25
2025-08-10,HW-002,4,288.75
2025-08-10,HW-005,1,50.40
2025-08-10,HW-006,1,29.40
2025-08-10,HW-010,6,16.80
2025-08-10,PC-001,13,52.00
2025-08-10,PC-002,6,32.00
2025-08-10,PC-003,5,68.00
2025-08-10,PC-004,1,38.00
2025-08-10,PC-005,4,95.00
2025-08-10,PC-006,2,135.00
2025-08-10,PC-007,4,38.00
2025-08-10,PC-008,4,79.00
2025-08-10,PC-009,9,49.00
2025-08-10,SO-001,3,30.00
2025-08-10,SO-002,1,90.00
2025-08-10,SO-003,1,260.00
2025-08-10,SO-004,3,72.00
2025-08-10,SO-005,2,85.00
2025-08-10,SO-006,1,95.00
2025-08-10,SO-008,4,35.00
2025-08-10,SO-009,2,78.00
2025-08-11,FB-001,21,131.25
2025-08-11,FB-002,50,14.70
2025-08-11,FB-003,23,25.20
2025-08-11,FB-004,10,81.90
2025-08-11,FB-005,8,120.75
2025-08-11,FB-006,10,69.30
2025-08-11,FB-007,4,288.75
2025-08-11,FB-008,8,35.70
2025-08-11,FB-009,22,71.40
2025-08-11,HC-001,12,55.00
2025-08-11,HC-002,9,115.00
2025-08-11,HC-003,7,42.00
2025-08-11,HC-004,4,62.00
2025-08-11,HC-005,5,98.00
2025-08-11,HC-006,3,82.00
2025-08-11,HC-007,11,28.00
2025-08-11,HC-008,7,62.00
2025-08-11,HC-009,2,135.00
2025-08-11,HW-001,1,89.25
2025-08-11,HW-002,3,288.75
2025-08-11,HW-004,1,719.25
2025-08-11,HW-007,1,39.90
2025-08-11,HW-010,11,16.80
2025-08-11,PC-001,10,52.00
2025-08-11,PC-002,7,32.00
2025-08-11,PC-003,4,68.00
2025-08-11,PC-004,3,38.00
2025-08-11,PC-005,1,95.00
2025-08-11,PC-006,3,135.00
2025-08-11,PC-007,3,38.00
2025-08-11,PC-008,3,79.00
2025-08-11,PC-009,6,49.00
2025-08-11,SO-001,17,30.00
2025-08-11,SO-002,3,90.00
2025-08-11,SO-003,5,260.00
2025-08-11,SO-004,7,72.00
2025-08-11,SO-005,2,85.00
2025-08-11,SO-006,2,95.00
2025-08-11,SO-007,1,45.00
2025-08-11,SO-008,2,35.00
2025-08-12,FB-001,10,131.25
2025-08-12,FB-002,39,14.70
2025-08-12,FB-003,8,25.20
2025-08-12,FB-004,8,81.90
2025-08-12,FB-005,13,120.75
2025-08-12,FB-006,31,69.30
2025-08-12,FB-007,10,288.75
2025-08-12,FB-008,5,35.70
2025-08-12,FB-009,19,71.40
2025-08-12,HC-001,20,55.00
2025-08-12,HC-002,6,115.00
2025-08-12,HC-003,5,42.00
2025-08-12,HC-004,2,62.00
2025-08-12,HC-005,6,98.00
2025-08-12,HC-006,3,82.00
2025-08-12,HC-007,10,28.00
2025-08-12,HC-008,7,62.00
2025-08-12,HC-009,2,135.00
2025-08-12,HW-001,3,89.25
2025-08-12,HW-002,5,288.75
2025-08-12,HW-004,1,719.25
2025-08-12,HW-005,2,50.40
2025-08-12,HW-006,1,29.40
2025-08-12,HW-007,1,39.90
2025-08-12,HW-008,1,131.25
2025-08-12,HW-010,11,16.80
2025-08-12,PC-001,2,52.00
2025-08-12,PC-002,8,32.00
2025-08-12,PC-003,9,68.00
2025-08-12,PC-004,8,38.00
2025-08-12,PC-005,5,95.00
2025-08-12,PC-006,1,135.00
2025-08-12,PC-007,2,38.00
2025-08-12,PC-008,2,79.00
2025-08-12,PC-009,10,49.00
2025-08-12,SO-001,12,30.00
2025-08-12,SO-002,6,90.00
2025-08-12,SO-003,2,260.00
2025-08-12,SO-004,4,72.00
2025-08-12,SO-005,3,85.00
2025-08-12,SO-006,2,95.00
2025-08-12,SO-008,8,35.00
2025-08-12,SO-009,2,78.00
2025-08-13,FB-001,16,131.25
2025-08-13,FB-002,42,14.70
2025-08-13,FB-003,17,25.20
2025-08-13,FB-004,6,81.90
2025-08-13,FB-005,13,120.75
2025-08-13,FB-006,31,69.30
2025-08-13,FB-007,3,288.75
2025-08-13,FB-008,12,35.70
2025-08-13,FB-009,25,71.40
2025-08-13,HC-001,10,55.00
2025-08-13,HC-002,5,115.00
2025-08-13,HC-003,3,42.00
2025-08-13,HC-004,5,62.00
2025-08-13,HC-005,6,98.00
2025-08-13,HC-006,6,82.00
2025-08-13,HC-007,9,28.00
2025-08-13,HC-008,15,62.00
2025-08-13,HC-009,2,135.00
2025-08-13,HW-001,1,89.25
2025-08-13,HW-002,5,288.75
2025-08-13,HW-003,1,102.90
2025-08-13,HW-007,1,39.90
2025-08-13,HW-010,12,16.80
2025-08-13,PC-001,17,52.00
2025-08-13,PC-002,10,32.00
2025-08-13,PC-003,6,68.00
2025-08-13,PC-004,5,38.00
2025-08-13,PC-005,2,95.00
2025-08-13,PC-006,1,135.00
2025-08-13,PC-007,4,38.00
2025-08-13,PC-008,4,79.00
2025-08-13,PC-009,5,49.00
2025-08-13,SO-001,13,30.00
2025-08-13,SO-002,1,90.00
2025-08-13,SO-003,6,260.00
2025-08-13,SO-004,3,72.00
2025-08-13,SO-005,3,85.00
2025-08-13,SO-006,4,95.00
2025-08-13,SO-007,2,45.00
2025-08-13,SO-008,4,35.00
2025-08-14,FB-001,16,131.25
2025-08-14,FB-002,71,14.70
2025-08-14,FB-003,22,25.20
2025-08-14,FB-004,16,81.90
2025-08-14,FB-005,19,120.75
2025-08-14,FB-006,44,69.30
2025-08-14,FB-007,5,288.75
2025-08-14,FB-008,9,35.70
2025-08-14,FB-009,40,71.40
2025-08-14,HC-001,22,55.00
2025-08-14,HC-002,8,115.00
2025-08-14,HC-003,2,42.00
2025-08-14,HC-004,4,62.00
2025-08-14,HC-005,4,98.00
2025-08-14,HC-006,6,82.00
2025-08-14,HC-007,7,28.00
2025-08-14,HC-008,10,62.00
2025-08-14,HC-009,4,135.00
2025-08-14,HW-001,2,89.25
2025-08-14,HW-002,2,288.75
2025-08-14,HW-003,2,102.90
2025-08-14,HW-004,1,719.25
2025-08-14,HW-006,1,29.40
2025-08-14,HW-008,1,131.25
2025-08-14,HW-010,8,16.80
2025-08-14,PC-001,11,52.00
2025-08-14,PC-002,9,32.00
2025-08-14,PC-003,10,68.00
2025-08-14,PC-004,5,38.00
2025-08-14,PC-005,4,95.00
2025-08-14,PC-006,3,135.00
2025-08-14,PC-007,4,38.00
2025-08-14,PC-008,3,79.00
2025-08-14,PC-009,7,49.00
2025-08-14,SO-001,9,30.00
2025-08-14,SO-002,7,90.00
2025-08-14,SO-003,3,260.00
2025-08-14,SO-004,5,72.00
2025-08-14,SO-005,1,85.00
2025-08-14,SO-006,5,95.00
2025-08-14,SO-007,2,45.00
2025-08-14,SO-008,3,35.00
2025-08-14,SO-009,3,78.00
2025-08-15,FB-001,21,131.25
2025-08-15,FB-002,89,14.70
2025-08-15,FB-003,30,25.20
2025-08-15,FB-004,11,81.90
2025-08-15,FB-005,15,120.75
2025-08-15,FB-006,39,69.30
2025-08-15,FB-007,10,288.75
2025-08-15,FB-008,15,35.70
2025-08-15,FB-009,40,71.40
2025-08-15,HC-001,17,55.00
2025-08-15,HC-002,16,115.00
2025-08-15,HC-003,5,42.00
2025-08-15,HC-004,5,62.00
2025-08-15,HC-005,5,98.00
2025-08-15,HC-006,6,82.00
2025-08-15,HC-007,5,28.00
2025-08-15,HC-008,13,62.00
2025-08-15,HC-009,1,135.00
2025-08-15,HW-001,4,89.25
2025-08-15,HW-002,6,288.75
2025-08-15,HW-003,1,102.90
2025-08-15,HW-004,1,719.25
2025-08-15,HW-005,1,50.40
2025-08-15,HW-010,8,16.80
2025-08-15,PC-001,15,52.00
2025-08-15,PC-002,12,32.00
2025-08-15,PC-003,6,68.00
2025-08-15,PC-004,5,38.00
2025-08-15,PC-005,8,95.00
2025-08-15,PC-006,2,135.00
2025-08-15,PC-007,3,38.00
2025-08-15,PC-008,3,79.00
2025-08-15,PC-009,12,49.00
2025-08-15,SO-001,7,30.00
2025-08-15,SO-002,2,90.00
2025-08-15,SO-003,3,260.00
2025-08-15,SO-004,1,72.00
2025-08-15,SO-005,3,85.00
2025-08-15,SO-006,1,95.00
2025-08-15,SO-007,2,45.00
2025-08-15,SO-008,2,35.00
2025-08-16,FB-001,23,131.25
2025-08-16,FB-002,95,14.70
2025-08-16,FB-003,45,25.20
2025-08-16,FB-004,13,81.90
2025-08-16,FB-005,19,120.75
2025-08-16,FB-006,37,69.30
2025-08-16,FB-007,11,288.75
2025-08-16,FB-008,15,35.70
2025-08-16,FB-009,5,71.40
2025-08-16,HC-001,12,55.00
2025-08-16,HC-002,12,115.00
2025-08-16,HC-003,11,42.00
2025-08-16,HC-004,8,62.00
2025-08-16,HC-005,5,98.00
2025-08-16,HC-006,7,82.00
2025-08-16,HC-007,7,28.00
2025-08-16,HC-008,15,62.00
2025-08-16,HC-009,3,135.00
2025-08-16,HW-001,3,89.25
2025-08-16,HW-002,8,288.75
2025-08-16,HW-003,3,102.90
2025-08-16,HW-004,3,719.25
2025-08-16,HW-005,2,50.40
2025-08-16,HW-006,6,29.40
2025-08-16,HW-007,1,39.90
2025-08-16,HW-008,1,131.25
2025-08-16,HW-010,10,16.80
2025-08-16,PC-001,18,52.00
2025-08-16,PC-002,15,32.00
2025-08-16,PC-003,8,68.00
2025-08-16,PC-004,8,38.00
2025-08-16,PC-005,5,95.00
2025-08-16,PC-006,1,135.00
2025-08-16,PC-007,2,38.00
2025-08-16,PC-008,4,79.00
2025-08-16,PC-009,6,49.00
2025-08-16,SO-001,7,30.00
2025-08-16,SO-002,2,90.00
2025-08-16,SO-003,3,260.00
2025-08-16,SO-004,4,72.00
2025-08-16,SO-005,2,85.00
2025-08-16,SO-006,1,95.00
2025-08-16,SO-007,1,45.00
2025-08-16,SO-008,2,35.00
2025-08-17,FB-001,22,131.25
2025-08-17,FB-002,60,14.70
2025-08-17,FB-003,25,25.20
2025-08-17,FB-004,13,81.90
2025-08-17,FB-005,14,120.75
2025-08-17,FB-007,6,288.75
2025-08-17,FB-008,7,35.70
2025-08-17,FB-009,20,71.40
2025-08-17,HC-001,21,55.00
2025-08-17,HC-002,13,115.00
2025-08-17,HC-003,14,42.00
2025-08-17,HC-004,2,62.00
2025-08-17,HC-005,4,98.00
2025-08-17,HC-006,5,82.00
2025-08-17,HC-007,11,28.00
2025-08-17,HC-008,17,62.00
2025-08-17,HW-001,1,89.25
2025-08-17,HW-004,1,719.25
2025-08-17,HW-005,2,50.40
2025-08-17,HW-006,1,29.40
2025-08-17,HW-010,10,16.80
2025-08-17,PC-001,6,52.00
2025-08-17,PC-002,9,32.00
2025-08-17,PC-003,6,68.00
2025-08-17,PC-004,3,38.00
2025-08-17,PC-005,5,95.00
2025-08-17,PC-006,3,135.00
2025-08-17,PC-007,4,38.00
2025-08-17,PC-008,10,79.00
2025-08-17,PC-009,6,49.00
2025-08-17,SO-001,11,30.00
2025-08-17,SO-002,2,90.00
2025-08-17,SO-003,2,260.00
2025-08-17,SO-004,4,72.00
2025-08-17,SO-005,2,85.00
2025-08-17,SO-006,1,95.00
2025-08-17,SO-007,2,45.00
2025-08-17,SO-008,2,35.00
2025-08-18,FB-001,18,131.25
2025-08-18,FB-002,51,14.70
2025-08-18,FB-003,20,25.20
2025-08-18,FB-004,11,81.90
2025-08-18,FB-005,9,120.75
2025-08-18,FB-007,5,288.75
2025-08-18,FB-008,7,35.70
2025-08-18,FB-009,19,71.40
2025-08-18,HC-001,3,55.00
2025-08-18,HC-002,7,115.00
2025-08-18,HC-003,4,42.00
2025-08-18,HC-004,2,62.00
2025-08-18,HC-005,3,98.00
2025-08-18,HC-006,5,82.00
2025-08-18,HC-007,5,28.00
2025-08-18,HC-008,11,62.00
2025-08-18,HC-009,2,135.00
2025-08-18,HW-001,3,89.25
2025-08-18,HW-002,4,288.75
2025-08-18,HW-003,1,102.90
2025-08-18,HW-004,1,719.25
2025-08-18,HW-005,2,50.40
2025-08-18,HW-006,2,29.40
2025-08-18,HW-007,2,39.90
2025-08-18,HW-010,7,16.80
2025-08-18,PC-001,12,52.00
2025-08-18,PC-002,6,32.00
2025-08-18,PC-003,6,68.00
2025-08-18,PC-004,6,38.00
2025-08-18,PC-005,3,95.00
2025-08-18,PC-006,2,135.00
2025-08-18,PC-007,6,38.00
2025-08-18,PC-008,4,79.00
2025-08-18,PC-009,5,49.00
2025-08-18,SO-001,21,30.00
2025-08-18,SO-002,4,90.00
2025-08-18,SO-003,7,260.00
2025-08-18,SO-004,1,72.00
2025-08-18,SO-005,2,85.00
2025-08-18,SO-006,1,95.00
2025-08-18,SO-007,1,45.00
2025-08-18,SO-008,7,35.00
2025-08-19,FB-001,12,131.25
2025-08-19,FB-002,41,14.70
2025-08-19,FB-003,26,25.20
2025-08-19,FB-004,13,81.90
2025-08-19,FB-005,6,120.75
2025-08-19,FB-006,22,69.30
2025-08-19,FB-007,7,288.75
2025-08-19,FB-008,6,35.70
2025-08-19,FB-009,19,71.40
2025-08-19,HC-002,9,115.00
2025-08-19,HC-003,5,42.00
2025-08-19,HC-004,5,62.00
2025-08-19,HC-005,4,98.00
2025-08-19,HC-006,6,82.00
2025-08-19,HC-007,5,28.00
2025-08-19,HC-008,13,62.00
2025-08-19,HC-009,5,135.00
2025-08-19,HW-001,4,89.25
2025-08-19,HW-002,2,288.75
2025-08-19,HW-004,1,719.25
2025-08-19,HW-008,1,131.25
2025-08-19,HW-010,11,16.80
2025-08-19,PC-001,5,52.00
2025-08-19,PC-002,3,32.00
2025-08-19,PC-003,4,68.00
2025-08-19,PC-004,2,38.00
2025-08-19,PC-005,2,95.00
2025-08-19,PC-006,3,135.00
2025-08-19,PC-007,6,38.00
2025-08-19,PC-008,3,79.00
2025-08-19,PC-009,6,49.00
2025-08-19,SO-001,16,30.00
2025-08-19,SO-002,1,90.00
2025-08-19,SO-003,2,260.00
2025-08-19,SO-004,3,72.00
2025-08-19,SO-005,3,85.00
2025-08-19,SO-006,2,95.00
2025-08-19,SO-008,7,35.00
2025-08-19,SO-009,1,78.00
2025-08-20,FB-001,8,131.25
2025-08-20,FB-002,36,14.70
2025-08-20,FB-003,19,25.20
2025-08-20,FB-004,14,81.90
2025-08-20,FB-005,7,120.75
2025-08-20,FB-006,25,69.30
2025-08-20,FB-007,7,288.75
2025-08-20,FB-008,5,35.70
2025-08-20,FB-009,25,71.40
2025-08-20,HC-002,5,115.00
2025-08-20,HC-003,6,42.00
2025-08-20,HC-004,4,62.00
2025-08-20,HC-005,4,98.00
2025-08-20,HC-006,2,82.00
2025-08-20,HC-007,7,28.00
2025-08-20,HC-008,7,62.00
2025-08-20,HC-009,1,135.00
2025-08-20,HW-001,4,89.25
2025-08-20,HW-002,1,288.75
2025-08-20,HW-003,1,102.90
2025-08-20,HW-006,4,29.40
2025-08-20,HW-010,6,16.80
2025-08-20,PC-001,10,52.00
2025-08-20,PC-002,5,32.00
2025-08-20,PC-003,5,68.00
2025-08-20,PC-004,1,38.00
2025-08-20,PC-005,3,95.00
2025-08-20,PC-006,6,135.00
2025-08-20,PC-007,4,38.00
2025-08-20,PC-008,5,79.00
2025-08-20,PC-009,7,49.00
2025-08-20,SO-001,13,30.00
2025-08-20,SO-002,4,90.00
2025-08-20,SO-003,3,260.00
2025-08-20,SO-004,3,72.00
2025-08-20,SO-005,4,85.00
2025-08-20,SO-006,2,95.00
2025-08-20,SO-008,2,35.00
2025-08-20,SO-009,2,78.00
2025-08-21,FB-001,14,131.25
2025-08-21,FB-002,52,14.70
2025-08-21,FB-003,18,25.20
2025-08-21,FB-004,9,81.90
2025-08-21,FB-005,11,120.75
2025-08-21,FB-006,30,69.30
2025-08-21,FB-007,6,288.75
2025-08-21,FB-008,10,35.70
2025-08-21,FB-009,21,71.40
2025-08-21,HC-001,8,55.00
2025-08-21,HC-002,6,115.00
2025-08-21,HC-003,6,42.00
2025-08-21,HC-004,2,62.00
2025-08-21,HC-005,4,98.00
2025-08-21,HC-006,3,82.00
2025-08-21,HC-007,6,28.00
2025-08-21,HC-008,10,62.00
2025-08-21,HW-001,1,89.25
2025-08-21,HW-002,1,288.75
2025-08-21,HW-003,1,102.90
2025-08-21,HW-004,2,719.25
2025-08-21,HW-005,1,50.40
2025-08-21,HW-006,1,29.40
2025-08-21,HW-010,7,16.80
2025-08-21,PC-001,7,52.00
2025-08-21,PC-002,2,32.00
2025-08-21,PC-003,3,68.00
2025-08-21,PC-004,4,38.00
2025-08-21,PC-005,6,95.00
2025-08-21,PC-006,5,135.00
2025-08-21,PC-007,3,38.00
2025-08-21,PC-008,7,79.00
2025-08-21,PC-009,9,49.00
2025-08-21,SO-001,18,30.00
2025-08-21,SO-002,2,90.00
2025-08-21,SO-003,5,260.00
2025-08-21,SO-004,5,72.00
2025-08-21,SO-005,3,85.00
2025-08-21,SO-006,3,95.00
2025-08-21,SO-007,1,45.00
2025-08-21,SO-008,4,35.00
2025-08-21,SO-009,2,78.00
2025-08-22,FB-001,28,131.25
2025-08-22,FB-002,64,14.70
2025-08-22,FB-003,22,25.20
2025-08-22,FB-004,14,81.90
2025-08-22,FB-005,12,120.75
2025-08-22,FB-006,44,69.30
2025-08-22,FB-007,11,288.75
2025-08-22,FB-008,14,35.70
2025-08-22,FB-009,26,71.40
2025-08-22,HC-001,9,55.00
2025-08-22,HC-002,10,115.00
2025-08-22,HC-003,7,42.00
2025-08-22,HC-004,8,62.00
2025-08-22,HC-005,6,98.00
2025-08-22,HC-007,7,28.00
2025-08-22,HC-008,10,62.00
2025-08-22,HC-009,1,135.00
2025-08-22,HW-001,1,89.25
2025-08-22,HW-002,4,288.75
2025-08-22,HW-003,1,102.90
2025-08-22,HW-004,2,719.25
2025-08-22,HW-006,2,29.40
2025-08-22,HW-010,9,16.80
2025-08-22,PC-001,12,52.00
2025-08-22,PC-002,7,32.00
2025-08-22,PC-003,3,68.00
2025-08-22,PC-004,3,38.00
2025-08-22,PC-005,5,95.00
2025-08-22,PC-006,4,135.00
2025-08-22,PC-007,1,38.00
2025-08-22,PC-008,2,79.00
2025-08-22,PC-009,9,49.00
2025-08-22,SO-001,9,30.00
2025-08-22,SO-002,4,90.00
2025-08-22,SO-003,5,260.00
2025-08-22,SO-004,5,72.00
2025-08-22,SO-005,2,85.00
2025-08-22,SO-008,3,35.00
2025-08-23,FB-001,19,131.25
2025-08-23,FB-002,70,14.70
2025-08-23,FB-003,18,25.20
2025-08-23,FB-004,14,81.90
2025-08-23,FB-005,16,120.75
2025-08-23,FB-006,54,69.30
2025-08-23,FB-007,9,288.75
2025-08-23,FB-008,13,35.70
2025-08-23,FB-009,35,71.40
2025-08-23,HC-001,9,55.00
2025-08-23,HC-002,12,115.00
2025-08-23,HC-003,6,42.00
2025-08-23,HC-004,6,62.00
2025-08-23,HC-005,5,98.00
2025-08-23,HC-007,4,28.00
2025-08-23,HC-008,9,62.00
2025-08-23,HC-009,1,135.00
2025-08-23,HW-001,2,89.25
2025-08-23,HW-002,2,288.75
2025-08-23,HW-003,3,102.90
2025-08-23,HW-004,1,719.25
2025-08-23,HW-005,1,50.40
2025-08-23,HW-006,3,29.40
2025-08-23,HW-007,3,39.90
2025-08-23,HW-010,8,16.80
2025-08-23,PC-001,9,52.00
2025-08-23,PC-002,6,32.00
2025-08-23,PC-003,4,68.00
2025-08-23,PC-004,7,38.00
2025-08-23,PC-005,6,95.00
2025-08-23,PC-006,3,135.00
2025-08-23,PC-007,2,38.00
2025-08-23,PC-008,3,79.00
2025-08-23,PC-009,6,49.00
2025-08-23,SO-001,8,30.00
2025-08-23,SO-002,2,90.00
2025-08-23,SO-003,2,260.00
2025-08-23,SO-004,4,72.00
2025-08-23,SO-005,2,85.00
2025-08-23,SO-006,2,95.00
2025-08-23,SO-007,1,45.00
2025-08-23,SO-009,2,78.00
2025-08-24,FB-001,23,131.25
2025-08-24,FB-002,50,14.70
2025-08-24,FB-003,26,25.20
2025-08-24,FB-005,8,120.75
2025-08-24,FB-006,41,69.30
2025-08-24,FB-007,11,288.75
2025-08-24,FB-008,10,35.70
2025-08-24,FB-009,38,71.40
2025-08-24,HC-001,13,55.00
2025-08-24,HC-002,12,115.00
2025-08-24,HC-003,4,42.00
2025-08-24,HC-004,8,62.00
2025-08-24,HC-005,5,98.00
2025-08-24,HC-006,1,82.00
2025-08-24,HC-007,6,28.00
2025-08-24,HC-009,2,135.00
2025-08-24,HW-001,1,89.25
2025-08-24,HW-002,3,288.75
2025-08-24,HW-004,1,719.25
2025-08-24,HW-008,1,131.25
2025-08-24,HW-010,2,16.80
2025-08-24,PC-001,7,52.00
2025-08-24,PC-002,9,32.00
2025-08-24,PC-003,5,68.00
2025-08-24,PC-004,3,38.00
2025-08-24,PC-005,4,95.00
2025-08-24,PC-006,1,135.00
2025-08-24,PC-007,6,38.00
2025-08-24,PC-008,6,79.00
2025-08-24,PC-009,6,49.00
2025-08-24,SO-001,6,30.00
2025-08-24,SO-003,2,260.00
2025-08-24,SO-004,3,72.00
2025-08-24,SO-005,1,85.00
2025-08-24,SO-007,2,45.00
2025-08-24,SO-008,2,35.00
2025-08-24,SO-009,1,78.00
2025-08-25,FB-001,14,131.25
2025-08-25,FB-002,51,14.70
2025-08-25,FB-003,21,25.20
2025-08-25,FB-004,9,81.90
2025-08-25,FB-005,10,120.75
2025-08-25,FB-006,34,69.30
2025-08-25,FB-007,6,288.75
2025-08-25,FB-008,7,35.70
2025-08-25,FB-009,28,71.40
2025-08-25,HC-001,6,55.00
2025-08-25,HC-002,8,115.00
2025-08-25,HC-003,6,42.00
2025-08-25,HC-004,2,62.00
2025-08-25,HC-005,4,98.00
2025-08-25,HC-006,1,82.00
2025-08-25,HC-007,6,28.00
2025-08-25,HC-009,2,135.00
2025-08-25,HW-001,2,89.25
2025-08-25,HW-002,3,288.75
2025-08-25,HW-007,1,39.90
2025-08-25,HW-010,11,16.80
2025-08-25,PC-001,8,52.00
2025-08-25,PC-002,5,32.00
2025-08-25,PC-003,4,68.00
2025-08-25,PC-004,3,38.00
2025-08-25,PC-005,1,95.00
2025-08-25,PC-006,2,135.00
2025-08-25,PC-007,6,38.00
2025-08-25,PC-008,1,79.00
2025-08-25,PC-009,9,49.00
2025-08-25,SO-001,14,30.00
2025-08-25,SO-002,3,90.00
2025-08-25,SO-003,2,260.00
2025-08-25,SO-004,4,72.00
2025-08-25,SO-005,3,85.00
2025-08-25,SO-006,4,95.00
2025-08-25,SO-007,1,45.00
2025-08-25,SO-008,7,35.00
2025-08-25,SO-009,1,78.00
2025-08-26,FB-001,9,131.25
2025-08-26,FB-002,34,14.70
2025-08-26,FB-003,12,25.20
2025-08-26,FB-004,8,81.90
2025-08-26,FB-005,10,120.75
2025-08-26,FB-006,18,69.30
2025-08-26,FB-007,7,288.75
2025-08-26,FB-008,5,35.70
2025-08-26,FB-009,18,71.40
2025-08-26,HC-001,15,55.00
2025-08-26,HC-002,9,115.00
2025-08-26,HC-003,6,42.00
2025-08-26,HC-004,1,62.00
2025-08-26,HC-005,4,98.00
2025-08-26,HC-006,3,82.00
2025-08-26,HC-007,6,28.00
2025-08-26,HC-008,12,62.00
2025-08-26,HC-009,2,135.00
2025-08-26,HW-001,3,89.25
2025-08-26,HW-002,3,288.75
2025-08-26,HW-004,1,719.25
2025-08-26,HW-005,1,50.40
2025-08-26,HW-006,1,29.40
2025-08-26,HW-007,2,39.90
2025-08-26,HW-010,10,16.80
2025-08-26,PC-001,13,52.00
2025-08-26,PC-002,13,32.00
2025-08-26,PC-003,3,68.00
2025-08-26,PC-004,5,38.00
2025-08-26,PC-005,3,95.00
2025-08-26,PC-006,1,135.00
2025-08-26,PC-007,7,38.00
2025-08-26,PC-008,1,79.00
2025-08-26,PC-009,8,49.00
2025-08-26,SO-001,16,30.00
2025-08-26,SO-002,4,90.00
2025-08-26,SO-003,4,260.00
2025-08-26,SO-004,5,72.00
2025-08-26,SO-005,1,85.00
2025-08-26,SO-007,2,45.00
2025-08-26,SO-008,2,35.00
2025-08-26,SO-009,3,78.00
2025-08-27,FB-001,15,131.25
2025-08-27,FB-002,58,14.70
2025-08-27,FB-003,10,25.20
2025-08-27,FB-004,8,81.90
2025-08-27,FB-005,10,120.75
2025-08-27,FB-006,33,69.30
2025-08-27,FB-007,6,288.75
2025-08-27,FB-008,12,35.70
2025-08-27,FB-009,30,71.40
2025-08-27,HC-001,10,55.00
2025-08-27,HC-002,12,115.00
2025-08-27,HC-003,6,42.00
2025-08-27,HC-004,1,62.00
2025-08-27,HC-005,3,98.00
2025-08-27,HC-006,3,82.00
2025-08-27,HC-007,9,28.00
2025-08-27,HC-008,8,62.00
2025-08-27,HC-009,1,135.00
2025-08-27,HW-001,2,89.25
2025-08-27,HW-002,4,288.75
2025-08-27,HW-003,1,102.90
2025-08-27,HW-005,2,50.40
2025-08-27,HW-010,13,16.80
2025-08-27,PC-001,12,52.00
2025-08-27,PC-002,7,32.00
2025-08-27,PC-003,3,68.00
2025-08-27,PC-004,2,38.00
2025-08-27,PC-005,5,95.00
2025-08-27,PC-006,3,135.00
2025-08-27,PC-007,7,38.00
2025-08-27,PC-008,9,79.00
2025-08-27,PC-009,4,49.00
2025-08-27,SO-001,8,30.00
2025-08-27,SO-002,3,90.00
2025-08-27,SO-003,4,260.00
2025-08-27,SO-004,6,72.00
2025-08-27,SO-005,2,85.00
2025-08-27,SO-007,1,45.00
2025-08-27,SO-008,1,35.00
2025-08-27,SO-009,2,78.00
2025-08-28,FB-001,13,131.25
2025-08-28,FB-002,48,14.70
2025-08-28,FB-003,19,25.20
2025-08-28,FB-004,10,81.90
2025-08-28,FB-005,10,120.75
2025-08-28,FB-006,22,69.30
2025-08-28,FB-007,4,288.75
2025-08-28,FB-008,8,35.70
2025-08-28,FB-009,26,71.40
2025-08-28,HC-001,13,55.00
2025-08-28,HC-002,2,115.00
2025-08-28,HC-003,3,42.00
2025-08-28,HC-004,1,62.00
2025-08-28,HC-005,5,98.00
2025-08-28,HC-006,2,82.00
2025-08-28,HC-007,4,28.00
2025-08-28,HC-008,6,62.00
2025-08-28,HC-009,3,135.00
2025-08-28,HW-001,3,89.25
2025-08-28,HW-002,2,288.75
2025-08-28,HW-003,2,102.90
2025-08-28,HW-004,1,719.25
2025-08-28,HW-005,1,50.40
2025-08-28,HW-007,2,39.90
2025-08-28,HW-008,1,131.25
2025-08-28,HW-010,9,16.80
2025-08-28,PC-001,10,52.00
2025-08-28,PC-002,12,32.00
2025-08-28,PC-003,7,68.00
2025-08-28,PC-004,4,38.00
2025-08-28,PC-005,3,95.00
2025-08-28,PC-006,1,135.00
2025-08-28,PC-007,6,38.00
2025-08-28,PC-008,4,79.00
2025-08-28,PC-009,8,49.00
2025-08-28,SO-001,24,30.00
2025-08-28,SO-002,1,90.00
2025-08-28,SO-003,3,260.00
2025-08-28,SO-004,3,72.00
2025-08-28,SO-005,1,85.00
2025-08-28,SO-008,4,35.00
2025-08-28,SO-009,2,78.00
2025-08-29,FB-001,10,131.25
2025-08-29,FB-002,66,14.70
2025-08-29,FB-003,21,25.20
2025-08-29,FB-004,7,81.90
2025-08-29,FB-005,11,120.75
2025-08-29,FB-006,31,69.30
2025-08-29,FB-007,4,288.75
2025-08-29,FB-008,10,35.70
2025-08-29,FB-009,25,71.40
2025-08-29,HC-001,11,55.00
2025-08-29,HC-002,5,115.00
2025-08-29,HC-003,5,42.00
2025-08-29,HC-004,6,62.00
2025-08-29,HC-005,6,98.00
2025-08-29,HC-006,3,82.00
2025-08-29,HC-007,7,28.00
2025-08-29,HC-008,9,62.00
2025-08-29,HC-009,2,135.00
2025-08-29,HW-001,2,89.25
2025-08-29,HW-002,3,288.75
2025-08-29,HW-003,3,102.90
2025-08-29,HW-004,1,719.25
2025-08-29,HW-005,2,50.40
2025-08-29,HW-006,1,29.40
2025-08-29,HW-007,1,39.90
2025-08-29,HW-008,2,131.25
2025-08-29,HW-010,16,16.80
2025-08-29,PC-001,17,52.00
2025-08-29,PC-002,7,32.00
2025-08-29,PC-003,5,68.00
2025-08-29,PC-004,4,38.00
2025-08-29,PC-005,3,95.00
2025-08-29,PC-006,2,135.00
2025-08-29,PC-007,1,38.00
2025-08-29,PC-008,6,79.00
2025-08-29,PC-009,7,49.00
2025-08-29,SO-001,12,30.00
2025-08-29,SO-002,6,90.00
2025-08-29,SO-003,3,260.00
2025-08-29,SO-004,2,72.00
2025-08-29,SO-005,5,85.00
2025-08-29,SO-006,5,95.00
2025-08-29,SO-007,2,45.00
2025-08-29,SO-008,6,35.00
2025-08-29,SO-009,1,78.00
2025-08-30,FB-001,16,131.25
2025-08-30,FB-002,101,14.70
2025-08-30,FB-003,33,25.20
2025-08-30,FB-004,19,81.90
2025-08-30,FB-005,16,120.75
2025-08-30,FB-006,35,69.30
2025-08-30,FB-007,21,288.75
2025-08-30,FB-008,18,35.70
2025-08-30,FB-009,51,71.40
2025-08-30,HC-001,20,55.00
2025-08-30,HC-002,11,115.00
2025-08-30,HC-003,11,42.00
2025-08-30,HC-004,10,62.00
2025-08-30,HC-005,7,98.00
2025-08-30,HC-006,12,82.00
2025-08-30,HC-007,13,28.00
2025-08-30,HC-008,8,62.00
2025-08-30,HC-009,5,135.00
2025-08-30,HW-001,3,89.25
2025-08-30,HW-002,6,288.75
2025-08-30,HW-003,2,102.90
2025-08-30,HW-005,1,50.40
2025-08-30,HW-006,1,29.40
2025-08-30,HW-008,1,131.25
2025-08-30,HW-010,12,16.80
2025-08-30,PC-001,16,52.00
2025-08-30,PC-002,12,32.00
2025-08-30,PC-003,3,68.00
2025-08-30,PC-004,2,38.00
2025-08-30,PC-005,3,95.00
2025-08-30,PC-006,3,135.00
2025-08-30,PC-007,5,38.00
2025-08-30,PC-008,8,79.00
2025-08-30,PC-009,11,49.00
2025-08-30,SO-001,13,30.00
2025-08-30,SO-003,3,260.00
2025-08-30,SO-004,5,72.00
2025-08-30,SO-005,2,85.00
2025-08-30,SO-006,5,95.00
2025-08-30,SO-008,4,35.00
2025-08-30,SO-009,2,78.00
2025-08-31,FB-001,16,131.25
2025-08-31,FB-002,85,14.70
2025-08-31,FB-003,28,25.20
2025-08-31,FB-004,13,81.90
2025-08-31,FB-005,19,120.75
2025-08-31,FB-006,46,69.30
2025-08-31,FB-007,14,288.75
2025-08-31,FB-008,14,35.70
2025-08-31,FB-009,51,71.40
2025-08-31,HC-001,14,55.00
2025-08-31,HC-002,5,115.00
2025-08-31,HC-003,16,42.00
2025-08-31,HC-004,8,62.00
2025-08-31,HC-005,6,98.00
2025-08-31,HC-006,2,82.00
2025-08-31,HC-007,11,28.00
2025-08-31,HC-008,13,62.00
2025-08-31,HC-009,1,135.00
2025-08-31,HW-001,2,89.25
2025-08-31,HW-010,5,16.80
2025-08-31,PC-001,4,52.00
2025-08-31,PC-002,8,32.00
2025-08-31,PC-003,1,68.00
2025-08-31,PC-004,3,38.00
2025-08-31,PC-005,3,95.00
2025-08-31,PC-006,6,135.00
2025-08-31,PC-007,3,38.00
2025-08-31,PC-008,5,79.00
2025-08-31,PC-009,5,49.00
2025-08-31,SO-001,14,30.00
2025-08-31,SO-002,2,90.00
2025-08-31,SO-003,1,260.00
2025-08-31,SO-004,5,72.00
2025-08-31,SO-005,3,85.00
2025-08-31,SO-008,3,35.00
2025-09-01,FB-001,20,131.25
2025-09-01,FB-002,86,14.70
2025-09-01,FB-003,19,25.20
2025-09-01,FB-004,11,81.90
2025-09-01,FB-005,11,120.75
2025-09-01,FB-006,38,69.30
2025-09-01,FB-007,8,288.75
2025-09-01,FB-008,10,35.70
2025-09-01,FB-009,44,71.40
2025-09-01,HC-001,13,55.00
2025-09-01,HC-002,6,115.00
2025-09-01,HC-003,6,42.00
2025-09-01,HC-004,6,62.00
2025-09-01,HC-005,6,98.00
2025-09-01,HC-006,6,82.00
2025-09-01,HC-007,7,28.00
2025-09-01,HC-008,5,62.00
2025-09-01,HC-009,2,135.00
2025-09-01,HW-001,3,89.25
2025-09-01,HW-002,4,288.75
2025-09-01,HW-003,2,102.90
2025-09-01,HW-004,2,719.25
2025-09-01,HW-005,1,50.40
2025-09-01,HW-006,1,29.40
2025-09-01,HW-007,1,39.90
2025-09-01,HW-008,1,131.25
2025-09-01,HW-010,3,16.80
2025-09-01,PC-001,10,52.00
2025-09-01,PC-002,4,32.00
2025-09-01,PC-003,4,68.00
2025-09-01,PC-004,3,38.00
2025-09-01,PC-005,4,95.00
2025-09-01,PC-006,1,135.00
2025-09-01,PC-007,1,38.00
2025-09-01,PC-008,2,79.00
2025-09-01,PC-009,14,49.00
2025-09-01,SO-001,15,30.00
2025-09-01,SO-002,5,90.00
2025-09-01,SO-003,3,260.00
2025-09-01,SO-004,8,72.00
2025-09-01,SO-006,2,95.00
2025-09-01,SO-007,1,45.00
2025-09-01,SO-008,3,35.00
2025-09-01,SO-009,2,78.00
2025-09-02,FB-001,16,131.25
2025-09-02,FB-002,18,14.70
2025-09-02,FB-003,18,25.20
2025-09-02,FB-004,10,81.90
2025-09-02,FB-005,13,120.75
2025-09-02,FB-006,15,69.30
2025-09-02,FB-007,5,288.75
2025-09-02,FB-008,7,35.70
2025-09-02,FB-009,16,71.40
2025-09-02,HC-001,3,55.00
2025-09-02,HC-002,12,115.00
2025-09-02,HC-003,2,42.00
2025-09-02,HC-004,3,62.00
2025-09-02,HC-005,2,98.00
2025-09-02,HC-006,1,82.00
2025-09-02,HC-007,5,28.00
2025-09-02,HC-008,5,62.00
2025-09-02,HC-009,3,135.00
2025-09-02,HW-001,2,89.25
2025-09-02,HW-002,6,288.75
2025-09-02,HW-003,1,102.90
2025-09-02,HW-004,2,719.25
2025-09-02,HW-005,1,50.40
2025-09-02,HW-006,1,29.40
2025-09-02,HW-010,7,16.80
2025-09-02,PC-001,11,52.00
2025-09-02,PC-002,6,32.00
2025-09-02,PC-003,4,68.00
2025-09-02,PC-004,1,38.00
2025-09-02,PC-005,4,95.00
2025-09-02,PC-006,2,135.00
2025-09-02,PC-007,3,38.00
2025-09-02,PC-008,3,79.00
2025-09-02,PC-009,10,49.00
2025-09-02,SO-001,13,30.00
2025-09-02,SO-002,3,90.00
2025-09-02,SO-003,2,260.00
2025-09-02,SO-004,5,72.00
2025-09-02,SO-005,1,85.00
2025-09-02,SO-006,1,95.00
2025-09-02,SO-008,3,35.00
2025-09-02,SO-009,2,78.00
2025-09-03,FB-001,21,131.25
2025-09-03,FB-002,56,14.70
2025-09-03,FB-003,18,25.20
2025-09-03,FB-004,6,81.90
2025-09-03,FB-005,13,120.75
2025-09-03,FB-006,21,69.30
2025-09-03,FB-007,10,288.75
2025-09-03,FB-008,5,35.70
2025-09-03,FB-009,22,71.40
2025-09-03,HC-001,10,55.00
2025-09-03,HC-002,10,115.00
2025-09-03,HC-003,9,42.00
2025-09-03,HC-004,5,62.00
2025-09-03,HC-005,8,98.00
2025-09-03,HC-006,3,82.00
2025-09-03,HC-007,8,28.00
2025-09-03,HC-008,6,62.00
2025-09-03,HC-009,3,135.00
2025-09-03,HW-001,1,89.25
2025-09-03,HW-002,3,288.75
2025-09-03,HW-005,2,50.40
2025-09-03,HW-006,1,29.40
2025-09-03,HW-010,6,16.80
2025-09-03,PC-001,6,52.00
2025-09-03,PC-002,9,32.00
2025-09-03,PC-003,8,68.00
2025-09-03,PC-004,6,38.00
2025-09-03,PC-005,3,95.00
2025-09-03,PC-007,1,38.00
2025-09-03,PC-008,3,79.00
2025-09-03,PC-009,11,49.00
2025-09-03,SO-001,8,30.00
2025-09-03,SO-003,1,260.00
2025-09-03,SO-004,2,72.00
2025-09-03,SO-005,2,85.00
2025-09-03,SO-006,2,95.00
2025-09-03,SO-008,3,35.00
2025-09-03,SO-009,3,78.00
2025-09-04,FB-001,11,131.25
2025-09-04,FB-002,60,14.70
2025-09-04,FB-003,24,25.20
2025-09-04,FB-004,7,81.90
2025-09-04,FB-005,20,120.75
2025-09-04,FB-006,31,69.30
2025-09-04,FB-007,6,288.75
2025-09-04,FB-008,6,35.70
2025-09-04,FB-009,29,71.40
2025-09-04,HC-001,7,55.00
2025-09-04,HC-002,4,115.00
2025-09-04,HC-003,4,42.00
2025-09-04,HC-004,5,62.00
2025-09-04,HC-005,2,98.00
2025-09-04,HC-007,6,28.00
2025-09-04,HC-008,9,62.00
2025-09-04,HC-009,2,135.00
2025-09-04,HW-001,1,89.25
2025-09-04,HW-002,4,288.75
2025-09-04,HW-006,2,29.40
2025-09-04,HW-008,1,131.25
2025-09-04,HW-010,6,16.80
2025-09-04,PC-001,5,52.00
2025-09-04,PC-002,11,32.00
2025-09-04,PC-003,9,68.00
2025-09-04,PC-004,5,38.00
2025-09-04,PC-005,4,95.00
2025-09-04,PC-006,2,135.00
2025-09-04,PC-007,3,38.00
2025-09-04,PC-008,5,79.00
2025-09-04,PC-009,7,49.00
2025-09-04,SO-001,14,30.00
2025-09-04,SO-002,4,90.00
2025-09-04,SO-003,4,260.00
2025-09-04,SO-004,5,72.00
2025-09-04,SO-005,1,85.00
2025-09-04,SO-006,2,95.00
2025-09-04,SO-007,1,45.00
2025-09-04,SO-008,2,35.00
2025-09-04,SO-009,2,78.00
2025-09-05,FB-001,15,131.25
2025-09-05,FB-002,75,14.70
2025-09-05,FB-003,17,25.20
2025-09-05,FB-004,12,81.90
2025-09-05,FB-005,20,120.75
2025-09-05,FB-006,40,69.30
2025-09-05,FB-007,7,288.75
2025-09-05,FB-008,11,35.70
2025-09-05,FB-009,23,71.40
2025-09-05,HC-001,14,55.00
2025-09-05,HC-002,3,115.00
2025-09-05,HC-003,5,42.00
2025-09-05,HC-004,8,62.00
2025-09-05,HC-005,6,98.00
2025-09-05,HC-006,2,82.00
2025-09-05,HC-007,9,28.00
2025-09-05,HC-008,8,62.00
2025-09-05,HC-009,3,135.00
2025-09-05,HW-001,3,89.25
2025-09-05,HW-002,3,288.75
2025-09-05,HW-003,2,102.90
2025-09-05,HW-005,1,50.40
2025-09-05,HW-006,1,29.40
2025-09-05,HW-010,8,16.80
2025-09-05,PC-001,9,52.00
2025-09-05,PC-002,11,32.00
2025-09-05,PC-003,11,68.00
2025-09-05,PC-004,5,38.00
2025-09-05,PC-005,6,95.00
2025-09-05,PC-006,3,135.00
2025-09-05,PC-007,2,38.00
2025-09-05,PC-008,6,79.00
2025-09-05,PC-009,1,49.00
2025-09-05,SO-001,12,30.00
2025-09-05,SO-002,2,90.00
2025-09-05,SO-003,4,260.00
2025-09-05,SO-004,2,72.00
2025-09-05,SO-005,2,85.00
2025-09-05,SO-006,1,95.00
2025-09-05,SO-008,3,35.00
2025-09-05,SO-009,2,78.00
2025-09-06,FB-001,20,131.25
2025-09-06,FB-002,98,14.70
2025-09-06,FB-003,25,25.20
2025-09-06,FB-004,14,81.90
2025-09-06,FB-005,14,120.75
2025-09-06,FB-006,35,69.30
2025-09-06,FB-007,8,288.75
2025-09-06,FB-008,12,35.70
2025-09-06,FB-009,28,71.40
2025-09-06,HC-001,15,55.00
2025-09-06,HC-002,9,115.00
2025-09-06,HC-003,8,42.00
2025-09-06,HC-004,5,62.00
2025-09-06,HC-005,1,98.00
2025-09-06,HC-006,2,82.00
2025-09-06,HC-007,9,28.00
2025-09-06,HC-008,11,62.00
2025-09-06,HC-009,1,135.00
2025-09-06,HW-001,5,89.25
2025-09-06,HW-002,5,288.75
2025-09-06,HW-003,2,102.90
2025-09-06,HW-006,1,29.40
2025-09-06,HW-008,1,131.25
2025-09-06,HW-010,13,16.80
2025-09-06,PC-001,12,52.00
2025-09-06,PC-002,11,32.00
2025-09-06,PC-003,9,68.00
2025-09-06,PC-004,2,38.00
2025-09-06,PC-005,9,95.00
2025-09-06,PC-006,4,135.00
2025-09-06,PC-007,5,38.00
2025-09-06,PC-008,8,79.00
2025-09-06,PC-009,5,49.00
2025-09-06,SO-001,5,30.00
2025-09-06,SO-002,1,90.00
2025-09-06,SO-003,4,260.00
2025-09-06,SO-004,3,72.00
2025-09-06,SO-005,1,85.00
2025-09-06,SO-006,2,95.00
2025-09-06,SO-007,1,45.00
2025-09-06,SO-008,1,35.00
2025-09-06,SO-009,4,78.00
2025-09-07,FB-001,14,131.25
2025-09-07,FB-002,70,14.70
2025-09-07,FB-003,23,25.20
2025-09-07,FB-004,14,81.90
2025-09-07,FB-005,13,120.75
2025-09-07,FB-006,29,69.30
2025-09-07,FB-007,13,288.75
2025-09-07,FB-008,16,35.70
2025-09-07,FB-009,27,71.40
2025-09-07,HC-001,16,55.00
2025-09-07,HC-002,12,115.00
2025-09-07,HC-003,6,42.00
2025-09-07,HC-004,12,62.00
2025-09-07,HC-005,3,98.00
2025-09-07,HC-006,5,82.00
2025-09-07,HC-007,9,28.00
2025-09-07,HC-008,11,62.00
2025-09-07,HW-001,1,89.25
2025-09-07,HW-002,2,288.75
2025-09-07,HW-003,2,102.90
2025-09-07,HW-005,1,50.40
2025-09-07,HW-006,1,29.40
2025-09-07,HW-010,7,16.80
2025-09-07,PC-001,13,52.00
2025-09-07,PC-002,11,32.00
2025-09-07,PC-003,8,68.00
2025-09-07,PC-004,7,38.00
2025-09-07,PC-005,2,95.00
2025-09-07,PC-006,1,135.00
2025-09-07,PC-007,3,38.00
2025-09-07,PC-008,4,79.00
2025-09-07,PC-009,5,49.00
2025-09-07,SO-001,8,30.00
2025-09-07,SO-002,2,90.00
2025-09-07,SO-006,1,95.00
2025-09-07,SO-007,1,45.00
2025-09-07,SO-008,1,35.00
2025-09-07,SO-009,1,78.00
2025-09-08,FB-001,8,131.25
2025-09-08,FB-002,53,14.70
2025-09-08,FB-003,15,25.20
2025-09-08,FB-004,9,81.90
2025-09-08,FB-005,9,120.75
2025-09-08,FB-006,25,69.30
2025-09-08,FB-007,7,288.75
2025-09-08,FB-008,9,35.70
2025-09-08,FB-009,3,71.40
2025-09-08,HC-001,5,55.00
2025-09-08,HC-002,8,115.00
2025-09-08,HC-003,6,42.00
2025-09-08,HC-004,3,62.00
2025-09-08,HC-005,2,98.00
2025-09-08,HC-006,2,82.00
2025-09-08,HC-007,4,28.00
2025-09-08,HC-008,14,62.00
2025-09-08,HC-009,3,135.00
2025-09-08,HW-002,5,288.75
2025-09-08,HW-003,1,102.90
2025-09-08,HW-004,1,719.25
2025-09-08,HW-005,2,50.40
2025-09-08,HW-006,1,29.40
2025-09-08,HW-010,10,16.80
2025-09-08,PC-001,15,52.00
2025-09-08,PC-002,7,32.00
2025-09-08,PC-003,5,68.00
2025-09-08,PC-004,8,38.00
2025-09-08,PC-005,3,95.00
2025-09-08,PC-006,3,135.00
2025-09-08,PC-007,4,38.00
2025-09-08,PC-009,4,49.00
2025-09-08,SO-001,11,30.00
2025-09-08,SO-002,2,90.00
2025-09-08,SO-003,2,260.00
2025-09-08,SO-004,5,72.00
2025-09-08,SO-005,1,85.00
2025-09-08,SO-007,3,45.00
2025-09-08,SO-008,3,35.00
2025-09-08,SO-009,3,78.00
2025-09-09,FB-001,17,131.25
2025-09-09,FB-002,50,14.70
2025-09-09,FB-003,24,25.20
2025-09-09,FB-004,17,81.90
2025-09-09,FB-005,7,120.75
2025-09-09,FB-006,22,69.30
2025-09-09,FB-007,6,288.75
2025-09-09,FB-008,11,35.70
2025-09-09,FB-009,26,71.40
2025-09-09,HC-001,20,55.00
2025-09-09,HC-002,2,115.00
2025-09-09,HC-003,8,42.00
2025-09-09,HC-004,8,62.00
2025-09-09,HC-005,6,98.00
2025-09-09,HC-006,1,82.00
2025-09-09,HC-007,6,28.00
2025-09-09,HC-008,8,62.00
2025-09-09,HC-009,2,135.00
2025-09-09,HW-001,2,89.25
2025-09-09,HW-002,6,288.75
2025-09-09,HW-003,2,102.90
2025-09-09,HW-006,1,29.40
2025-09-09,HW-010,4,16.80
2025-09-09,PC-001,9,52.00
2025-09-09,PC-002,11,32.00
2025-09-09,PC-003,3,68.00
2025-09-09,PC-004,4,38.00
2025-09-09,PC-005,2,95.00
2025-09-09,PC-006,1,135.00
2025-09-09,PC-007,6,38.00
2025-09-09,PC-008,3,79.00
2025-09-09,PC-009,13,49.00
2025-09-09,SO-001,15,30.00
2025-09-09,SO-002,2,90.00
2025-09-09,SO-003,3,260.00
2025-09-09,SO-004,3,72.00
2025-09-09,SO-005,4,85.00
2025-09-09,SO-006,5,95.00
2025-09-09,SO-007,1,45.00
2025-09-09,SO-008,4,35.00
2025-09-09,SO-009,1,78.00
2025-09-10,FB-001,12,131.25
2025-09-10,FB-002,47,14.70
2025-09-10,FB-003,16,25.20
2025-09-10,FB-004,7,81.90
2025-09-10,FB-005,11,120.75
2025-09-10,FB-006,17,69.30
2025-09-10,FB-007,6,288.75
2025-09-10,FB-008,7,35.70
2025-09-10,FB-009,39,71.40
2025-09-10,HC-001,13,55.00
2025-09-10,HC-002,2,115.00
2025-09-10,HC-003,5,42.00
2025-09-10,HC-004,2,62.00
2025-09-10,HC-005,9,98.00
2025-09-10,HC-006,2,82.00
2025-09-10,HC-007,7,28.00
2025-09-10,HC-008,4,62.00
2025-09-10,HC-009,2,135.00
2025-09-10,HW-001,1,89.25
2025-09-10,HW-002,1,288.75
2025-09-10,HW-006,2,29.40
2025-09-10,HW-010,10,16.80
2025-09-10,PC-001,10,52.00
2025-09-10,PC-002,11,32.00
2025-09-10,PC-003,4,68.00
2025-09-10,PC-004,4,38.00
2025-09-10,PC-005,2,95.00
2025-09-10,PC-006,1,135.00
2025-09-10,PC-007,4,38.00
2025-09-10,PC-008,2,79.00
2025-09-10,PC-009,10,49.00
2025-09-10,SO-001,19,30.00
2025-09-10,SO-002,1,90.00
2025-09-10,SO-003,1,260.00
2025-09-10,SO-004,4,72.00
2025-09-10,SO-005,1,85.00
2025-09-10,SO-006,3,95.00
2025-09-10,SO-007,1,45.00
2025-09-10,SO-008,1,35.00
2025-09-10,SO-009,2,78.00
2025-09-11,FB-001,15,131.25
2025-09-11,FB-002,55,14.70
2025-09-11,FB-003,18,25.20
2025-09-11,FB-004,9,81.90
2025-09-11,FB-005,17,120.75
2025-09-11,FB-006,27,69.30
2025-09-11,FB-007,11,288.75
2025-09-11,FB-008,8,35.70
2025-09-11,FB-009,34,71.40
2025-09-11,HC-001,13,55.00
2025-09-11,HC-002,9,115.00
2025-09-11,HC-003,5,42.00
2025-09-11,HC-005,3,98.00
2025-09-11,HC-006,1,82.00
2025-09-11,HC-007,3,28.00
2025-09-11,HC-008,12,62.00
2025-09-11,HW-002,2,288.75
2025-09-11,HW-004,2,719.25
2025-09-11,HW-005,1,50.40
2025-09-11,HW-010,2,16.80
2025-09-11,PC-001,22,52.00
2025-09-11,PC-002,7,32.00
2025-09-11,PC-003,4,68.00
2025-09-11,PC-004,1,38.00
2025-09-11,PC-005,2,95.00
2025-09-11,PC-006,1,135.00
2025-09-11,PC-007,3,38.00
2025-09-11,PC-008,6,79.00
2025-09-11,PC-009,8,49.00
2025-09-11,SO-001,9,30.00
2025-09-11,SO-002,4,90.00
2025-09-11,SO-003,1,260.00
2025-09-11,SO-004,7,72.00
2025-09-11,SO-005,1,85.00
2025-09-11,SO-006,2,95.00
2025-09-11,SO-007,2,45.00
2025-09-11,SO-008,3,35.00
2025-09-11,SO-009,2,78.00
2025-09-12,FB-001,15,131.25
2025-09-12,FB-002,74,14.70
2025-09-12,FB-003,22,25.20
2025-09-12,FB-004,15,81.90
2025-09-12,FB-005,12,120.75
2025-09-12,FB-006,27,69.30
2025-09-12,FB-007,12,288.75
2025-09-12,FB-008,6,35.70
2025-09-12,FB-009,29,71.40
2025-09-12,HC-001,13,55.00
2025-09-12,HC-002,7,115.00
2025-09-12,HC-003,3,42.00
2025-09-12,HC-004,5,62.00
2025-09-12,HC-005,3,98.00
2025-09-12,HC-006,5,82.00
2025-09-12,HC-007,5,28.00
2025-09-12,HC-008,7,62.00
2025-09-12,HW-001,2,89.25
2025-09-12,HW-002,3,288.75
2025-09-12,HW-004,1,719.25
2025-09-12,HW-005,1,50.40
2025-09-12,HW-006,1,29.40
2025-09-12,HW-008,1,131.25
2025-09-12,HW-010,7,16.80
2025-09-12,PC-001,17,52.00
2025-09-12,PC-002,13,32.00
2025-09-12,PC-003,4,68.00
2025-09-12,PC-004,5,38.00
2025-09-12,PC-005,3,95.00
2025-09-12,PC-006,4,135.00
2025-09-12,PC-007,6,38.00
2025-09-12,PC-008,2,79.00
2025-09-12,PC-009,8,49.00
2025-09-12,SO-001,10,30.00
2025-09-12,SO-002,3,90.00
2025-09-12,SO-003,3,260.00
2025-09-12,SO-004,2,72.00
2025-09-12,SO-005,3,85.00
2025-09-12,SO-006,2,95.00
2025-09-12,SO-007,1,45.00
2025-09-12,SO-008,2,35.00
2025-09-12,SO-009,1,78.00
2025-09-13,FB-001,22,131.25
2025-09-13,FB-002,72,14.70
2025-09-13,FB-003,24,25.20
2025-09-13,FB-004,14,81.90
2025-09-13,FB-005,18,120.75
2025-09-13,FB-006,25,69.30
2025-09-13,FB-007,19,288.75
2025-09-13,FB-008,18,35.70
2025-09-13,FB-009,42,71.40
2025-09-13,HC-001,10,55.00
2025-09-13,HC-002,8,115.00
2025-09-13,HC-003,12,42.00
2025-09-13,HC-004,9,62.00
2025-09-13,HC-005,1,98.00
2025-09-13,HC-006,5,82.00
2025-09-13,HC-007,7,28.00
2025-09-13,HC-008,8,62.00
2025-09-13,HC-009,3,135.00
2025-09-13,HW-001,1,89.25
2025-09-13,HW-002,3,288.75
2025-09-13,HW-004,3,719.25
2025-09-13,HW-006,1,29.40
2025-09-13,HW-007,1,39.90
2025-09-13,HW-010,10,16.80
2025-09-13,PC-001,15,52.00
2025-09-13,PC-002,9,32.00
2025-09-13,PC-003,9,68.00
2025-09-13,PC-004,6,38.00
2025-09-13,PC-005,3,95.00
2025-09-13,PC-006,2,135.00
2025-09-13,PC-007,3,38.00
2025-09-13,PC-008,4,79.00
2025-09-13,PC-009,9,49.00
2025-09-13,SO-001,13,30.00
2025-09-13,SO-002,3,90.00
2025-09-13,SO-004,2,72.00
2025-09-13,SO-005,2,85.00
2025-09-13,SO-006,3,95.00
2025-09-13,SO-007,2,45.00
2025-09-13,SO-008,1,35.00
2025-09-13,SO-009,1,78.00
2025-09-14,FB-001,22,131.25
2025-09-14,FB-002,88,14.70
2025-09-14,FB-003,23,25.20
2025-09-14,FB-004,10,81.90
2025-09-14,FB-005,19,120.75
2025-09-14,FB-006,26,69.30
2025-09-14,FB-007,10,288.75
2025-09-14,FB-008,9,35.70
2025-09-14,FB-009,48,71.40
2025-09-14,HC-001,14,55.00
2025-09-14,HC-002,9,115.00
2025-09-14,HC-003,4,42.00
2025-09-14,HC-004,7,62.00
2025-09-14,HC-005,2,98.00
2025-09-14,HC-006,5,82.00
2025-09-14,HC-007,9,28.00
2025-09-14,HC-008,2,62.00
2025-09-14,HC-009,2,135.00
2025-09-14,HW-001,1,89.25
2025-09-14,HW-002,2,288.75
2025-09-14,HW-003,1,102.90
2025-09-14,HW-006,2,29.40
2025-09-14,HW-010,7,16.80
2025-09-14,PC-001,18,52.00
2025-09-14,PC-002,14,32.00
2025-09-14,PC-003,7,68.00
2025-09-14,PC-004,5,38.00
2025-09-14,PC-005,1,95.00
2025-09-14,PC-006,1,135.00
2025-09-14,PC-007,3,38.00
2025-09-14,PC-008,4,79.00
2025-09-14,PC-009,14,49.00
2025-09-14,SO-001,5,30.00
2025-09-14,SO-002,2,90.00
2025-09-14,SO-003,1,260.00
2025-09-14,SO-004,5,72.00
2025-09-14,SO-005,2,85.00
2025-09-14,SO-008,2,35.00
2025-09-14,SO-009,2,78.00
2025-09-15,FB-001,12,131.25
2025-09-15,FB-002,63,14.70
2025-09-15,FB-003,29,25.20
2025-09-15,FB-004,10,81.90
2025-09-15,FB-005,20,120.75
2025-09-15,FB-006,18,69.30
2025-09-15,FB-007,12,288.75
2025-09-15,FB-008,10,35.70
2025-09-15,FB-009,26,71.40
2025-09-15,HC-001,11,55.00
2025-09-15,HC-002,9,115.00
2025-09-15,HC-003,7,42.00
2025-09-15,HC-004,3,62.00
2025-09-15,HC-005,2,98.00
2025-09-15,HC-007,2,28.00
2025-09-15,HC-008,13,62.00
2025-09-15,HC-009,2,135.00
2025-09-15,HW-001,1,89.25
2025-09-15,HW-002,7,288.75
2025-09-15,HW-003,2,102.90
2025-09-15,HW-005,1,50.40
2025-09-15,HW-006,1,29.40
2025-09-15,HW-008,1,131.25
2025-09-15,HW-010,14,16.80
2025-09-15,PC-001,3,52.00
2025-09-15,PC-002,8,32.00
2025-09-15,PC-003,5,68.00
2025-09-15,PC-004,4,38.00
2025-09-15,PC-005,8,95.00
2025-09-15,PC-006,1,135.00
2025-09-15,PC-008,5,79.00
2025-09-15,PC-009,5,49.00
2025-09-15,SO-001,11,30.00
2025-09-15,SO-002,2,90.00
2025-09-15,SO-003,4,260.00
2025-09-15,SO-004,1,72.00
2025-09-15,SO-005,3,85.00
2025-09-15,SO-006,2,95.00
2025-09-15,SO-007,3,45.00
2025-09-15,SO-008,2,35.00
2025-09-15,SO-009,1,78.00
2025-09-16,FB-001,23,131.25
2025-09-16,FB-002,84,14.70
2025-09-16,FB-003,16,25.20
2025-09-16,FB-004,13,81.90
2025-09-16,FB-005,17,120.75
2025-09-16,FB-006,29,69.30
2025-09-16,FB-007,10,288.75
2025-09-16,FB-008,7,35.70
2025-09-16,FB-009,18,71.40
2025-09-16,HC-001,5,55.00
2025-09-16,HC-002,11,115.00
2025-09-16,HC-003,8,42.00
2025-09-16,HC-004,6,62.00
2025-09-16,HC-005,2,98.00
2025-09-16,HC-006,3,82.00
2025-09-16,HC-007,9,28.00
2025-09-16,HC-008,5,62.00
2025-09-16,HW-001,4,89.25
2025-09-16,HW-002,3,288.75
2025-09-16,HW-003,1,102.90
2025-09-16,HW-006,1,29.40
2025-09-16,HW-010,11,16.80
2025-09-16,PC-001,13,52.00
2025-09-16,PC-002,4,32.00
2025-09-16,PC-003,2,68.00
2025-09-16,PC-004,2,38.00
2025-09-16,PC-005,5,95.00
2025-09-16,PC-006,1,135.00
2025-09-16,PC-007,2,38.00
2025-09-16,PC-008,2,79.00
2025-09-16,PC-009,7,49.00
2025-09-16,SO-001,16,30.00
2025-09-16,SO-002,5,90.00
2025-09-16,SO-003,6,260.00
2025-09-16,SO-004,4,72.00
2025-09-16,SO-005,1,85.00
2025-09-16,SO-006,3,95.00
2025-09-16,SO-008,2,35.00
2025-09-16,SO-009,1,78.00
2025-09-17,FB-001,17,131.25
2025-09-17,FB-002,63,14.70
2025-09-17,FB-003,17,25.20
2025-09-17,FB-004,5,81.90
2025-09-17,FB-005,14,120.75
2025-09-17,FB-006,22,69.30
2025-09-17,FB-007,10,288.75
2025-09-17,FB-008,7,35.70
2025-09-17,FB-009,22,71.40
2025-09-17,HC-001,11,55.00
2025-09-17,HC-002,7,115.00
2025-09-17,HC-003,4,42.00
2025-09-17,HC-004,4,62.00
2025-09-17,HC-005,6,98.00
2025-09-17,HC-006,4,82.00
2025-09-17,HC-007,2,28.00
2025-09-17,HC-008,10,62.00
2025-09-17,HC-009,2,135.00
2025-09-17,HW-001,1,89.25
2025-09-17,HW-002,3,288.75
2025-09-17,HW-003,4,102.90
2025-09-17,HW-010,6,16.80
2025-09-17,PC-001,13,52.00
2025-09-17,PC-002,5,32.00
2025-09-17,PC-003,5,68.00
2025-09-17,PC-004,3,38.00
2025-09-17,PC-005,2,95.00
2025-09-17,PC-006,1,135.00
2025-09-17,PC-007,2,38.00
2025-09-17,PC-008,1,79.00
2025-09-17,PC-009,6,49.00
2025-09-17,SO-001,14,30.00
2025-09-17,SO-002,6,90.00
2025-09-17,SO-003,6,260.00
2025-09-17,SO-004,3,72.00
2025-09-17,SO-005,4,85.00
2025-09-17,SO-006,3,95.00
2025-09-17,SO-007,2,45.00
2025-09-17,SO-008,3,35.00
2025-09-17,SO-009,1,78.00
2025-09-18,FB-001,11,131.25
2025-09-18,FB-002,74,14.70
2025-09-18,FB-003,18,25.20
2025-09-18,FB-004,7,81.90
2025-09-18,FB-005,8,120.75
2025-09-18,FB-006,16,69.30
2025-09-18,FB-007,11,288.75
2025-09-18,FB-008,7,35.70
2025-09-18,FB-009,14,71.40
2025-09-18,HC-001,7,55.00
2025-09-18,HC-002,7,115.00
2025-09-18,HC-003,9,42.00
2025-09-18,HC-004,2,62.00
2025-09-18,HC-006,8,82.00
2025-09-18,HC-007,5,28.00
2025-09-18,HC-008,6,62.00
2025-09-18,HC-009,3,135.00
2025-09-18,HW-001,1,89.25
2025-09-18,HW-002,2,288.75
2025-09-18,HW-003,1,102.90
2025-09-18,HW-004,2,719.25
2025-09-18,HW-005,3,50.40
2025-09-18,HW-006,2,29.40
2025-09-18,HW-007,1,39.90
2025-09-18,HW-010,4,16.80
2025-09-18,PC-001,9,52.00
2025-09-18,PC-002,4,32.00
2025-09-18,PC-003,5,68.00
2025-09-18,PC-004,4,38.00
2025-09-18,PC-005,5,95.00
2025-09-18,PC-006,2,135.00
2025-09-18,PC-007,6,38.00
2025-09-18,PC-008,3,79.00
2025-09-18,PC-009,6,49.00
2025-09-18,SO-001,18,30.00
2025-09-18,SO-002,6,90.00
2025-09-18,SO-003,5,260.00
2025-09-18,SO-004,4,72.00
2025-09-18,SO-005,2,85.00
2025-09-18,SO-006,2,95.00
2025-09-18,SO-007,3,45.00
2025-09-18,SO-008,3,35.00
2025-09-18,SO-009,3,78.00
2025-09-19,FB-001,23,131.25
2025-09-19,FB-002,85,14.70
2025-09-19,FB-003,20,25.20
2025-09-19,FB-004,3,81.90
2025-09-19,FB-005,10,120.75
2025-09-19,FB-006,30,69.30
2025-09-19,FB-007,7,288.75
2025-09-19,FB-008,6,35.70
2025-09-19,FB-009,20,71.40
2025-09-19,HC-001,7,55.00
2025-09-19,HC-002,9,115.00
2025-09-19,HC-003,8,42.00
2025-09-19,HC-004,9,62.00
2025-09-19,HC-005,3,98.00
2025-09-19,HC-006,5,82.00
2025-09-19,HC-007,5,28.00
2025-09-19,HC-008,7,62.00
2025-09-19,HC-009,2,135.00
2025-09-19,HW-001,2,89.25
2025-09-19,HW-002,4,288.75
2025-09-19,HW-003,1,102.90
2025-09-19,HW-004,1,719.25
2025-09-19,HW-006,2,29.40
2025-09-19,HW-010,7,16.80
2025-09-19,PC-001,11,52.00
2025-09-19,PC-002,8,32.00
2025-09-19,PC-003,13,68.00
2025-09-19,PC-004,6,38.00
2025-09-19,PC-005,5,95.00
2025-09-19,PC-007,2,38.00
2025-09-19,PC-008,1,79.00
2025-09-19,PC-009,7,49.00
2025-09-19,SO-001,15,30.00
2025-09-19,SO-002,7,90.00
2025-09-19,SO-003,2,260.00
2025-09-19,SO-004,2,72.00
2025-09-19,SO-005,1,85.00
2025-09-19,SO-006,5,95.00
2025-09-19,SO-007,1,45.00
2025-09-19,SO-008,2,35.00
2025-09-19,SO-009,2,78.00
2025-09-20,FB-001,20,131.25
2025-09-20,FB-002,94,14.70
2025-09-20,FB-003,22,25.20
2025-09-20,FB-004,8,81.90
2025-09-20,FB-005,17,120.75
2025-09-20,FB-006,42,69.30
2025-09-20,FB-008,12,35.70
2025-09-20,FB-009,27,71.40
2025-09-20,HC-001,11,55.00
2025-09-20,HC-002,6,115.00
2025-09-20,HC-003,10,42.00
2025-09-20,HC-004,3,62.00
2025-09-20,HC-005,3,98.00
2025-09-20,HC-006,4,82.00
2025-09-20,HC-007,5,28.00
2025-09-20,HC-008,11,62.00
2025-09-20,HC-009,4,135.00
2025-09-20,HW-001,1,89.25
2025-09-20,HW-002,7,288.75
2025-09-20,HW-003,2,102.90
2025-09-20,HW-004,1,719.25
2025-09-20,HW-006,2,29.40
2025-09-20,HW-010,12,16.80
2025-09-20,PC-001,7,52.00
2025-09-20,PC-002,13,32.00
2025-09-20,PC-003,11,68.00
2025-09-20,PC-004,8,38.00
2025-09-20,PC-005,7,95.00
2025-09-20,PC-006,2,135.00
2025-09-20,PC-007,5,38.00
2025-09-20,PC-008,6,79.00
2025-09-20,PC-009,7,49.00
2025-09-20,SO-001,9,30.00
2025-09-20,SO-002,3,90.00
2025-09-20,SO-003,1,260.00
2025-09-20,SO-004,3,72.00
2025-09-20,SO-005,1,85.00
2025-09-20,SO-006,2,95.00
2025-09-20,SO-007,4,45.00
2025-09-20,SO-008,1,35.00
2025-09-21,FB-001,19,131.25
2025-09-21,FB-002,84,14.70
2025-09-21,FB-003,20,25.20
2025-09-21,FB-004,13,81.90
2025-09-21,FB-005,14,120.75
2025-09-21,FB-006,28,69.30
2025-09-21,FB-008,5,35.70
2025-09-21,FB-009,21,71.40
2025-09-21,HC-001,14,55.00
2025-09-21,HC-002,9,115.00
2025-09-21,HC-003,12,42.00
2025-09-21,HC-004,5,62.00
2025-09-21,HC-005,3,98.00
2025-09-21,HC-006,2,82.00
2025-09-21,HC-007,7,28.00
2025-09-21,HC-008,10,62.00
2025-09-21,HC-009,4,135.00
2025-09-21,HW-001,4,89.25
2025-09-21,HW-002,1,288.75
2025-09-21,HW-004,2,719.25
2025-09-21,HW-005,2,50.40
2025-09-21,HW-008,1,131.25
2025-09-21,HW-010,3,16.80
2025-09-21,PC-001,7,52.00
2025-09-21,PC-002,9,32.00
2025-09-21,PC-003,11,68.00
2025-09-21,PC-004,5,38.00
2025-09-21,PC-005,2,95.00
2025-09-21,PC-006,1,135.00
2025-09-21,PC-007,5,38.00
2025-09-21,PC-008,2,79.00
2025-09-21,PC-009,10,49.00
2025-09-21,SO-001,9,30.00
2025-09-21,SO-003,2,260.00
2025-09-21,SO-004,1,72.00
2025-09-21,SO-006,5,95.00
2025-09-21,SO-007,2,45.00
2025-09-21,SO-008,3,35.00
2025-09-22,FB-001,16,131.25
2025-09-22,FB-002,77,14.70
2025-09-22,FB-003,24,25.20
2025-09-22,FB-004,9,81.90
2025-09-22,FB-005,9,120.75
2025-09-22,FB-006,23,69.30
2025-09-22,FB-007,3,288.75
2025-09-22,FB-008,5,35.70
2025-09-22,FB-009,19,71.40
2025-09-22,HC-001,10,55.00
2025-09-22,HC-002,7,115.00
2025-09-22,HC-004,4,62.00
2025-09-22,HC-005,1,98.00
2025-09-22,HC-006,1,82.00
2025-09-22,HC-007,5,28.00
2025-09-22,HC-008,8,62.00
2025-09-22,HC-009,3,135.00
2025-09-22,HW-001,3,89.25
2025-09-22,HW-002,5,288.75
2025-09-22,HW-003,2,102.90
2025-09-22,HW-004,1,719.25
2025-09-22,HW-005,2,50.40
2025-09-22,HW-006,3,29.40
2025-09-22,HW-007,1,39.90
2025-09-22,HW-010,9,16.80
2025-09-22,PC-001,15,52.00
2025-09-22,PC-002,8,32.00
2025-09-22,PC-003,10,68.00
2025-09-22,PC-004,3,38.00
2025-09-22,PC-005,6,95.00
2025-09-22,PC-006,2,135.00
2025-09-22,PC-007,4,38.00
2025-09-22,PC-008,1,79.00
2025-09-22,PC-009,4,49.00
2025-09-22,SO-001,17,30.00
2025-09-22,SO-002,3,90.00
2025-09-22,SO-003,5,260.00
2025-09-22,SO-004,3,72.00
2025-09-22,SO-005,5,85.00
2025-09-22,SO-006,6,95.00
2025-09-22,SO-007,2,45.00
2025-09-22,SO-008,2,35.00
2025-09-22,SO-009,4,78.00
2025-09-23,FB-001,18,131.25
2025-09-23,FB-002,50,14.70
2025-09-23,FB-003,16,25.20
2025-09-23,FB-004,9,81.90
2025-09-23,FB-005,12,120.75
2025-09-23,FB-006,20,69.30
2025-09-23,FB-007,8,288.75
2025-09-23,FB-008,8,35.70
2025-09-23,FB-009,20,71.40
2025-09-23,HC-001,12,55.00
2025-09-23,HC-002,12,115.00
2025-09-23,HC-003,4,42.00
2025-09-23,HC-004,8,62.00
2025-09-23,HC-005,4,98.00
2025-09-23,HC-006,6,82.00
2025-09-23,HC-007,4,28.00
2025-09-23,HC-008,6,62.00
2025-09-23,HC-009,2,135.00
2025-09-23,HW-001,1,89.25
2025-09-23,HW-002,2,288.75
2025-09-23,HW-007,1,39.90
2025-09-23,HW-010,7,16.80
2025-09-23,PC-001,13,52.00
2025-09-23,PC-002,2,32.00
2025-09-23,PC-003,5,68.00
2025-09-23,PC-004,4,38.00
2025-09-23,PC-005,5,95.00
2025-09-23,PC-007,2,38.00
2025-09-23,PC-008,2,79.00
2025-09-23,PC-009,7,49.00
2025-09-23,SO-001,8,30.00
2025-09-23,SO-002,1,90.00
2025-09-23,SO-003,5,260.00
2025-09-23,SO-004,3,72.00
2025-09-23,SO-006,2,95.00
2025-09-23,SO-007,7,45.00
2025-09-23,SO-008,2,35.00
2025-09-24,FB-001,13,131.25
2025-09-24,FB-002,48,14.70
2025-09-24,FB-003,30,25.20
2025-09-24,FB-004,7,81.90
2025-09-24,FB-005,12,120.75
2025-09-24,FB-006,25,69.30
2025-09-24,FB-007,7,288.75
2025-09-24,FB-008,4,35.70
2025-09-24,FB-009,25,71.40
2025-09-24,HC-001,12,55.00
2025-09-24,HC-002,10,115.00
2025-09-24,HC-003,5,42.00
2025-09-24,HC-004,2,62.00
2025-09-24,HC-005,1,98.00
2025-09-24,HC-007,4,28.00
2025-09-24,HC-008,2,62.00
2025-09-24,HC-009,1,135.00
2025-09-24,HW-001,1,89.25
2025-09-24,HW-002,4,288.75
2025-09-24,HW-003,1,102.90
2025-09-24,HW-006,1,29.40
2025-09-24,HW-010,7,16.80
2025-09-24,PC-001,6,52.00
2025-09-24,PC-002,9,32.00
2025-09-24,PC-003,3,68.00
2025-09-24,PC-004,4,38.00
2025-09-24,PC-005,1,95.00
2025-09-24,PC-006,2,135.00
2025-09-24,PC-007,4,38.00
2025-09-24,PC-008,4,79.00
2025-09-24,PC-009,11,49.00
2025-09-24,SO-001,18,30.00
2025-09-24,SO-002,3,90.00
2025-09-24,SO-003,1,260.00
2025-09-24,SO-004,2,72.00
2025-09-24,SO-005,2,85.00
2025-09-24,SO-006,4,95.00
2025-09-24,SO-007,4,45.00
2025-09-24,SO-008,4,35.00
2025-09-24,SO-009,3,78.00
2025-09-25,FB-001,12,131.25
2025-09-25,FB-002,57,14.70
2025-09-25,FB-003,16,25.20
2025-09-25,FB-004,14,81.90
2025-09-25,FB-005,6,120.75
2025-09-25,FB-006,19,69.30
2025-09-25,FB-007,6,288.75
2025-09-25,FB-008,10,35.70
2025-09-25,FB-009,29,71.40
2025-09-25,HC-001,10,55.00
2025-09-25,HC-002,6,115.00
2025-09-25,HC-003,5,42.00
2025-09-25,HC-004,8,62.00
2025-09-25,HC-006,4,82.00
2025-09-25,HC-007,6,28.00
2025-09-25,HC-008,6,62.00
2025-09-25,HC-009,3,135.00
2025-09-25,HW-001,1,89.25
2025-09-25,HW-002,5,288.75
2025-09-25,HW-003,1,102.90
2025-09-25,HW-004,1,719.25
2025-09-25,HW-006,2,29.40
2025-09-25,HW-010,6,16.80
2025-09-25,PC-001,6,52.00
2025-09-25,PC-002,2,32.00
2025-09-25,PC-003,1,68.00
2025-09-25,PC-004,11,38.00
2025-09-25,PC-005,6,95.00
2025-09-25,PC-006,2,135.00
2025-09-25,PC-007,4,38.00
2025-09-25,PC-008,4,79.00
2025-09-25,PC-009,3,49.00
2025-09-25,SO-001,13,30.00
2025-09-25,SO-002,5,90.00
2025-09-25,SO-003,5,260.00
2025-09-25,SO-004,3,72.00
2025-09-25,SO-005,4,85.00
2025-09-25,SO-006,3,95.00
2025-09-25,SO-007,2,45.00
2025-09-25,SO-008,6,35.00
2025-09-26,FB-001,21,131.25
2025-09-26,FB-002,68,14.70
2025-09-26,FB-003,13,25.20
2025-09-26,FB-004,10,81.90
2025-09-26,FB-005,16,120.75
2025-09-26,FB-006,27,69.30
2025-09-26,FB-007,8,288.75
2025-09-26,FB-008,6,35.70
2025-09-26,FB-009,22,71.40
2025-09-26,HC-001,8,55.00
2025-09-26,HC-002,13,115.00
2025-09-26,HC-003,3,42.00
2025-09-26,HC-005,6,98.00
2025-09-26,HC-006,3,82.00
2025-09-26,HC-007,12,28.00
2025-09-26,HC-008,6,62.00
2025-09-26,HC-009,2,135.00
2025-09-26,HW-001,3,89.25
2025-09-26,HW-002,3,288.75
2025-09-26,HW-003,3,102.90
2025-09-26,HW-004,1,719.25
2025-09-26,HW-005,4,50.40
2025-09-26,HW-006,1,29.40
2025-09-26,HW-007,3,39.90
2025-09-26,HW-008,1,131.25
2025-09-26,HW-010,10,16.80
2025-09-26,PC-001,6,52.00
2025-09-26,PC-002,7,32.00
2025-09-26,PC-003,8,68.00
2025-09-26,PC-004,6,38.00
2025-09-26,PC-005,3,95.00
2025-09-26,PC-006,1,135.00
2025-09-26,PC-007,5,38.00
2025-09-26,PC-008,4,79.00
2025-09-26,PC-009,8,49.00
2025-09-26,SO-001,14,30.00
2025-09-26,SO-002,4,90.00
2025-09-26,SO-003,1,260.00
2025-09-26,SO-004,2,72.00
2025-09-26,SO-005,2,85.00
2025-09-26,SO-006,2,95.00
2025-09-26,SO-007,1,45.00
2025-09-26,SO-008,3,35.00
2025-09-26,SO-009,3,78.00
2025-09-27,FB-001,16,131.25
2025-09-27,FB-002,66,14.70
2025-09-27,FB-003,21,25.20
2025-09-27,FB-004,13,81.90
2025-09-27,FB-005,22,120.75
2025-09-27,FB-006,37,69.30
2025-09-27,FB-007,8,288.75
2025-09-27,FB-008,16,35.70
2025-09-27,FB-009,27,71.40
2025-09-27,HC-001,21,55.00
2025-09-27,HC-002,8,115.00
2025-09-27,HC-003,8,42.00
2025-09-27,HC-004,7,62.00
2025-09-27,HC-005,4,98.00
2025-09-27,HC-007,8,28.00
2025-09-27,HC-008,10,62.00
2025-09-27,HC-009,2,135.00
2025-09-27,HW-002,2,288.75
2025-09-27,HW-003,1,102.90
2025-09-27,HW-005,1,50.40
2025-09-27,HW-008,1,131.25
2025-09-27,HW-010,9,16.80
2025-09-27,PC-001,10,52.00
2025-09-27,PC-002,10,32.00
2025-09-27,PC-003,5,68.00
2025-09-27,PC-004,4,38.00
2025-09-27,PC-005,8,95.00
2025-09-27,PC-006,1,135.00
2025-09-27,PC-007,5,38.00
2025-09-27,PC-008,4,79.00
2025-09-27,PC-009,9,49.00
2025-09-27,SO-001,13,30.00
2025-09-27,SO-002,1,90.00
2025-09-27,SO-003,3,260.00
2025-09-27,SO-004,4,72.00
2025-09-27,SO-005,1,85.00
2025-09-27,SO-007,1,45.00
2025-09-27,SO-008,4,35.00
2025-09-27,SO-009,4,78.00
2025-09-28,FB-001,28,131.25
2025-09-28,FB-002,63,14.70
2025-09-28,FB-003,27,25.20
2025-09-28,FB-004,7,81.90
2025-09-28,FB-005,10,120.75
2025-09-28,FB-006,20,69.30
2025-09-28,FB-007,5,288.75
2025-09-28,FB-008,10,35.70
2025-09-28,FB-009,25,71.40
2025-09-28,HC-001,14,55.00
2025-09-28,HC-002,9,115.00
2025-09-28,HC-003,12,42.00
2025-09-28,HC-004,4,62.00
2025-09-28,HC-005,5,98.00
2025-09-28,HC-006,5,82.00
2025-09-28,HC-007,7,28.00
2025-09-28,HC-008,13,62.00
2025-09-28,HC-009,1,135.00
2025-09-28,HW-001,1,89.25
2025-09-28,PC-001,13,52.00
2025-09-28,PC-002,12,32.00
2025-09-28,PC-003,13,68.00
2025-09-28,PC-004,6,38.00
2025-09-28,PC-005,8,95.00
2025-09-28,PC-006,3,135.00
2025-09-28,PC-007,6,38.00
2025-09-28,PC-009,10,49.00
2025-09-28,SO-001,10,30.00
2025-09-28,SO-002,1,90.00
2025-09-28,SO-003,3,260.00
2025-09-28,SO-005,1,85.00
2025-09-29,FB-001,15,131.25
2025-09-29,FB-002,69,14.70
2025-09-29,FB-003,22,25.20
2025-09-29,FB-004,11,81.90
2025-09-29,FB-005,11,120.75
2025-09-29,FB-006,29,69.30
2025-09-29,FB-007,7,288.75
2025-09-29,FB-008,13,35.70
2025-09-29,FB-009,31,71.40
2025-09-29,HC-001,17,55.00
2025-09-29,HC-002,8,115.00
2025-09-29,HC-003,5,42.00
2025-09-29,HC-004,4,62.00
2025-09-29,HC-005,2,98.00
2025-09-29,HC-006,1,82.00
2025-09-29,HC-007,8,28.00
2025-09-29,HC-008,8,62.00
2025-09-29,HC-009,5,135.00
2025-09-29,HW-001,2,89.25
2025-09-29,HW-002,5,288.75
2025-09-29,HW-006,3,29.40
2025-09-29,HW-010,5,16.80
2025-09-29,PC-001,9,52.00
2025-09-29,PC-002,7,32.00
2025-09-29,PC-003,9,68.00
2025-09-29,PC-004,5,38.00
2025-09-29,PC-005,1,95.00
2025-09-29,PC-006,3,135.00
2025-09-29,PC-007,6,38.00
2025-09-29,PC-008,5,79.00
2025-09-29,PC-009,10,49.00
2025-09-29,SO-001,14,30.00
2025-09-29,SO-002,4,90.00
2025-09-29,SO-003,7,260.00
2025-09-29,SO-004,2,72.00
2025-09-29,SO-005,3,85.00
2025-09-29,SO-006,1,95.00
2025-09-29,SO-008,5,35.00
2025-09-29,SO-009,4,78.00
2025-09-30,FB-001,29,131.25
2025-09-30,FB-002,51,14.70
2025-09-30,FB-003,10,25.20
2025-09-30,FB-004,12,81.90
2025-09-30,FB-005,16,120.75
2025-09-30,FB-006,33,69.30
2025-09-30,FB-007,11,288.75
2025-09-30,FB-008,7,35.70
2025-09-30,FB-009,26,71.40
2025-09-30,HC-001,9,55.00
2025-09-30,HC-002,6,115.00
2025-09-30,HC-003,1,42.00
2025-09-30,HC-004,6,62.00
2025-09-30,HC-005,3,98.00
2025-09-30,HC-006,3,82.00
2025-09-30,HC-007,7,28.00
2025-09-30,HC-008,8,62.00
2025-09-30,HC-009,2,135.00
2025-09-30,HW-001,4,89.25
2025-09-30,HW-002,4,288.75
2025-09-30,HW-004,1,719.25
2025-09-30,HW-010,4,16.80
2025-09-30,PC-001,9,52.00
2025-09-30,PC-002,5,32.00
2025-09-30,PC-004,4,38.00
2025-09-30,PC-005,4,95.00
2025-09-30,PC-006,4,135.00
2025-09-30,PC-007,3,38.00
2025-09-30,PC-008,2,79.00
2025-09-30,PC-009,8,49.00
2025-09-30,SO-001,9,30.00
2025-09-30,SO-002,2,90.00
2025-09-30,SO-003,1,260.00
2025-09-30,SO-004,7,72.00
2025-09-30,SO-006,3,95.00
2025-09-30,SO-008,7,35.00
2025-09-30,SO-009,2,78.00
2025-10-01,FB-001,24,131.25
2025-10-01,FB-002,59,14.70
2025-10-01,FB-003,34,25.20
2025-10-01,FB-004,10,81.90
2025-10-01,FB-005,14,120.75
2025-10-01,FB-006,28,69.30
2025-10-01,FB-007,7,288.75
2025-10-01,FB-008,13,35.70
2025-10-01,FB-009,45,71.40
2025-10-01,HC-001,17,55.00
2025-10-01,HC-002,10,115.00
2025-10-01,HC-003,7,42.00
2025-10-01,HC-004,1,62.00
2025-10-01,HC-005,1,98.00
2025-10-01,HC-006,3,82.00
2025-10-01,HC-007,7,28.00
2025-10-01,HC-008,8,62.00
2025-10-01,HC-009,1,135.00
2025-10-01,HW-001,1,89.25
2025-10-01,HW-002,7,288.75
2025-10-01,HW-005,1,50.40
2025-10-01,HW-006,1,29.40
2025-10-01,HW-010,11,16.80
2025-10-01,PC-001,11,52.00
2025-10-01,PC-002,7,32.00
2025-10-01,PC-003,9,68.00
2025-10-01,PC-004,8,38.00
2025-10-01,PC-005,3,95.00
2025-10-01,PC-006,1,135.00
2025-10-01,PC-007,6,38.00
2025-10-01,PC-008,4,79.00
2025-10-01,PC-009,3,49.00
2025-10-01,SO-001,11,30.00
2025-10-01,SO-002,3,90.00
2025-10-01,SO-003,5,260.00
2025-10-01,SO-004,4,72.00
2025-10-01,SO-005,1,85.00
2025-10-01,SO-006,2,95.00
2025-10-01,SO-008,4,35.00
2025-10-02,FB-001,26,131.25
2025-10-02,FB-002,54,14.70
2025-10-02,FB-003,17,25.20
2025-10-02,FB-004,11,81.90
2025-10-02,FB-005,13,120.75
2025-10-02,FB-006,28,69.30
2025-10-02,FB-007,8,288.75
2025-10-02,FB-008,6,35.70
2025-10-02,FB-009,28,71.40
2025-10-02,HC-001,7,55.00
2025-10-02,HC-002,11,115.00
2025-10-02,HC-003,14,42.00
2025-10-02,HC-004,5,62.00
2025-10-02,HC-005,5,98.00
2025-10-02,HC-006,2,82.00
2025-10-02,HC-007,7,28.00
2025-10-02,HC-008,12,62.00
2025-10-02,HC-009,4,135.00
2025-10-02,HW-001,1,89.25
2025-10-02,HW-002,5,288.75
2025-10-02,HW-003,1,102.90
2025-10-02,HW-005,3,50.40
2025-10-02,HW-006,2,29.40
2025-10-02,HW-010,5,16.80
2025-10-02,PC-001,9,52.00
2025-10-02,PC-002,5,32.00
2025-10-02,PC-003,5,68.00
2025-10-02,PC-004,2,38.00
2025-10-02,PC-005,7,95.00
2025-10-02,PC-006,2,135.00
2025-10-02,PC-007,3,38.00
2025-10-02,PC-008,2,79.00
2025-10-02,PC-009,10,49.00
2025-10-02,SO-001,10,30.00
2025-10-02,SO-002,2,90.00
2025-10-02,SO-003,3,260.00
2025-10-02,SO-004,5,72.00
2025-10-02,SO-007,1,45.00
2025-10-02,SO-008,3,35.00
2025-10-02,SO-009,3,78.00
2025-10-03,FB-001,21,131.25
2025-10-03,FB-002,66,14.70
2025-10-03,FB-003,33,25.20
2025-10-03,FB-004,12,81.90
2025-10-03,FB-005,17,120.75
2025-10-03,FB-006,23,69.30
2025-10-03,FB-007,11,288.75
2025-10-03,FB-008,10,35.70
2025-10-03,FB-009,38,71.40
2025-10-03,HC-001,13,55.00
2025-10-03,HC-002,10,115.00
2025-10-03,HC-003,8,42.00
2025-10-03,HC-004,7,62.00
2025-10-03,HC-005,1,98.00
2025-10-03,HC-006,2,82.00
2025-10-03,HC-007,2,28.00
2025-10-03,HC-008,4,62.00
2025-10-03,HC-009,3,135.00
2025-10-03,HW-001,2,89.25
2025-10-03,HW-002,4,288.75
2025-10-03,HW-003,1,102.90
2025-10-03,HW-004,2,719.25
2025-10-03,HW-008,1,131.25
2025-10-03,HW-010,2,16.80
2025-10-03,PC-001,10,52.00
2025-10-03,PC-002,4,32.00
2025-10-03,PC-003,3,68.00
2025-10-03,PC-004,1,38.00
2025-10-03,PC-005,6,95.00
2025-10-03,PC-007,3,38.00
2025-10-03,PC-008,2,79.00
2025-10-03,PC-009,6,49.00
2025-10-03,SO-001,8,30.00
2025-10-03,SO-002,1,90.00
2025-10-03,SO-003,1,260.00
2025-10-03,SO-004,1,72.00
2025-10-03,SO-005,2,85.00
2025-10-03,SO-006,3,95.00
2025-10-03,SO-007,1,45.00
2025-10-03,SO-008,1,35.00
2025-10-04,FB-001,31,131.25
2025-10-04,FB-002,93,14.70
2025-10-04,FB-003,30,25.20
2025-10-04,FB-004,12,81.90
2025-10-04,FB-005,17,120.75
2025-10-04,FB-006,31,69.30
2025-10-04,FB-007,14,288.75
2025-10-04,FB-008,9,35.70
2025-10-04,FB-009,28,71.40
2025-10-04,HC-001,8,55.00
2025-10-04,HC-002,7,115.00
2025-10-04,HC-003,6,42.00
2025-10-04,HC-004,5,62.00
2025-10-04,HC-005,5,98.00
2025-10-04,HC-006,1,82.00
2025-10-04,HC-007,6,28.00
2025-10-04,HC-008,13,62.00
2025-10-04,HC-009,1,135.00
2025-10-04,HW-001,1,89.25
2025-10-04,HW-002,4,288.75
2025-10-04,HW-004,1,719.25
2025-10-04,HW-006,1,29.40
2025-10-04,HW-010,8,16.80
2025-10-04,PC-001,13,52.00
2025-10-04,PC-002,8,32.00
2025-10-04,PC-003,6,68.00
2025-10-04,PC-004,3,38.00
2025-10-04,PC-005,3,95.00
2025-10-04,PC-006,3,135.00
2025-10-04,PC-007,2,38.00
2025-10-04,PC-008,4,79.00
2025-10-04,PC-009,4,49.00
2025-10-04,SO-001,5,30.00
2025-10-04,SO-003,2,260.00
2025-10-04,SO-004,2,72.00
2025-10-04,SO-005,2,85.00
2025-10-04,SO-006,2,95.00
2025-10-04,SO-007,2,45.00
2025-10-04,SO-008,3,35.00
2025-10-05,FB-001,21,131.25
2025-10-05,FB-002,64,14.70
2025-10-05,FB-003,35,25.20
2025-10-05,FB-004,18,81.90
2025-10-05,FB-005,13,120.75
2025-10-05,FB-006,33,69.30
2025-10-05,FB-007,8,288.75
2025-10-05,FB-008,9,35.70
2025-10-05,FB-009,27,71.40
2025-10-05,HC-001,10,55.00
2025-10-05,HC-002,8,115.00
2025-10-05,HC-003,9,42.00
2025-10-05,HC-004,4,62.00
2025-10-05,HC-005,7,98.00
2025-10-05,HC-006,5,82.00
2025-10-05,HC-007,6,28.00
2025-10-05,HC-008,8,62.00
2025-10-05,HC-009,1,135.00
2025-10-05,HW-001,2,89.25
2025-10-05,HW-010,7,16.80
2025-10-05,PC-001,11,52.00
2025-10-05,PC-002,11,32.00
2025-10-05,PC-003,3,68.00
2025-10-05,PC-004,9,38.00
2025-10-05,PC-005,3,95.00
2025-10-05,PC-006,1,135.00
2025-10-05,PC-007,6,38.00
2025-10-05,PC-008,2,79.00
2025-10-05,PC-009,8,49.00
2025-10-05,SO-001,7,30.00
2025-10-05,SO-003,2,260.00
2025-10-05,SO-004,2,72.00
2025-10-05,SO-005,3,85.00
2025-10-05,SO-006,1,95.00
2025-10-05,SO-007,2,45.00
2025-10-05,SO-008,2,35.00
2025-10-05,SO-009,1,78.00
2025-10-06,FB-001,19,131.25
2025-10-06,FB-002,50,14.70
2025-10-06,FB-003,36,25.20
2025-10-06,FB-004,7,81.90
2025-10-06,FB-005,8,120.75
2025-10-06,FB-006,24,69.30
2025-10-06,FB-007,7,288.75
2025-10-06,FB-008,11,35.70
2025-10-06,FB-009,22,71.40
2025-10-06,HC-001,10,55.00
2025-10-06,HC-002,10,115.00
2025-10-06,HC-003,9,42.00
2025-10-06,HC-004,3,62.00
2025-10-06,HC-005,3,98.00
2025-10-06,HC-007,5,28.00
2025-10-06,HC-008,3,62.00
2025-10-06,HC-009,1,135.00
2025-10-06,HW-001,5,89.25
2025-10-06,HW-002,5,288.75
2025-10-06,HW-003,2,102.90
2025-10-06,HW-005,1,50.40
2025-10-06,HW-010,6,16.80
2025-10-06,PC-001,9,52.00
2025-10-06,PC-002,9,32.00
2025-10-06,PC-003,3,68.00
2025-10-06,PC-004,1,38.00
2025-10-06,PC-005,4,95.00
2025-10-06,PC-006,5,135.00
2025-10-06,PC-007,2,38.00
2025-10-06,PC-008,1,79.00
2025-10-06,PC-009,8,49.00
2025-10-06,SO-001,8,30.00
2025-10-06,SO-002,1,90.00
2025-10-06,SO-003,3,260.00
2025-10-06,SO-004,3,72.00
2025-10-06,SO-005,2,85.00
2025-10-06,SO-006,1,95.00
2025-10-06,SO-007,2,45.00
2025-10-06,SO-008,3,35.00
2025-10-06,SO-009,2,78.00
2025-10-07,FB-001,11,131.25
2025-10-07,FB-002,62,14.70
2025-10-07,FB-003,19,25.20
2025-10-07,FB-004,11,81.90
2025-10-07,FB-005,6,120.75
2025-10-07,FB-006,26,69.30
2025-10-07,FB-007,7,288.75
2025-10-07,FB-008,8,35.70
2025-10-07,FB-009,27,71.40
2025-10-07,HC-001,3,55.00
2025-10-07,HC-002,5,115.00
2025-10-07,HC-003,6,42.00
2025-10-07,HC-004,7,62.00
2025-10-07,HC-005,1,98.00
2025-10-07,HC-006,4,82.00
2025-10-07,HC-007,2,28.00
2025-10-07,HC-008,7,62.00
2025-10-07,HC-009,1,135.00
2025-10-07,HW-001,2,89.25
2025-10-07,HW-002,4,288.75
2025-10-07,HW-005,1,50.40
2025-10-07,HW-006,4,29.40
2025-10-07,HW-010,9,16.80
2025-10-07,PC-001,6,52.00
2025-10-07,PC-002,6,32.00
2025-10-07,PC-003,5,68.00
2025-10-07,PC-004,4,38.00
2025-10-07,PC-005,2,95.00
2025-10-07,PC-006,2,135.00
2025-10-07,PC-008,3,79.00
2025-10-07,PC-009,2,49.00
2025-10-07,SO-001,13,30.00
2025-10-07,SO-004,5,72.00
2025-10-07,SO-005,1,85.00
2025-10-07,SO-006,4,95.00
2025-10-07,SO-007,1,45.00
2025-10-07,SO-008,3,35.00
2025-10-08,FB-001,14,131.25
2025-10-08,FB-002,64,14.70
2025-10-08,FB-003,16,25.20
2025-10-08,FB-004,8,81.90
2025-10-08,FB-005,9,120.75
2025-10-08,FB-006,18,69.30
2025-10-08,FB-007,7,288.75
2025-10-08,FB-008,18,35.70
2025-10-08,FB-009,22,71.40
2025-10-08,HC-001,11,55.00
2025-10-08,HC-002,3,115.00
2025-10-08,HC-003,9,42.00
2025-10-08,HC-004,3,62.00
2025-10-08,HC-005,3,98.00
2025-10-08,HC-006,5,82.00
2025-10-08,HC-007,5,28.00
2025-10-08,HC-008,4,62.00
2025-10-08,HW-001,1,89.25
2025-10-08,HW-002,5,288.75
2025-10-08,HW-003,1,102.90
2025-10-08,HW-010,10,16.80
2025-10-08,PC-001,11,52.00
2025-10-08,PC-002,5,32.00
2025-10-08,PC-003,5,68.00
2025-10-08,PC-004,4,38.00
2025-10-08,PC-005,2,95.00
2025-10-08,PC-006,1,135.00
2025-10-08,PC-007,5,38.00
2025-10-08,PC-008,4,79.00
2025-10-08,PC-009,6,49.00
2025-10-08,SO-001,13,30.00
2025-10-08,SO-002,5,90.00
2025-10-08,SO-003,1,260.00
2025-10-08,SO-004,1,72.00
2025-10-08,SO-005,2,85.00
2025-10-08,SO-006,3,95.00
2025-10-08,SO-007,1,45.00
2025-10-08,SO-009,1,78.00
2025-10-09,FB-001,16,131.25
2025-10-09,FB-002,74,14.70
2025-10-09,FB-003,15,25.20
2025-10-09,FB-004,12,81.90
2025-10-09,FB-005,15,120.75
2025-10-09,FB-006,29,69.30
2025-10-09,FB-007,7,288.75
2025-10-09,FB-008,13,35.70
2025-10-09,FB-009,24,71.40
2025-10-09,HC-001,10,55.00
2025-10-09,HC-002,8,115.00
2025-10-09,HC-003,6,42.00
2025-10-09,HC-004,5,62.00
2025-10-09,HC-005,4,98.00
2025-10-09,HC-006,2,82.00
2025-10-09,HC-007,3,28.00
2025-10-09,HC-008,5,62.00
2025-10-09,HC-009,1,135.00
2025-10-09,HW-001,1,89.25
2025-10-09,HW-003,1,102.90
2025-10-09,HW-006,1,29.40
2025-10-09,HW-007,1,39.90
2025-10-09,HW-008,2,131.25
2025-10-09,HW-010,5,16.80
2025-10-09,PC-001,14,52.00
2025-10-09,PC-002,6,32.00
2025-10-09,PC-003,5,68.00
2025-10-09,PC-004,4,38.00
2025-10-09,PC-005,2,95.00
2025-10-09,PC-007,1,38.00
2025-10-09,PC-008,5,79.00
2025-10-09,PC-009,6,49.00
2025-10-09,SO-001,11,30.00
2025-10-09,SO-003,7,260.00
2025-10-09,SO-004,4,72.00
2025-10-09,SO-005,1,85.00
2025-10-09,SO-006,2,95.00
2025-10-09,SO-007,3,45.00
2025-10-09,SO-008,2,35.00
2025-10-09,SO-009,1,78.00
2025-10-10,FB-001,7,131.25
2025-10-10,FB-002,69,14.70
2025-10-10,FB-003,28,25.20
2025-10-10,FB-004,24,81.90
2025-10-10,FB-005,10,120.75
2025-10-10,FB-006,24,69.30
2025-10-10,FB-007,6,288.75
2025-10-10,FB-008,12,35.70
2025-10-10,FB-009,28,71.40
2025-10-10,HC-001,12,55.00
2025-10-10,HC-002,8,115.00
2025-10-10,HC-003,2,42.00
2025-10-10,HC-004,7,62.00
2025-10-10,HC-005,8,98.00
2025-10-10,HC-006,2,82.00
2025-10-10,HC-007,4,28.00
2025-10-10,HC-008,9,62.00
2025-10-10,HC-009,3,135.00
2025-10-10,HW-001,2,89.25
2025-10-10,HW-002,2,288.75
2025-10-10,HW-003,1,102.90
2025-10-10,HW-005,3,50.40
2025-10-10,HW-010,12,16.80
2025-10-10,PC-001,13,52.00
2025-10-10,PC-002,6,32.00
2025-10-10,PC-003,4,68.00
2025-10-10,PC-004,8,38.00
2025-10-10,PC-005,6,95.00
2025-10-10,PC-006,1,135.00
2025-10-10,PC-007,2,38.00
2025-10-10,PC-008,6,79.00
2025-10-10,PC-009,7,49.00
2025-10-10,SO-001,14,30.00
2025-10-10,SO-002,3,90.00
2025-10-10,SO-003,2,260.00
2025-10-10,SO-004,4,72.00
2025-10-10,SO-005,1,85.00
2025-10-10,SO-006,5,95.00
2025-10-10,SO-007,1,45.00
2025-10-10,SO-008,3,35.00
2025-10-10,SO-009,2,78.00
2025-10-11,FB-001,12,131.25
2025-10-11,FB-002,97,14.70
2025-10-11,FB-003,1,25.20
2025-10-11,FB-004,16,81.90
2025-10-11,FB-005,12,120.75
2025-10-11,FB-006,42,69.30
2025-10-11,FB-007,9,288.75
2025-10-11,FB-008,12,35.70
2025-10-11,FB-009,29,71.40
2025-10-11,HC-001,12,55.00
2025-10-11,HC-002,7,115.00
2025-10-11,HC-003,1,42.00
2025-10-11,HC-004,1,62.00
2025-10-11,HC-005,9,98.00
2025-10-11,HC-006,3,82.00
2025-10-11,HC-007,7,28.00
2025-10-11,HC-008,10,62.00
2025-10-11,HC-009,3,135.00
2025-10-11,HW-001,3,89.25
2025-10-11,HW-002,7,288.75
2025-10-11,HW-003,1,102.90
2025-10-11,HW-004,1,719.25
2025-10-11,HW-010,19,16.80
2025-10-11,PC-001,11,52.00
2025-10-11,PC-002,7,32.00
2025-10-11,PC-003,5,68.00
2025-10-11,PC-004,4,38.00
2025-10-11,PC-005,6,95.00
2025-10-11,PC-006,1,135.00
2025-10-11,PC-007,2,38.00
2025-10-11,PC-008,3,79.00
2025-10-11,PC-009,8,49.00
2025-10-11,SO-001,8,30.00
2025-10-11,SO-002,1,90.00
2025-10-11,SO-003,4,260.00
2025-10-11,SO-004,1,72.00
2025-10-11,SO-006,1,95.00
2025-10-11,SO-008,2,35.00
2025-10-11,SO-009,1,78.00
2025-10-12,FB-001,16,131.25
2025-10-12,FB-002,88,14.70
2025-10-12,FB-004,9,81.90
2025-10-12,FB-005,21,120.75
2025-10-12,FB-006,20,69.30
2025-10-12,FB-007,9,288.75
2025-10-12,FB-008,19,35.70
2025-10-12,FB-009,33,71.40
2025-10-12,HC-001,3,55.00
2025-10-12,HC-002,4,115.00
2025-10-12,HC-003,6,42.00
2025-10-12,HC-004,4,62.00
2025-10-12,HC-005,5,98.00
2025-10-12,HC-006,4,82.00
2025-10-12,HC-007,7,28.00
2025-10-12,HC-008,8,62.00
2025-10-12,HC-009,2,135.00
2025-10-12,HW-001,1,89.25
2025-10-12,HW-002,1,288.75
2025-10-12,HW-003,1,102.90
2025-10-12,HW-005,2,50.40
2025-10-12,HW-010,6,16.80
2025-10-12,PC-001,11,52.00
2025-10-12,PC-002,6,32.00
2025-10-12,PC-003,3,68.00
2025-10-12,PC-004,6,38.00
2025-10-12,PC-005,3,95.00
2025-10-12,PC-006,3,135.00
2025-10-12,PC-007,2,38.00
2025-10-12,PC-008,4,79.00
2025-10-12,PC-009,3,49.00
2025-10-12,SO-001,9,30.00
2025-10-12,SO-002,2,90.00
2025-10-12,SO-004,2,72.00
2025-10-12,SO-006,3,95.00
2025-10-12,SO-008,4,35.00
2025-10-12,SO-009,1,78.00
2025-10-13,FB-001,16,131.25
2025-10-13,FB-002,66,14.70
2025-10-13,FB-003,28,25.20
2025-10-13,FB-004,13,81.90
2025-10-13,FB-005,8,120.75
2025-10-13,FB-006,21,69.30
2025-10-13,FB-007,3,288.75
2025-10-13,FB-008,9,35.70
2025-10-13,FB-009,17,71.40
2025-10-13,HC-001,12,55.00
2025-10-13,HC-002,4,115.00
2025-10-13,HC-003,3,42.00
2025-10-13,HC-004,2,62.00
2025-10-13,HC-005,5,98.00
2025-10-13,HC-006,1,82.00
2025-10-13,HC-007,3,28.00
2025-10-13,HC-008,8,62.00
2025-10-13,HC-009,1,135.00
2025-10-13,HW-001,2,89.25
2025-10-13,HW-002,4,288.75
2025-10-13,HW-003,2,102.90
2025-10-13,HW-005,1,50.40
2025-10-13,HW-006,2,29.40
2025-10-13,HW-010,10,16.80
2025-10-13,PC-001,19,52.00
2025-10-13,PC-002,3,32.00
2025-10-13,PC-003,2,68.00
2025-10-13,PC-004,4,38.00
2025-10-13,PC-005,3,95.00
2025-10-13,PC-006,4,135.00
2025-10-13,PC-007,2,38.00
2025-10-13,PC-008,2,79.00
2025-10-13,PC-009,6,49.00
2025-10-13,SO-001,16,30.00
2025-10-13,SO-002,2,90.00
2025-10-13,SO-003,1,260.00
2025-10-13,SO-004,1,72.00
2025-10-13,SO-005,3,85.00
2025-10-13,SO-006,5,95.00
2025-10-13,SO-007,2,45.00
2025-10-13,SO-008,4,35.00
2025-10-13,SO-009,5,78.00
2025-10-14,FB-001,25,131.25
2025-10-14,FB-002,64,14.70
2025-10-14,FB-003,27,25.20
2025-10-14,FB-004,22,81.90
2025-10-14,FB-005,19,120.75
2025-10-14,FB-006,30,69.30
2025-10-14,FB-007,10,288.75
2025-10-14,FB-008,9,35.70
2025-10-14,FB-009,22,71.40
2025-10-14,HC-001,10,55.00
2025-10-14,HC-002,5,115.00
2025-10-14,HC-003,6,42.00
2025-10-14,HC-004,3,62.00
2025-10-14,HC-005,4,98.00
2025-10-14,HC-006,1,82.00
2025-10-14,HC-007,6,28.00
2025-10-14,HC-008,4,62.00
2025-10-14,HC-009,3,135.00
2025-10-14,HW-002,3,288.75
2025-10-14,HW-007,1,39.90
2025-10-14,HW-010,9,16.80
2025-10-14,PC-001,17,52.00
2025-10-14,PC-002,7,32.00
2025-10-14,PC-003,2,68.00
2025-10-14,PC-004,7,38.00
2025-10-14,PC-005,7,95.00
2025-10-14,PC-006,1,135.00
2025-10-14,PC-007,1,38.00
2025-10-14,PC-008,3,79.00
2025-10-14,PC-009,15,49.00
2025-10-14,SO-001,18,30.00
2025-10-14,SO-002,5,90.00
2025-10-14,SO-003,4,260.00
2025-10-14,SO-004,1,72.00
2025-10-14,SO-005,2,85.00
2025-10-14,SO-006,2,95.00
2025-10-14,SO-007,4,45.00
2025-10-14,SO-008,1,35.00
2025-10-14,SO-009,1,78.00
2025-10-15,FB-001,21,131.25
2025-10-15,FB-002,78,14.70
2025-10-15,FB-003,30,25.20
2025-10-15,FB-004,22,81.90
2025-10-15,FB-005,15,120.75
2025-10-15,FB-006,30,69.30
2025-10-15,FB-007,7,288.75
2025-10-15,FB-008,12,35.70
2025-10-15,FB-009,26,71.40
2025-10-15,HC-001,15,55.00
2025-10-15,HC-002,12,115.00
2025-10-15,HC-003,5,42.00
2025-10-15,HC-004,5,62.00
2025-10-15,HC-005,5,98.00
2025-10-15,HC-006,1,82.00
2025-10-15,HC-007,7,28.00
2025-10-15,HC-008,8,62.00
2025-10-15,HC-009,3,135.00
2025-10-15,HW-001,1,89.25
2025-10-15,HW-002,5,288.75
2025-10-15,HW-003,1,102.90
2025-10-15,HW-005,1,50.40
2025-10-15,HW-006,1,29.40
2025-10-15,HW-010,5,16.80
2025-10-15,PC-001,13,52.00
2025-10-15,PC-002,3,32.00
2025-10-15,PC-003,4,68.00
2025-10-15,PC-004,4,38.00
2025-10-15,PC-005,4,95.00
2025-10-15,PC-006,3,135.00
2025-10-15,PC-007,4,38.00
2025-10-15,PC-008,4,79.00
2025-10-15,PC-009,4,49.00
2025-10-15,SO-001,7,30.00
2025-10-15,SO-002,2,90.00
2025-10-15,SO-003,2,260.00
2025-10-15,SO-004,4,72.00
2025-10-15,SO-005,1,85.00
2025-10-15,SO-006,4,95.00
2025-10-15,SO-007,1,45.00
2025-10-15,SO-008,5,35.00
2025-10-16,FB-001,15,131.25
2025-10-16,FB-002,69,14.70
2025-10-16,FB-003,27,25.20
2025-10-16,FB-004,15,81.90
2025-10-16,FB-005,14,120.75
2025-10-16,FB-006,40,69.30
2025-10-16,FB-007,11,288.75
2025-10-16,FB-008,6,35.70
2025-10-16,FB-009,36,71.40
2025-10-16,HC-001,15,55.00
2025-10-16,HC-002,5,115.00
2025-10-16,HC-003,12,42.00
2025-10-16,HC-004,5,62.00
2025-10-16,HC-005,2,98.00
2025-10-16,HC-006,4,82.00
2025-10-16,HC-007,3,28.00
2025-10-16,HC-008,8,62.00
2025-10-16,HW-001,2,89.25
2025-10-16,HW-002,8,288.75
2025-10-16,HW-003,2,102.90
2025-10-16,HW-005,2,50.40
2025-10-16,HW-006,1,29.40
2025-10-16,HW-010,8,16.80
2025-10-16,PC-001,18,52.00
2025-10-16,PC-002,4,32.00
2025-10-16,PC-003,4,68.00
2025-10-16,PC-004,3,38.00
2025-10-16,PC-005,2,95.00
2025-10-16,PC-006,5,135.00
2025-10-16,PC-007,8,38.00
2025-10-16,PC-008,6,79.00
2025-10-16,PC-009,14,49.00
2025-10-16,SO-001,15,30.00
2025-10-16,SO-002,1,90.00
2025-10-16,SO-003,3,260.00
2025-10-16,SO-004,3,72.00
2025-10-16,SO-005,4,85.00
2025-10-16,SO-006,2,95.00
2025-10-16,SO-007,1,45.00
2025-10-16,SO-008,3,35.00
2025-10-16,SO-009,1,78.00
2025-10-17,FB-001,22,131.25
2025-10-17,FB-002,63,14.70
2025-10-17,FB-003,27,25.20
2025-10-17,FB-004,11,81.90
2025-10-17,FB-005,6,120.75
2025-10-17,FB-006,29,69.30
2025-10-17,FB-007,4,288.75
2025-10-17,FB-008,15,35.70
2025-10-17,FB-009,16,71.40
2025-10-17,HC-001,18,55.00
2025-10-17,HC-002,6,115.00
2025-10-17,HC-003,6,42.00
2025-10-17,HC-004,3,62.00
2025-10-17,HC-005,4,98.00
2025-10-17,HC-006,2,82.00
2025-10-17,HC-007,9,28.00
2025-10-17,HC-008,10,62.00
2025-10-17,HC-009,3,135.00
2025-10-17,HW-001,3,89.25
2025-10-17,HW-002,4,288.75
2025-10-17,HW-003,2,102.90
2025-10-17,HW-004,1,719.25
2025-10-17,HW-010,12,16.80
2025-10-17,PC-001,13,52.00
2025-10-17,PC-002,15,32.00
2025-10-17,PC-003,5,68.00
2025-10-17,PC-004,11,38.00
2025-10-17,PC-005,3,95.00
2025-10-17,PC-006,4,135.00
2025-10-17,PC-007,3,38.00
2025-10-17,PC-008,1,79.00
2025-10-17,PC-009,2,49.00
2025-10-17,SO-001,7,30.00
2025-10-17,SO-002,3,90.00
2025-10-17,SO-003,1,260.00
2025-10-17,SO-004,6,72.00
2025-10-17,SO-005,3,85.00
2025-10-17,SO-006,3,95.00
2025-10-17,SO-007,1,45.00
2025-10-17,SO-008,4,35.00
2025-10-17,SO-009,1,78.00
2025-10-18,FB-001,18,131.25
2025-10-18,FB-002,80,14.70
2025-10-18,FB-003,27,25.20
2025-10-18,FB-004,20,81.90
2025-10-18,FB-005,22,120.75
2025-10-18,FB-006,30,69.30
2025-10-18,FB-007,11,288.75
2025-10-18,FB-008,18,35.70
2025-10-18,FB-009,29,71.40
2025-10-18,HC-001,11,55.00
2025-10-18,HC-002,8,115.00
2025-10-18,HC-003,9,42.00
2025-10-18,HC-004,2,62.00
2025-10-18,HC-005,1,98.00
2025-10-18,HC-006,1,82.00
2025-10-18,HC-007,7,28.00
2025-10-18,HC-008,13,62.00
2025-10-18,HC-009,2,135.00
2025-10-18,HW-001,3,89.25
2025-10-18,HW-002,3,288.75
2025-10-18,HW-004,1,719.25
2025-10-18,HW-005,2,50.40
2025-10-18,HW-010,8,16.80
2025-10-18,PC-001,13,52.00
2025-10-18,PC-002,1,32.00
2025-10-18,PC-003,10,68.00
2025-10-18,PC-004,6,38.00
2025-10-18,PC-005,3,95.00
2025-10-18,PC-007,3,38.00
2025-10-18,PC-008,5,79.00
2025-10-18,PC-009,6,49.00
2025-10-18,SO-001,11,30.00
2025-10-18,SO-002,2,90.00
2025-10-18,SO-003,2,260.00
2025-10-18,SO-005,2,85.00
2025-10-18,SO-006,1,95.00
2025-10-18,SO-007,1,45.00
2025-10-18,SO-008,2,35.00
2025-10-18,SO-009,1,78.00
2025-10-19,FB-001,19,131.25
2025-10-19,FB-002,63,14.70
2025-10-19,FB-003,21,25.20
2025-10-19,FB-004,16,81.90
2025-10-19,FB-005,16,120.75
2025-10-19,FB-006,43,69.30
2025-10-19,FB-007,5,288.75
2025-10-19,FB-008,15,35.70
2025-10-19,FB-009,35,71.40
2025-10-19,HC-001,13,55.00
2025-10-19,HC-002,11,115.00
2025-10-19,HC-003,5,42.00
2025-10-19,HC-004,6,62.00
2025-10-19,HC-005,1,98.00
2025-10-19,HC-006,2,82.00
2025-10-19,HC-007,4,28.00
2025-10-19,HC-008,6,62.00
2025-10-19,HW-001,1,89.25
2025-10-19,HW-002,2,288.75
2025-10-19,HW-005,5,50.40
2025-10-19,HW-010,3,16.80
2025-10-19,PC-001,3,52.00
2025-10-19,PC-002,3,32.00
2025-10-19,PC-003,5,68.00
2025-10-19,PC-004,7,38.00
2025-10-19,PC-005,2,95.00
2025-10-19,PC-006,1,135.00
2025-10-19,PC-007,3,38.00
2025-10-19,PC-008,2,79.00
2025-10-19,PC-009,6,49.00
2025-10-19,SO-001,7,30.00
2025-10-19,SO-002,2,90.00
2025-10-19,SO-003,3,260.00
2025-10-19,SO-006,3,95.00
2025-10-19,SO-008,2,35.00
2025-10-19,SO-009,3,78.00
2025-10-20,FB-001,11,131.25
2025-10-20,FB-002,56,14.70
2025-10-20,FB-003,14,25.20
2025-10-20,FB-004,11,81.90
2025-10-20,FB-005,14,120.75
2025-10-20,FB-006,14,69.30
2025-10-20,FB-007,10,288.75
2025-10-20,FB-008,7,35.70
2025-10-20,FB-009,18,71.40
2025-10-20,HC-001,8,55.00
2025-10-20,HC-002,6,115.00
2025-10-20,HC-003,5,42.00
2025-10-20,HC-004,4,62.00
2025-10-20,HC-005,3,98.00
2025-10-20,HC-006,1,82.00
2025-10-20,HC-007,9,28.00
2025-10-20,HC-008,5,62.00
2025-10-20,HC-009,3,135.00
2025-10-20,HW-001,1,89.25
2025-10-20,HW-002,5,288.75
2025-10-20,HW-003,1,102.90
2025-10-20,HW-005,2,50.40
2025-10-20,HW-007,1,39.90
2025-10-20,HW-010,10,16.80
2025-10-20,PC-002,6,32.00
2025-10-20,PC-003,6,68.00
2025-10-20,PC-004,5,38.00
2025-10-20,PC-005,3,95.00
2025-10-20,PC-006,3,135.00
2025-10-20,PC-007,4,38.00
2025-10-20,PC-009,8,49.00
2025-10-20,SO-001,7,30.00
2025-10-20,SO-002,4,90.00
2025-10-20,SO-003,3,260.00
2025-10-20,SO-004,1,72.00
2025-10-20,SO-005,1,85.00
2025-10-20,SO-006,2,95.00
2025-10-20,SO-008,4,35.00
2025-10-21,FB-001,22,131.25
2025-10-21,FB-002,51,14.70
2025-10-21,FB-003,11,25.20
2025-10-21,FB-004,9,81.90
2025-10-21,FB-005,8,120.75
2025-10-21,FB-006,19,69.30
2025-10-21,FB-007,5,288.75
2025-10-21,FB-008,8,35.70
2025-10-21,FB-009,27,71.40
2025-10-21,HC-001,11,55.00
2025-10-21,HC-002,4,115.00
2025-10-21,HC-003,5,42.00
2025-10-21,HC-004,7,62.00
2025-10-21,HC-005,3,98.00
2025-10-21,HC-006,1,82.00
2025-10-21,HC-007,3,28.00
2025-10-21,HC-008,5,62.00
2025-10-21,HC-009,2,135.00
2025-10-21,HW-001,2,89.25
2025-10-21,HW-002,3,288.75
2025-10-21,HW-004,2,719.25
2025-10-21,HW-006,1,29.40
2025-10-21,HW-008,1,131.25
2025-10-21,HW-010,10,16.80
2025-10-21,PC-002,11,32.00
2025-10-21,PC-003,5,68.00
2025-10-21,PC-004,1,38.00
2025-10-21,PC-005,2,95.00
2025-10-21,PC-006,1,135.00
2025-10-21,PC-007,2,38.00
2025-10-21,PC-008,1,79.00
2025-10-21,PC-009,6,49.00
2025-10-21,SO-001,8,30.00
2025-10-21,SO-002,6,90.00
2025-10-21,SO-003,2,260.00
2025-10-21,SO-004,5,72.00
2025-10-21,SO-005,1,85.00
2025-10-21,SO-006,3,95.00
2025-10-21,SO-007,2,45.00
2025-10-21,SO-008,5,35.00
2025-10-21,SO-009,2,78.00
2025-10-22,FB-001,10,131.25
2025-10-22,FB-002,49,14.70
2025-10-22,FB-003,22,25.20
2025-10-22,FB-004,15,81.90
2025-10-22,FB-005,10,120.75
2025-10-22,FB-006,29,69.30
2025-10-22,FB-007,4,288.75
2025-10-22,FB-008,11,35.70
2025-10-22,FB-009,24,71.40
2025-10-22,HC-001,11,55.00
2025-10-22,HC-002,5,115.00
2025-10-22,HC-003,3,42.00
2025-10-22,HC-004,3,62.00
2025-10-22,HC-005,4,98.00
2025-10-22,HC-006,5,82.00
2025-10-22,HC-007,6,28.00
2025-10-22,HC-008,2,62.00
2025-10-22,HC-009,3,135.00
2025-10-22,HW-001,2,89.25
2025-10-22,HW-002,1,288.75
2025-10-22,HW-003,1,102.90
2025-10-22,HW-008,1,131.25
2025-10-22,HW-010,11,16.80
2025-10-22,PC-001,10,52.00
2025-10-22,PC-002,8,32.00
2025-10-22,PC-003,5,68.00
2025-10-22,PC-005,8,95.00
2025-10-22,PC-006,3,135.00
2025-10-22,PC-007,4,38.00
2025-10-22,PC-008,2,79.00
2025-10-22,PC-009,5,49.00
2025-10-22,SO-001,9,30.00
2025-10-22,SO-002,3,90.00
2025-10-22,SO-003,4,260.00
2025-10-22,SO-004,2,72.00
2025-10-22,SO-005,1,85.00
2025-10-22,SO-006,5,95.00
2025-10-22,SO-008,3,35.00
2025-10-22,SO-009,1,78.00
2025-10-23,FB-001,14,131.25
2025-10-23,FB-002,56,14.70
2025-10-23,FB-003,22,25.20
2025-10-23,FB-004,11,81.90
2025-10-23,FB-005,15,120.75
2025-10-23,FB-006,29,69.30
2025-10-23,FB-007,8,288.75
2025-10-23,FB-008,10,35.70
2025-10-23,FB-009,31,71.40
2025-10-23,HC-001,11,55.00
2025-10-23,HC-002,6,115.00
2025-10-23,HC-003,3,42.00
2025-10-23,HC-004,3,62.00
2025-10-23,HC-005,6,98.00
2025-10-23,HC-006,1,82.00
2025-10-23,HC-007,5,28.00
2025-10-23,HC-008,6,62.00
2025-10-23,HC-009,1,135.00
2025-10-23,HW-001,1,89.25
2025-10-23,HW-002,1,288.75
2025-10-23,HW-006,1,29.40
2025-10-23,HW-010,8,16.80
2025-10-23,PC-001,14,52.00
2025-10-23,PC-002,13,32.00
2025-10-23,PC-003,1,68.00
2025-10-23,PC-004,4,38.00
2025-10-23,PC-005,10,95.00
2025-10-23,PC-006,1,135.00
2025-10-23,PC-007,2,38.00
2025-10-23,PC-008,2,79.00
2025-10-23,PC-009,7,49.00
2025-10-23,SO-001,6,30.00
2025-10-23,SO-002,4,90.00
2025-10-23,SO-003,2,260.00
2025-10-23,SO-004,6,72.00
2025-10-23,SO-005,1,85.00
2025-10-23,SO-006,2,95.00
2025-10-23,SO-007,1,45.00
2025-10-23,SO-008,2,35.00
2025-10-23,SO-009,3,78.00
2025-10-24,FB-001,13,131.25
2025-10-24,FB-002,101,14.70
2025-10-24,FB-003,28,25.20
2025-10-24,FB-004,18,81.90
2025-10-24,FB-005,17,120.75
2025-10-24,FB-006,20,69.30
2025-10-24,FB-007,8,288.75
2025-10-24,FB-008,7,35.70
2025-10-24,FB-009,32,71.40
2025-10-24,HC-001,7,55.00
2025-10-24,HC-002,9,115.00
2025-10-24,HC-003,2,42.00
2025-10-24,HC-004,4,62.00
2025-10-24,HC-005,6,98.00
2025-10-24,HC-006,4,82.00
2025-10-24,HC-007,8,28.00
2025-10-24,HC-008,7,62.00
2025-10-24,HC-009,2,135.00
2025-10-24,HW-001,2,89.25
2025-10-24,HW-002,4,288.75
2025-10-24,HW-010,9,16.80
2025-10-24,PC-001,12,52.00
2025-10-24,PC-002,5,32.00
2025-10-24,PC-003,3,68.00
2025-10-24,PC-004,4,38.00
2025-10-24,PC-005,3,95.00
2025-10-24,PC-006,2,135.00
2025-10-24,PC-007,1,38.00
2025-10-24,PC-008,5,79.00
2025-10-24,PC-009,7,49.00
2025-10-24,SO-001,6,30.00
2025-10-24,SO-002,2,90.00
2025-10-24,SO-003,4,260.00
2025-10-24,SO-004,10,72.00
2025-10-24,SO-007,1,45.00
2025-10-24,SO-008,2,35.00
2025-10-24,SO-009,1,78.00
2025-10-25,FB-001,35,131.25
2025-10-25,FB-002,62,14.70
2025-10-25,FB-003,22,25.20
2025-10-25,FB-004,14,81.90
2025-10-25,FB-005,18,120.75
2025-10-25,FB-006,35,69.30
2025-10-25,FB-007,15,288.75
2025-10-25,FB-008,10,35.70
2025-10-25,FB-009,46,71.40
2025-10-25,HC-001,13,55.00
2025-10-25,HC-002,13,115.00
2025-10-25,HC-003,5,42.00
2025-10-25,HC-004,4,62.00
2025-10-25,HC-005,7,98.00
2025-10-25,HC-006,3,82.00
2025-10-25,HC-007,5,28.00
2025-10-25,HC-008,11,62.00
2025-10-25,HW-002,6,288.75
2025-10-25,HW-003,1,102.90
2025-10-25,HW-004,2,719.25
2025-10-25,HW-006,1,29.40
2025-10-25,HW-010,8,16.80
2025-10-25,PC-001,15,52.00
2025-10-25,PC-002,10,32.00
2025-10-25,PC-003,5,68.00
2025-10-25,PC-004,7,38.00
2025-10-25,PC-005,5,95.00
2025-10-25,PC-006,1,135.00
2025-10-25,PC-007,1,38.00
2025-10-25,PC-008,4,79.00
2025-10-25,PC-009,8,49.00
2025-10-25,SO-001,8,30.00
2025-10-25,SO-002,1,90.00
2025-10-25,SO-003,1,260.00
2025-10-25,SO-004,1,72.00
2025-10-25,SO-006,1,95.00
2025-10-25,SO-008,1,35.00
2025-10-25,SO-009,3,78.00
2025-10-26,FB-001,23,131.25
2025-10-26,FB-002,76,14.70
2025-10-26,FB-003,24,25.20
2025-10-26,FB-004,17,81.90
2025-10-26,FB-005,17,120.75
2025-10-26,FB-006,43,69.30
2025-10-26,FB-007,8,288.75
2025-10-26,FB-008,12,35.70
2025-10-26,FB-009,44,71.40
2025-10-26,HC-001,10,55.00
2025-10-26,HC-002,17,115.00
2025-10-26,HC-003,8,42.00
2025-10-26,HC-004,6,62.00
2025-10-26,HC-005,9,98.00
2025-10-26,HC-007,6,28.00
2025-10-26,HC-008,12,62.00
2025-10-26,HC-009,3,135.00
2025-10-26,HW-002,3,288.75
2025-10-26,HW-008,1,131.25
2025-10-26,HW-010,6,16.80
2025-10-26,PC-001,10,52.00
2025-10-26,PC-002,17,32.00
2025-10-26,PC-003,9,68.00
2025-10-26,PC-004,3,38.00
2025-10-26,PC-005,4,95.00
2025-10-26,PC-006,1,135.00
2025-10-26,PC-007,1,38.00
2025-10-26,PC-008,3,79.00
2025-10-26,PC-009,13,49.00
2025-10-26,SO-001,4,30.00
2025-10-26,SO-002,1,90.00
2025-10-26,SO-005,2,85.00
2025-10-26,SO-006,1,95.00
2025-10-26,SO-008,3,35.00
2025-10-27,FB-001,5,131.25
2025-10-27,FB-002,52,14.70
2025-10-27,FB-003,13,25.20
2025-10-27,FB-004,9,81.90
2025-10-27,FB-005,13,120.75
2025-10-27,FB-006,16,69.30
2025-10-27,FB-007,10,288.75
2025-10-27,FB-008,11,35.70
2025-10-27,FB-009,25,71.40
2025-10-27,HC-001,12,55.00
2025-10-27,HC-002,6,115.00
2025-10-27,HC-003,5,42.00
2025-10-27,HC-004,5,62.00
2025-10-27,HC-005,8,98.00
2025-10-27,HC-006,4,82.00
2025-10-27,HC-007,8,28.00
2025-10-27,HC-008,4,62.00
2025-10-27,HC-009,2,135.00
2025-10-27,HW-001,1,89.25
2025-10-27,HW-002,1,288.75
2025-10-27,HW-010,5,16.80
2025-10-27,PC-001,8,52.00
2025-10-27,PC-002,10,32.00
2025-10-27,PC-003,3,68.00
2025-10-27,PC-004,3,38.00
2025-10-27,PC-006,1,135.00
2025-10-27,PC-007,5,38.00
2025-10-27,PC-008,3,79.00
2025-10-27,PC-009,8,49.00
2025-10-27,SO-001,10,30.00
2025-10-27,SO-002,5,90.00
2025-10-27,SO-003,4,260.00
2025-10-27,SO-004,2,72.00
2025-10-27,SO-005,3,85.00
2025-10-27,SO-006,2,95.00
2025-10-27,SO-007,2,45.00
2025-10-27,SO-008,3,35.00
2025-10-27,SO-009,3,78.00
2025-10-28,FB-001,13,131.25
2025-10-28,FB-002,75,14.70
2025-10-28,FB-003,18,25.20
2025-10-28,FB-004,11,81.90
2025-10-28,FB-005,11,120.75
2025-10-28,FB-006,33,69.30
2025-10-28,FB-007,5,288.75
2025-10-28,FB-008,16,35.70
2025-10-28,FB-009,30,71.40
2025-10-28,HC-001,9,55.00
2025-10-28,HC-002,9,115.00
2025-10-28,HC-003,1,42.00
2025-10-28,HC-004,5,62.00
2025-10-28,HC-005,3,98.00
2025-10-28,HC-006,4,82.00
2025-10-28,HC-007,8,28.00
2025-10-28,HC-008,7,62.00
2025-10-28,HC-009,2,135.00
2025-10-28,HW-001,1,89.25
2025-10-28,HW-002,4,288.75
2025-10-28,HW-006,1,29.40
2025-10-28,HW-008,1,131.25
2025-10-28,HW-010,8,16.80
2025-10-28,PC-001,6,52.00
2025-10-28,PC-003,4,68.00
2025-10-28,PC-004,3,38.00
2025-10-28,PC-005,3,95.00
2025-10-28,PC-006,2,135.00
2025-10-28,PC-007,2,38.00
2025-10-28,PC-008,5,79.00
2025-10-28,PC-009,12,49.00
2025-10-28,SO-001,11,30.00
2025-10-28,SO-002,5,90.00
2025-10-28,SO-003,4,260.00
2025-10-28,SO-004,6,72.00
2025-10-28,SO-005,4,85.00
2025-10-28,SO-006,1,95.00
2025-10-28,SO-008,4,35.00
2025-10-28,SO-009,3,78.00
2025-10-29,FB-001,18,131.25
2025-10-29,FB-002,82,14.70
2025-10-29,FB-003,17,25.20
2025-10-29,FB-004,6,81.90
2025-10-29,FB-005,12,120.75
2025-10-29,FB-006,19,69.30
2025-10-29,FB-007,5,288.75
2025-10-29,FB-008,6,35.70
2025-10-29,FB-009,19,71.40
2025-10-29,HC-001,9,55.00
2025-10-29,HC-002,10,115.00
2025-10-29,HC-003,9,42.00
2025-10-29,HC-004,2,62.00
2025-10-29,HC-005,3,98.00
2025-10-29,HC-006,4,82.00
2025-10-29,HC-007,5,28.00
2025-10-29,HC-008,11,62.00
2025-10-29,HC-009,1,135.00
2025-10-29,HW-001,2,89.25
2025-10-29,HW-002,5,288.75
2025-10-29,HW-003,1,102.90
2025-10-29,HW-005,1,50.40
2025-10-29,HW-006,1,29.40
2025-10-29,HW-010,12,16.80
2025-10-29,PC-001,14,52.00
2025-10-29,PC-003,6,68.00
2025-10-29,PC-004,4,38.00
2025-10-29,PC-005,2,95.00
2025-10-29,PC-006,2,135.00
2025-10-29,PC-007,3,38.00
2025-10-29,PC-008,3,79.00
2025-10-29,PC-009,6,49.00
2025-10-29,SO-001,4,30.00
2025-10-29,SO-002,1,90.00
2025-10-29,SO-003,4,260.00
2025-10-29,SO-004,2,72.00
2025-10-29,SO-005,2,85.00
2025-10-29,SO-006,3,95.00
2025-10-29,SO-007,1,45.00
2025-10-29,SO-008,4,35.00
2025-10-29,SO-009,2,78.00
2025-10-30,FB-001,21,131.25
2025-10-30,FB-002,97,14.70
2025-10-30,FB-003,17,25.20
2025-10-30,FB-004,19,81.90
2025-10-30,FB-005,19,120.75
2025-10-30,FB-006,28,69.30
2025-10-30,FB-007,6,288.75
2025-10-30,FB-008,18,35.70
2025-10-30,FB-009,42,71.40
2025-10-30,HC-001,13,55.00
2025-10-30,HC-002,5,115.00
2025-10-30,HC-003,9,42.00
2025-10-30,HC-004,4,62.00
2025-10-30,HC-005,1,98.00
2025-10-30,HC-006,2,82.00
2025-10-30,HC-007,7,28.00
2025-10-30,HC-008,9,62.00
2025-10-30,HC-009,1,135.00
2025-10-30,HW-001,2,89.25
2025-10-30,HW-002,4,288.75
2025-10-30,HW-005,3,50.40
2025-10-30,HW-008,3,131.25
2025-10-30,HW-010,13,16.80
2025-10-30,PC-001,6,52.00
2025-10-30,PC-002,7,32.00
2025-10-30,PC-003,11,68.00
2025-10-30,PC-004,1,38.00
2025-10-30,PC-005,3,95.00
2025-10-30,PC-006,3,135.00
2025-10-30,PC-007,6,38.00
2025-10-30,PC-008,2,79.00
2025-10-30,PC-009,13,49.00
2025-10-30,SO-001,8,30.00
2025-10-30,SO-002,3,90.00
2025-10-30,SO-003,3,260.00
2025-10-30,SO-004,4,72.00
2025-10-30,SO-005,4,85.00
2025-10-30,SO-006,1,95.00
2025-10-30,SO-007,1,45.00
2025-10-30,SO-008,3,35.00
2025-10-31,FB-001,24,131.25
2025-10-31,FB-002,116,14.70
2025-10-31,FB-003,24,25.20
2025-10-31,FB-004,11,81.90
2025-10-31,FB-005,26,120.75
2025-10-31,FB-006,39,69.30
2025-10-31,FB-007,8,288.75
2025-10-31,FB-008,19,35.70
2025-10-31,FB-009,38,71.40
2025-10-31,HC-001,13,55.00
2025-10-31,HC-002,14,115.00
2025-10-31,HC-003,7,42.00
2025-10-31,HC-004,7,62.00
2025-10-31,HC-005,2,98.00
2025-10-31,HC-006,3,82.00
2025-10-31,HC-007,5,28.00
2025-10-31,HC-008,6,62.00
2025-10-31,HC-009,7,135.00
2025-10-31,HW-001,3,89.25
2025-10-31,HW-002,5,288.75
2025-10-31,HW-004,1,719.25
2025-10-31,HW-006,1,29.40
2025-10-31,HW-010,6,16.80
2025-10-31,PC-001,17,52.00
2025-10-31,PC-002,6,32.00
2025-10-31,PC-003,15,68.00
2025-10-31,PC-004,4,38.00
2025-10-31,PC-005,4,95.00
2025-10-31,PC-006,6,135.00
2025-10-31,PC-007,3,38.00
2025-10-31,PC-008,4,79.00
2025-10-31,PC-009,10,49.00
2025-10-31,SO-001,8,30.00
2025-10-31,SO-002,1,90.00
2025-10-31,SO-003,1,260.00
2025-10-31,SO-004,5,72.00
2025-10-31,SO-006,1,95.00
2025-10-31,SO-008,2,35.00
2025-10-31,SO-009,3,78.00
2025-11-01,FB-001,39,131.25
2025-11-01,FB-002,149,14.70
2025-11-01,FB-003,32,25.20
2025-11-01,FB-005,22,120.75
2025-11-01,FB-006,55,69.30
2025-11-01,FB-007,8,288.75
2025-11-01,FB-008,22,35.70
2025-11-01,FB-009,61,71.40
2025-11-01,HC-001,18,55.00
2025-11-01,HC-002,6,115.00
2025-11-01,HC-003,16,42.00
2025-11-01,HC-004,5,62.00
2025-11-01,HC-005,6,98.00
2025-11-01,HC-006,3,82.00
2025-11-01,HC-007,7,28.00
2025-11-01,HC-008,13,62.00
2025-11-01,HC-009,2,135.00
2025-11-01,HW-001,4,89.25
2025-11-01,HW-002,3,288.75
2025-11-01,HW-003,1,102.90
2025-11-01,HW-004,1,719.25
2025-11-01,HW-005,1,50.40
2025-11-01,HW-006,4,29.40
2025-11-01,HW-008,2,131.25
2025-11-01,HW-010,13,16.80
2025-11-01,PC-001,12,52.00
2025-11-01,PC-002,12,32.00
2025-11-01,PC-003,15,68.00
2025-11-01,PC-004,7,38.00
2025-11-01,PC-005,2,95.00
2025-11-01,PC-006,1,135.00
2025-11-01,PC-007,4,38.00
2025-11-01,PC-008,6,79.00
2025-11-01,PC-009,9,49.00
2025-11-01,SO-001,6,30.00
2025-11-01,SO-003,2,260.00
2025-11-01,SO-004,2,72.00
2025-11-01,SO-005,4,85.00
2025-11-01,SO-006,1,95.00
2025-11-01,SO-007,3,45.00
2025-11-01,SO-008,1,35.00
2025-11-02,FB-001,25,131.25
2025-11-02,FB-002,103,14.70
2025-11-02,FB-003,28,25.20
2025-11-02,FB-004,13,81.90
2025-11-02,FB-005,20,120.75
2025-11-02,FB-006,35,69.30
2025-11-02,FB-007,15,288.75
2025-11-02,FB-008,11,35.70
2025-11-02,FB-009,29,71.40
2025-11-02,HC-001,11,55.00
2025-11-02,HC-002,9,115.00
2025-11-02,HC-003,7,42.00
2025-11-02,HC-004,7,62.00
2025-11-02,HC-005,7,98.00
2025-11-02,HC-006,2,82.00
2025-11-02,HC-007,7,28.00
2025-11-02,HC-008,9,62.00
2025-11-02,HC-009,10,135.00
2025-11-02,HW-001,3,89.25
2025-11-02,HW-002,1,288.75
2025-11-02,HW-003,1,102.90
2025-11-02,HW-007,2,39.90
2025-11-02,HW-010,13,16.80
2025-11-02,PC-001,6,52.00
2025-11-02,PC-002,7,32.00
2025-11-02,PC-003,7,68.00
2025-11-02,PC-004,3,38.00
2025-11-02,PC-005,4,95.00
2025-11-02,PC-006,1,135.00
2025-11-02,PC-007,6,38.00
2025-11-02,PC-008,4,79.00
2025-11-02,PC-009,3,49.00
2025-11-02,SO-001,9,30.00
2025-11-02,SO-003,2,260.00
2025-11-02,SO-004,2,72.00
2025-11-02,SO-005,2,85.00
2025-11-02,SO-006,2,95.00
2025-11-02,SO-008,1,35.00
2025-11-02,SO-009,2,78.00
2025-11-03,FB-001,21,131.25
2025-11-03,FB-002,67,14.70
2025-11-03,FB-003,19,25.20
2025-11-03,FB-004,10,81.90
2025-11-03,FB-005,17,120.75
2025-11-03,FB-006,32,69.30
2025-11-03,FB-007,11,288.75
2025-11-03,FB-009,8,71.40
2025-11-03,FB-010,5,162.75
2025-11-03,HC-001,8,55.00
2025-11-03,HC-002,18,115.00
2025-11-03,HC-003,2,42.00
2025-11-03,HC-004,7,62.00
2025-11-03,HC-005,2,98.00
2025-11-03,HC-006,5,82.00
2025-11-03,HC-007,7,28.00
2025-11-03,HC-008,6,62.00
2025-11-03,HC-009,2,135.00
2025-11-03,HW-001,2,89.25
2025-11-03,HW-002,5,288.75
2025-11-03,HW-005,2,50.40
2025-11-03,HW-006,1,29.40
2025-11-03,HW-008,1,131.25
2025-11-03,HW-010,9,16.80
2025-11-03,PC-001,16,52.00
2025-11-03,PC-002,4,32.00
2025-11-03,PC-003,5,68.00
2025-11-03,PC-004,2,38.00
2025-11-03,PC-005,5,95.00
2025-11-03,PC-007,6,38.00
2025-11-03,PC-008,4,79.00
2025-11-03,PC-009,8,49.00
2025-11-03,SO-001,10,30.00
2025-11-03,SO-002,2,90.00
2025-11-03,SO-004,4,72.00
2025-11-03,SO-005,2,85.00
2025-11-03,SO-006,1,95.00
2025-11-03,SO-008,1,35.00
2025-11-03,SO-009,3,78.00
2025-11-04,FB-001,17,131.25
2025-11-04,FB-002,54,14.70
2025-11-04,FB-003,16,25.20
2025-11-04,FB-004,7,81.90
2025-11-04,FB-005,15,120.75
2025-11-04,FB-006,28,69.30
2025-11-04,FB-007,6,288.75
2025-11-04,FB-010,2,162.75
2025-11-04,HC-001,10,55.00
2025-11-04,HC-002,6,115.00
2025-11-04,HC-003,6,42.00
2025-11-04,HC-004,6,62.00
2025-11-04,HC-005,1,98.00
2025-11-04,HC-006,1,82.00
2025-11-04,HC-007,14,28.00
2025-11-04,HC-008,6,62.00
2025-11-04,HC-009,2,135.00
2025-11-04,HW-001,2,89.25
2025-11-04,HW-002,3,288.75
2025-11-04,HW-003,2,102.90
2025-11-04,HW-004,1,719.25
2025-11-04,HW-005,2,50.40
2025-11-04,HW-006,2,29.40
2025-11-04,HW-007,1,39.90
2025-11-04,HW-010,6,16.80
2025-11-04,PC-001,5,52.00
2025-11-04,PC-002,6,32.00
2025-11-04,PC-003,2,68.00
2025-11-04,PC-004,6,38.00
2025-11-04,PC-005,3,95.00
2025-11-04,PC-006,2,135.00
2025-11-04,PC-007,3,38.00
2025-11-04,PC-008,4,79.00
2025-11-04,SO-001,5,30.00
2025-11-04,SO-002,4,90.00
2025-11-04,SO-003,3,260.00
2025-11-04,SO-004,3,72.00
2025-11-04,SO-005,2,85.00
2025-11-04,SO-006,3,95.00
2025-11-04,SO-007,3,45.00
2025-11-04,SO-008,4,35.00
2025-11-04,SO-009,1,78.00
2025-11-05,FB-001,12,131.25
2025-11-05,FB-002,69,14.70
2025-11-05,FB-003,17,25.20
2025-11-05,FB-004,5,81.90
2025-11-05,FB-005,11,120.75
2025-11-05,FB-006,2,69.30
2025-11-05,FB-007,10,288.75
2025-11-05,FB-008,10,35.70
2025-11-05,FB-010,4,162.75
2025-11-05,HC-001,5,55.00
2025-11-05,HC-002,3,115.00
2025-11-05,HC-003,2,42.00
2025-11-05,HC-004,3,62.00
2025-11-05,HC-005,3,98.00
2025-11-05,HC-006,5,82.00
2025-11-05,HC-007,7,28.00
2025-11-05,HC-008,4,62.00
2025-11-05,HC-009,2,135.00
2025-11-05,HW-001,2,89.25
2025-11-05,HW-002,7,288.75
2025-11-05,HW-003,1,102.90
2025-11-05,HW-005,1,50.40
2025-11-05,HW-007,1,39.90
2025-11-05,HW-008,1,131.25
2025-11-05,HW-010,8,16.80
2025-11-05,PC-001,6,52.00
2025-11-05,PC-002,8,32.00
2025-11-05,PC-004,5,38.00
2025-11-05,PC-005,3,95.00
2025-11-05,PC-006,1,135.00
2025-11-05,PC-007,2,38.00
2025-11-05,PC-008,5,79.00
2025-11-05,PC-009,3,49.00
2025-11-05,SO-001,17,30.00
2025-11-05,SO-002,2,90.00
2025-11-05,SO-003,7,260.00
2025-11-05,SO-004,1,72.00
2025-11-05,SO-006,3,95.00
2025-11-05,SO-007,1,45.00
2025-11-05,SO-008,2,35.00
2025-11-05,SO-009,1,78.00
2025-11-06,FB-001,19,131.25
2025-11-06,FB-002,65,14.70
2025-11-06,FB-003,14,25.20
2025-11-06,FB-004,10,81.90
2025-11-06,FB-005,14,120.75
2025-11-06,FB-007,6,288.75
2025-11-06,FB-008,12,35.70
2025-11-06,FB-009,32,71.40
2025-11-06,FB-010,4,162.75
2025-11-06,HC-001,5,55.00
2025-11-06,HC-002,10,115.00
2025-11-06,HC-003,3,42.00
2025-11-06,HC-004,3,62.00
2025-11-06,HC-005,3,98.00
2025-11-06,HC-006,3,82.00
2025-11-06,HC-007,5,28.00
2025-11-06,HC-008,5,62.00
2025-11-06,HW-001,2,89.25
2025-11-06,HW-002,4,288.75
2025-11-06,HW-003,1,102.90
2025-11-06,HW-006,2,29.40
2025-11-06,HW-010,10,16.80
2025-11-06,PC-001,13,52.00
2025-11-06,PC-002,12,32.00
2025-11-06,PC-004,3,38.00
2025-11-06,PC-005,1,95.00
2025-11-06,PC-008,6,79.00
2025-11-06,PC-009,7,49.00
2025-11-06,SO-001,16,30.00
2025-11-06,SO-002,3,90.00
2025-11-06,SO-003,3,260.00
2025-11-06,SO-004,2,72.00
2025-11-06,SO-006,2,95.00
2025-11-06,SO-007,3,45.00
2025-11-06,SO-008,3,35.00
2025-11-06,SO-009,1,78.00
2025-11-07,FB-001,15,131.25
2025-11-07,FB-002,62,14.70
2025-11-07,FB-003,29,25.20
2025-11-07,FB-004,10,81.90
2025-11-07,FB-005,14,120.75
2025-11-07,FB-006,29,69.30
2025-11-07,FB-007,9,288.75
2025-11-07,FB-008,14,35.70
2025-11-07,FB-009,29,71.40
2025-11-07,FB-010,7,162.75
2025-11-07,HC-001,15,55.00
2025-11-07,HC-002,11,115.00
2025-11-07,HC-003,2,42.00
2025-11-07,HC-004,2,62.00
2025-11-07,HC-005,5,98.00
2025-11-07,HC-006,6,82.00
2025-11-07,HC-007,6,28.00
2025-11-07,HC-008,6,62.00
2025-11-07,HC-009,2,135.00
2025-11-07,HW-001,1,89.25
2025-11-07,HW-002,7,288.75
2025-11-07,HW-004,2,719.25
2025-11-07,HW-006,2,29.40
2025-11-07,HW-008,2,131.25
2025-11-07,HW-010,13,16.80
2025-11-07,PC-001,10,52.00
2025-11-07,PC-002,10,32.00
2025-11-07,PC-003,7,68.00
2025-11-07,PC-004,2,38.00
2025-11-07,PC-005,3,95.00
2025-11-07,PC-007,5,38.00
2025-11-07,PC-008,6,79.00
2025-11-07,PC-009,4,49.00
2025-11-07,SO-001,14,30.00
2025-11-07,SO-002,2,90.00
2025-11-07,SO-003,1,260.00
2025-11-07,SO-004,7,72.00
2025-11-07,SO-005,1,85.00
2025-11-07,SO-006,1,95.00
2025-11-07,SO-007,2,45.00
2025-11-07,SO-008,1,35.00
2025-11-08,FB-001,21,131.25
2025-11-08,FB-002,88,14.70
2025-11-08,FB-003,26,25.20
2025-11-08,FB-004,26,81.90
2025-11-08,FB-005,20,120.75
2025-11-08,FB-006,47,69.30
2025-11-08,FB-007,6,288.75
2025-11-08,FB-008,7,35.70
2025-11-08,FB-009,35,71.40
2025-11-08,FB-010,11,162.75
2025-11-08,HC-001,9,55.00
2025-11-08,HC-002,7,115.00
2025-11-08,HC-003,7,42.00
2025-11-08,HC-004,5,62.00
2025-11-08,HC-005,6,98.00
2025-11-08,HC-006,3,82.00
2025-11-08,HC-007,8,28.00
2025-11-08,HC-008,8,62.00
2025-11-08,HC-009,2,135.00
2025-11-08,HW-001,1,89.25
2025-11-08,HW-002,9,288.75
2025-11-08,HW-003,2,102.90
2025-11-08,HW-004,3,719.25
2025-11-08,HW-006,1,29.40
2025-11-08,HW-010,12,16.80
2025-11-08,PC-001,11,52.00
2025-11-08,PC-002,10,32.00
2025-11-08,PC-003,10,68.00
2025-11-08,PC-004,5,38.00
2025-11-08,PC-005,4,95.00
2025-11-08,PC-006,1,135.00
2025-11-08,PC-007,6,38.00
2025-11-08,PC-008,3,79.00
2025-11-08,PC-009,13,49.00
2025-11-08,SO-001,8,30.00
2025-11-08,SO-003,5,260.00
2025-11-08,SO-004,2,72.00
2025-11-08,SO-005,1,85.00
2025-11-08,SO-008,1,35.00
2025-11-09,FB-001,22,131.25
2025-11-09,FB-002,69,14.70
2025-11-09,FB-003,32,25.20
2025-11-09,FB-004,9,81.90
2025-11-09,FB-005,15,120.75
2025-11-09,FB-006,32,69.30
2025-11-09,FB-007,9,288.75
2025-11-09,FB-008,10,35.70
2025-11-09,FB-009,29,71.40
2025-11-09,FB-010,4,162.75
2025-11-09,HC-001,15,55.00
2025-11-09,HC-002,11,115.00
2025-11-09,HC-003,7,42.00
2025-11-09,HC-004,6,62.00
2025-11-09,HC-005,2,98.00
2025-11-09,HC-006,1,82.00
2025-11-09,HC-007,2,28.00
2025-11-09,HC-008,6,62.00
2025-11-09,HC-009,4,135.00
2025-11-09,HW-002,6,288.75
2025-11-09,HW-003,1,102.90
2025-11-09,HW-010,7,16.80
2025-11-09,PC-001,8,52.00
2025-11-09,PC-002,12,32.00
2025-11-09,PC-003,3,68.00
2025-11-09,PC-004,4,38.00
2025-11-09,PC-005,7,95.00
2025-11-09,PC-007,4,38.00
2025-11-09,PC-008,11,79.00
2025-11-09,PC-009,5,49.00
2025-11-09,SO-001,7,30.00
2025-11-09,SO-002,2,90.00
2025-11-09,SO-003,1,260.00
2025-11-09,SO-004,5,72.00
2025-11-09,SO-006,2,95.00
2025-11-09,SO-007,1,45.00
2025-11-09,SO-008,3,35.00
2025-11-09,SO-009,1,78.00
2025-11-10,FB-001,14,131.25
2025-11-10,FB-002,76,14.70
2025-11-10,FB-003,21,25.20
2025-11-10,FB-004,8,81.90
2025-11-10,FB-005,14,120.75
2025-11-10,FB-006,24,69.30
2025-11-10,FB-007,7,288.75
2025-11-10,FB-008,8,35.70
2025-11-10,FB-009,19,71.40
2025-11-10,FB-010,8,162.75
2025-11-10,HC-001,10,55.00
2025-11-10,HC-002,7,115.00
2025-11-10,HC-003,4,42.00
2025-11-10,HC-004,1,62.00
2025-11-10,HC-005,2,98.00
2025-11-10,HC-006,2,82.00
2025-11-10,HC-007,7,28.00
2025-11-10,HC-008,4,62.00
2025-11-10,HC-009,2,135.00
2025-11-10,HW-001,5,89.25
2025-11-10,HW-003,3,102.90
2025-11-10,HW-004,1,719.25
2025-11-10,HW-006,1,29.40
2025-11-10,HW-010,21,16.80
2025-11-10,PC-001,6,52.00
2025-11-10,PC-002,10,32.00
2025-11-10,PC-003,3,68.00
2025-11-10,PC-004,5,38.00
2025-11-10,PC-005,2,95.00
2025-11-10,PC-006,2,135.00
2025-11-10,PC-007,5,38.00
2025-11-10,PC-008,9,79.00
2025-11-10,PC-009,3,49.00
2025-11-10,SO-001,16,30.00
2025-11-10,SO-002,3,90.00
2025-11-10,SO-003,3,260.00
2025-11-10,SO-004,11,72.00
2025-11-10,SO-005,4,85.00
2025-11-10,SO-006,1,95.00
2025-11-10,SO-007,1,45.00
2025-11-10,SO-008,3,35.00
2025-11-10,SO-009,1,78.00
2025-11-11,FB-001,11,131.25
2025-11-11,FB-002,56,14.70
2025-11-11,FB-003,17,25.20
2025-11-11,FB-004,13,81.90
2025-11-11,FB-005,9,120.75
2025-11-11,FB-006,40,69.30
2025-11-11,FB-007,6,288.75
2025-11-11,FB-008,8,35.70
2025-11-11,FB-009,33,71.40
2025-11-11,FB-010,7,162.75
2025-11-11,HC-001,11,55.00
2025-11-11,HC-002,4,115.00
2025-11-11,HC-003,5,42.00
2025-11-11,HC-004,3,62.00
2025-11-11,HC-005,1,98.00
2025-11-11,HC-006,3,82.00
2025-11-11,HC-007,9,28.00
2025-11-11,HC-008,5,62.00
2025-11-11,HC-009,2,135.00
2025-11-11,HW-001,3,89.25
2025-11-11,HW-002,2,288.75
2025-11-11,HW-003,1,102.90
2025-11-11,HW-006,3,29.40
2025-11-11,HW-007,1,39.90
2025-11-11,HW-008,1,131.25
2025-11-11,HW-010,9,16.80
2025-11-11,PC-001,15,52.00
2025-11-11,PC-002,9,32.00
2025-11-11,PC-003,7,68.00
2025-11-11,PC-004,4,38.00
2025-11-11,PC-005,7,95.00
2025-11-11,PC-006,2,135.00
2025-11-11,PC-007,5,38.00
2025-11-11,PC-008,5,79.00
2025-11-11,PC-009,5,49.00
2025-11-11,SO-001,11,30.00
2025-11-11,SO-002,4,90.00
2025-11-11,SO-003,2,260.00
2025-11-11,SO-004,2,72.00
2025-11-11,SO-005,2,85.00
2025-11-11,SO-006,3,95.00
2025-11-11,SO-007,2,45.00
2025-11-11,SO-008,2,35.00
2025-11-12,FB-001,14,131.25
2025-11-12,FB-002,73,14.70
2025-11-12,FB-003,19,25.20
2025-11-12,FB-004,8,81.90
2025-11-12,FB-005,13,120.75
2025-11-12,FB-006,33,69.30
2025-11-12,FB-007,6,288.75
2025-11-12,FB-008,6,35.70
2025-11-12,FB-009,25,71.40
2025-11-12,FB-010,6,162.75
2025-11-12,HC-001,16,55.00
2025-11-12,HC-002,7,115.00
2025-11-12,HC-003,12,42.00
2025-11-12,HC-004,2,62.00
2025-11-12,HC-005,2,98.00
2025-11-12,HC-006,4,82.00
2025-11-12,HC-007,11,28.00
2025-11-12,HC-008,9,62.00
2025-11-12,HC-009,3,135.00
2025-11-12,HW-001,4,89.25
2025-11-12,HW-002,6,288.75
2025-11-12,HW-005,1,50.40
2025-11-12,HW-010,4,16.80
2025-11-12,PC-001,11,52.00
2025-11-12,PC-002,6,32.00
2025-11-12,PC-003,4,68.00
2025-11-12,PC-004,4,38.00
2025-11-12,PC-005,5,95.00
2025-11-12,PC-006,4,135.00
2025-11-12,PC-007,6,38.00
2025-11-12,PC-008,6,79.00
2025-11-12,PC-009,8,49.00
2025-11-12,SO-001,12,30.00
2025-11-12,SO-002,3,90.00
2025-11-12,SO-003,3,260.00
2025-11-12,SO-004,2,72.00
2025-11-12,SO-005,1,85.00
2025-11-12,SO-006,2,95.00
2025-11-12,SO-007,1,45.00
2025-11-12,SO-008,3,35.00
2025-11-12,SO-009,1,78.00
2025-11-13,FB-001,15,131.25
2025-11-13,FB-002,71,14.70
2025-11-13,FB-003,18,25.20
2025-11-13,FB-004,12,81.90
2025-11-13,FB-005,14,120.75
2025-11-13,FB-006,29,69.30
2025-11-13,FB-007,9,288.75
2025-11-13,FB-008,8,35.70
2025-11-13,FB-009,25,71.40
2025-11-13,FB-010,9,162.75
2025-11-13,HC-001,12,55.00
2025-11-13,HC-002,6,115.00
2025-11-13,HC-003,6,42.00
2025-11-13,HC-004,4,62.00
2025-11-13,HC-006,1,82.00
2025-11-13,HC-007,5,28.00
2025-11-13,HC-008,12,62.00
2025-11-13,HC-009,3,135.00
2025-11-13,HW-002,7,288.75
2025-11-13,HW-003,3,102.90
2025-11-13,HW-004,1,719.25
2025-11-13,HW-005,1,50.40
2025-11-13,HW-006,1,29.40
2025-11-13,HW-010,7,16.80
2025-11-13,PC-001,14,52.00
2025-11-13,PC-002,15,32.00
2025-11-13,PC-003,2,68.00
2025-11-13,PC-004,6,38.00
2025-11-13,PC-005,4,95.00
2025-11-13,PC-006,2,135.00
2025-11-13,PC-007,5,38.00
2025-11-13,PC-008,7,79.00
2025-11-13,PC-009,5,49.00
2025-11-13,SO-001,8,30.00
2025-11-13,SO-002,3,90.00
2025-11-13,SO-003,2,260.00
2025-11-13,SO-004,5,72.00
2025-11-13,SO-005,1,85.00
2025-11-13,SO-006,4,95.00
2025-11-13,SO-007,2,45.00
2025-11-13,SO-008,3,35.00
2025-11-13,SO-009,1,78.00
2025-11-14,FB-001,34,131.25
2025-11-14,FB-002,123,14.70
2025-11-14,FB-003,27,25.20
2025-11-14,FB-004,22,81.90
2025-11-14,FB-005,11,120.75
2025-11-14,FB-006,53,69.30
2025-11-14,FB-007,8,288.75
2025-11-14,FB-008,19,35.70
2025-11-14,FB-009,40,71.40
2025-11-14,FB-010,12,162.75
2025-11-14,HC-001,9,55.00
2025-11-14,HC-002,8,115.00
2025-11-14,HC-003,9,42.00
2025-11-14,HC-004,2,62.00
2025-11-14,HC-005,8,98.00
2025-11-14,HC-006,2,82.00
2025-11-14,HC-007,10,28.00
2025-11-14,HC-008,12,62.00
2025-11-14,HC-009,3,135.00
2025-11-14,HW-001,1,89.25
2025-11-14,HW-002,6,288.75
2025-11-14,HW-005,2,50.40
2025-11-14,HW-006,1,29.40
2025-11-14,HW-008,1,131.25
2025-11-14,HW-010,17,16.80
2025-11-14,PC-001,16,52.00
2025-11-14,PC-002,8,32.00
2025-11-14,PC-003,6,68.00
2025-11-14,PC-004,5,38.00
2025-11-14,PC-005,4,95.00
2025-11-14,PC-006,3,135.00
2025-11-14,PC-007,7,38.00
2025-11-14,PC-008,1,79.00
2025-11-14,PC-009,9,49.00
2025-11-14,SO-001,6,30.00
2025-11-14,SO-002,2,90.00
2025-11-14,SO-003,3,260.00
2025-11-14,SO-004,1,72.00
2025-11-14,SO-005,2,85.00
2025-11-14,SO-006,2,95.00
2025-11-14,SO-007,2,45.00
2025-11-14,SO-008,4,35.00
2025-11-15,FB-001,26,131.25
2025-11-15,FB-002,129,14.70
2025-11-15,FB-003,21,25.20
2025-11-15,FB-004,18,81.90
2025-11-15,FB-005,20,120.75
2025-11-15,FB-006,49,69.30
2025-11-15,FB-007,6,288.75
2025-11-15,FB-008,6,35.70
2025-11-15,FB-009,54,71.40
2025-11-15,FB-010,13,162.75
2025-11-15,HC-001,14,55.00
2025-11-15,HC-002,15,115.00
2025-11-15,HC-003,13,42.00
2025-11-15,HC-004,7,62.00
2025-11-15,HC-005,4,98.00
2025-11-15,HC-006,4,82.00
2025-11-15,HC-007,8,28.00
2025-11-15,HC-008,13,62.00
2025-11-15,HC-009,1,135.00
2025-11-15,HW-001,1,89.25
2025-11-15,HW-002,8,288.75
2025-11-15,HW-003,1,102.90
2025-11-15,HW-004,3,719.25
2025-11-15,HW-005,1,50.40
2025-11-15,HW-006,1,29.40
2025-11-15,HW-007,1,39.90
2025-11-15,HW-008,1,131.25
2025-11-15,HW-010,21,16.80
2025-11-15,PC-001,13,52.00
2025-11-15,PC-002,11,32.00
2025-11-15,PC-003,4,68.00
2025-11-15,PC-004,3,38.00
2025-11-15,PC-006,2,135.00
2025-11-15,PC-007,2,38.00
2025-11-15,PC-009,20,49.00
2025-11-15,SO-001,6,30.00
2025-11-15,SO-002,2,90.00
2025-11-15,SO-003,1,260.00
2025-11-15,SO-004,4,72.00
2025-11-15,SO-005,1,85.00
2025-11-15,SO-006,2,95.00
2025-11-15,SO-008,3,35.00
2025-11-16,FB-001,23,131.25
2025-11-16,FB-002,80,14.70
2025-11-16,FB-003,22,25.20
2025-11-16,FB-004,15,81.90
2025-11-16,FB-005,14,120.75
2025-11-16,FB-007,19,288.75
2025-11-16,FB-008,15,35.70
2025-11-16,FB-009,39,71.40
2025-11-16,FB-010,4,162.75
2025-11-16,HC-001,16,55.00
2025-11-16,HC-002,12,115.00
2025-11-16,HC-003,4,42.00
2025-11-16,HC-004,5,62.00
2025-11-16,HC-005,5,98.00
2025-11-16,HC-006,2,82.00
2025-11-16,HC-007,7,28.00
2025-11-16,HC-008,12,62.00
2025-11-16,HC-009,5,135.00
2025-11-16,HW-001,1,89.25
2025-11-16,HW-002,1,288.75
2025-11-16,HW-003,1,102.90
2025-11-16,HW-005,1,50.40
2025-11-16,HW-006,1,29.40
2025-11-16,HW-010,6,16.80
2025-11-16,PC-001,13,52.00
2025-11-16,PC-002,8,32.00
2025-11-16,PC-003,4,68.00
2025-11-16,PC-004,10,38.00
2025-11-16,PC-005,3,95.00
2025-11-16,PC-006,1,135.00
2025-11-16,PC-007,5,38.00
2025-11-16,PC-009,14,49.00
2025-11-16,SO-001,6,30.00
2025-11-16,SO-004,1,72.00
2025-11-16,SO-006,1,95.00
2025-11-16,SO-007,1,45.00
2025-11-16,SO-009,2,78.00
2025-11-17,FB-001,17,131.25
2025-11-17,FB-003,25,25.20
2025-11-17,FB-004,7,81.90
2025-11-17,FB-005,11,120.75
2025-11-17,FB-007,3,288.75
2025-11-17,FB-008,11,35.70
2025-11-17,FB-009,26,71.40
2025-11-17,FB-010,5,162.75
2025-11-17,HC-001,8,55.00
2025-11-17,HC-002,6,115.00
2025-11-17,HC-003,5,42.00
2025-11-17,HC-004,8,62.00
2025-11-17,HC-005,4,98.00
2025-11-17,HC-006,2,82.00
2025-11-17,HC-007,7,28.00
2025-11-17,HC-008,8,62.00
2025-11-17,HC-009,1,135.00
2025-11-17,HW-001,3,89.25
2025-11-17,HW-002,13,288.75
2025-11-17,HW-008,1,131.25
2025-11-17,HW-010,8,16.80
2025-11-17,PC-001,17,52.00
2025-11-17,PC-002,6,32.00
2025-11-17,PC-003,5,68.00
2025-11-17,PC-004,6,38.00
2025-11-17,PC-005,5,95.00
2025-11-17,PC-007,4,38.00
2025-11-17,PC-008,2,79.00
2025-11-17,PC-009,9,49.00
2025-11-17,SO-001,11,30.00
2025-11-17,SO-002,3,90.00
2025-11-17,SO-003,4,260.00
2025-11-17,SO-004,5,72.00
2025-11-17,SO-005,4,85.00
2025-11-17,SO-006,1,95.00
2025-11-17,SO-007,1,45.00
2025-11-17,SO-008,4,35.00
2025-11-17,SO-009,1,78.00
2025-11-18,FB-001,17,131.25
2025-11-18,FB-003,18,25.20
2025-11-18,FB-004,5,81.90
2025-11-18,FB-005,8,120.75
2025-11-18,FB-007,7,288.75
2025-11-18,FB-008,7,35.70
2025-11-18,FB-009,42,71.40
2025-11-18,FB-010,9,162.75
2025-11-18,HC-001,10,55.00
2025-11-18,HC-002,13,115.00
2025-11-18,HC-003,6,42.00
2025-11-18,HC-004,6,62.00
2025-11-18,HC-005,5,98.00
2025-11-18,HC-007,4,28.00
2025-11-18,HC-008,5,62.00
2025-11-18,HC-009,2,135.00
2025-11-18,HW-001,3,89.25
2025-11-18,HW-002,3,288.75
2025-11-18,HW-003,2,102.90
2025-11-18,HW-004,1,719.25
2025-11-18,HW-005,1,50.40
2025-11-18,HW-006,1,29.40
2025-11-18,HW-007,1,39.90
2025-11-18,HW-010,7,16.80
2025-11-18,PC-001,8,52.00
2025-11-18,PC-002,8,32.00
2025-11-18,PC-003,2,68.00
2025-11-18,PC-004,1,38.00
2025-11-18,PC-005,3,95.00
2025-11-18,PC-007,2,38.00
2025-11-18,PC-008,3,79.00
2025-11-18,PC-009,5,49.00
2025-11-18,SO-001,15,30.00
2025-11-18,SO-002,1,90.00
2025-11-18,SO-003,2,260.00
2025-11-18,SO-004,6,72.00
2025-11-18,SO-005,2,85.00
2025-11-18,SO-008,5,35.00
2025-11-19,FB-001,23,131.25
2025-11-19,FB-002,56,14.70
2025-11-19,FB-003,10,25.20
2025-11-19,FB-004,2,81.90
2025-11-19,FB-005,11,120.75
2025-11-19,FB-006,25,69.30
2025-11-19,FB-007,11,288.75
2025-11-19,FB-008,9,35.70
2025-11-19,FB-009,25,71.40
2025-11-19,FB-010,7,162.75
2025-11-19,HC-001,11,55.00
2025-11-19,HC-002,11,115.00
2025-11-19,HC-003,5,42.00
2025-11-19,HC-004,5,62.00
2025-11-19,HC-005,3,98.00
2025-11-19,HC-007,6,28.00
2025-11-19,HC-008,9,62.00
2025-11-19,HC-009,2,135.00
2025-11-19,HW-001,5,89.25
2025-11-19,HW-002,4,288.75
2025-11-19,HW-004,3,719.25
2025-11-19,HW-006,1,29.40
2025-11-19,PC-001,6,52.00
2025-11-19,PC-002,12,32.00
2025-11-19,PC-003,8,68.00
2025-11-19,PC-004,4,38.00
2025-11-19,PC-005,2,95.00
2025-11-19,PC-006,2,135.00
2025-11-19,PC-007,3,38.00
2025-11-19,PC-008,4,79.00
2025-11-19,PC-009,8,49.00
2025-11-19,SO-001,13,30.00
2025-11-19,SO-002,3,90.00
2025-11-19,SO-003,4,260.00
2025-11-19,SO-004,3,72.00
2025-11-19,SO-005,2,85.00
2025-11-19,SO-006,2,95.00
2025-11-19,SO-007,2,45.00
2025-11-19,SO-008,4,35.00
2025-11-19,SO-009,3,78.00
2025-11-20,FB-001,16,131.25
2025-11-20,FB-002,59,14.70
2025-11-20,FB-003,13,25.20
2025-11-20,FB-004,14,81.90
2025-11-20,FB-005,13,120.75
2025-11-20,FB-006,30,69.30
2025-11-20,FB-007,11,288.75
2025-11-20,FB-008,14,35.70
2025-11-20,FB-009,31,71.40
2025-11-20,FB-010,7,162.75
2025-11-20,HC-001,15,55.00
2025-11-20,HC-002,8,115.00
2025-11-20,HC-003,5,42.00
2025-11-20,HC-004,6,62.00
2025-11-20,HC-005,4,98.00
2025-11-20,HC-006,3,82.00
2025-11-20,HC-007,8,28.00
2025-11-20,HC-008,11,62.00
2025-11-20,HW-001,4,89.25
2025-11-20,HW-002,2,288.75
2025-11-20,HW-003,1,102.90
2025-11-20,HW-005,1,50.40
2025-11-20,HW-008,2,131.25
2025-11-20,HW-010,12,16.80
2025-11-20,PC-001,16,52.00
2025-11-20,PC-002,5,32.00
2025-11-20,PC-003,6,68.00
2025-11-20,PC-004,3,38.00
2025-11-20,PC-005,4,95.00
2025-11-20,PC-006,5,135.00
2025-11-20,PC-007,4,38.00
2025-11-20,PC-008,3,79.00
2025-11-20,PC-009,8,49.00
2025-11-20,SO-001,15,30.00
2025-11-20,SO-002,3,90.00
2025-11-20,SO-003,5,260.00
2025-11-20,SO-004,6,72.00
2025-11-20,SO-006,2,95.00
2025-11-20,SO-008,3,35.00
2025-11-20,SO-009,1,78.00
2025-11-21,FB-001,21,131.25
2025-11-21,FB-002,61,14.70
2025-11-21,FB-003,13,25.20
2025-11-21,FB-004,17,81.90
2025-11-21,FB-005,15,120.75
2025-11-21,FB-006,39,69.30
2025-11-21,FB-007,7,288.75
2025-11-21,FB-008,9,35.70
2025-11-21,FB-009,38,71.40
2025-11-21,FB-010,9,162.75
2025-11-21,HC-001,7,55.00
2025-11-21,HC-002,10,115.00
2025-11-21,HC-003,6,42.00
2025-11-21,HC-004,6,62.00
2025-11-21,HC-005,2,98.00
2025-11-21,HC-006,1,82.00
2025-11-21,HC-007,6,28.00
2025-11-21,HC-008,7,62.00
2025-11-21,HC-009,2,135.00
2025-11-21,HW-001,4,89.25
2025-11-21,HW-002,3,288.75
2025-11-21,HW-003,1,102.90
2025-11-21,HW-004,1,719.25
2025-11-21,HW-006,1,29.40
2025-11-21,HW-008,3,131.25
2025-11-21,HW-010,7,16.80
2025-11-21,PC-001,13,52.00
2025-11-21,PC-003,7,68.00
2025-11-21,PC-004,1,38.00
2025-11-21,PC-005,4,95.00
2025-11-21,PC-006,3,135.00
2025-11-21,PC-007,1,38.00
2025-11-21,PC-008,5,79.00
2025-11-21,PC-009,9,49.00
2025-11-21,SO-001,8,30.00
2025-11-21,SO-002,4,90.00
2025-11-21,SO-003,4,260.00
2025-11-21,SO-004,3,72.00
2025-11-21,SO-005,1,85.00
2025-11-21,SO-006,1,95.00
2025-11-21,SO-007,1,45.00
2025-11-21,SO-008,1,35.00
2025-11-21,SO-009,2,78.00
2025-11-22,FB-001,27,131.25
2025-11-22,FB-002,83,14.70
2025-11-22,FB-003,19,25.20
2025-11-22,FB-004,18,81.90
2025-11-22,FB-005,13,120.75
2025-11-22,FB-006,37,69.30
2025-11-22,FB-007,8,288.75
2025-11-22,FB-008,12,35.70
2025-11-22,FB-009,52,71.40
2025-11-22,FB-010,12,162.75
2025-11-22,HC-001,13,55.00
2025-11-22,HC-002,17,115.00
2025-11-22,HC-003,8,42.00
2025-11-22,HC-004,9,62.00
2025-11-22,HC-005,6,98.00
2025-11-22,HC-006,3,82.00
2025-11-22,HC-007,9,28.00
2025-11-22,HC-008,4,62.00
2025-11-22,HC-009,2,135.00
2025-11-22,HW-001,4,89.25
2025-11-22,HW-002,5,288.75
2025-11-22,HW-003,1,102.90
2025-11-22,HW-005,1,50.40
2025-11-22,HW-006,2,29.40
2025-11-22,HW-010,15,16.80
2025-11-22,PC-001,6,52.00
2025-11-22,PC-002,4,32.00
2025-11-22,PC-003,10,68.00
2025-11-22,PC-004,5,38.00
2025-11-22,PC-005,6,95.00
2025-11-22,PC-006,1,135.00
2025-11-22,PC-007,4,38.00
2025-11-22,PC-008,9,79.00
2025-11-22,PC-009,7,49.00
2025-11-22,SO-001,11,30.00
2025-11-22,SO-003,2,260.00
2025-11-22,SO-004,5,72.00
2025-11-22,SO-005,1,85.00
2025-11-22,SO-006,1,95.00
2025-11-22,SO-008,1,35.00
2025-11-22,SO-009,1,78.00
2025-11-23,FB-001,23,131.25
2025-11-23,FB-002,64,14.70
2025-11-23,FB-003,22,25.20
2025-11-23,FB-004,18,81.90
2025-11-23,FB-005,14,120.75
2025-11-23,FB-006,38,69.30
2025-11-23,FB-007,7,288.75
2025-11-23,FB-008,8,35.70
2025-11-23,FB-009,50,71.40
2025-11-23,FB-010,11,162.75
2025-11-23,HC-001,10,55.00
2025-11-23,HC-002,10,115.00
2025-11-23,HC-003,5,42.00
2025-11-23,HC-004,4,62.00
2025-11-23,HC-005,3,98.00
2025-11-23,HC-006,2,82.00
2025-11-23,HC-007,13,28.00
2025-11-23,HC-008,5,62.00
2025-11-23,HC-009,4,135.00
2025-11-23,HW-001,1,89.25
2025-11-23,HW-002,3,288.75
2025-11-23,HW-003,1,102.90
2025-11-23,HW-006,1,29.40
2025-11-23,HW-007,2,39.90
2025-11-23,HW-010,7,16.80
2025-11-23,PC-001,8,52.00
2025-11-23,PC-002,5,32.00
2025-11-23,PC-003,8,68.00
2025-11-23,PC-004,3,38.00
2025-11-23,PC-005,3,95.00
2025-11-23,PC-006,1,135.00
2025-11-23,PC-007,6,38.00
2025-11-23,PC-008,5,79.00
2025-11-23,PC-009,8,49.00
2025-11-23,SO-001,5,30.00
2025-11-23,SO-002,1,90.00
2025-11-23,SO-003,1,260.00
2025-11-23,SO-004,3,72.00
2025-11-23,SO-005,1,85.00
2025-11-23,SO-006,1,95.00
2025-11-23,SO-007,2,45.00
2025-11-23,SO-008,5,35.00
2025-11-23,SO-009,2,78.00
2025-11-24,FB-001,6,131.25
2025-11-24,FB-002,53,14.70
2025-11-24,FB-003,25,25.20
2025-11-24,FB-004,5,81.90
2025-11-24,FB-005,10,120.75
2025-11-24,FB-006,30,69.30
2025-11-24,FB-007,14,288.75
2025-11-24,FB-008,14,35.70
2025-11-24,FB-009,40,71.40
2025-11-24,HC-001,6,55.00
2025-11-24,HC-002,10,115.00
2025-11-24,HC-003,4,42.00
2025-11-24,HC-004,3,62.00
2025-11-24,HC-005,6,98.00
2025-11-24,HC-006,1,82.00
2025-11-24,HC-007,4,28.00
2025-11-24,HC-008,4,62.00
2025-11-24,HC-009,2,135.00
2025-11-24,HW-001,2,89.25
2025-11-24,HW-002,5,288.75
2025-11-24,HW-003,2,102.90
2025-11-24,HW-005,1,50.40
2025-11-24,HW-006,2,29.40
2025-11-24,HW-010,11,16.80
2025-11-24,PC-001,15,52.00
2025-11-24,PC-002,7,32.00
2025-11-24,PC-003,8,68.00
2025-11-24,PC-004,1,38.00
2025-11-24,PC-005,5,95.00
2025-11-24,PC-006,2,135.00
2025-11-24,PC-007,1,38.00
2025-11-24,PC-008,4,79.00
2025-11-24,PC-009,6,49.00
2025-11-24,SO-001,5,30.00
2025-11-24,SO-002,6,90.00
2025-11-24,SO-003,1,260.00
2025-11-24,SO-004,3,72.00
2025-11-24,SO-005,1,85.00
2025-11-24,SO-006,4,95.00
2025-11-24,SO-008,5,35.00
2025-11-24,SO-009,1,78.00
2025-11-25,FB-001,23,131.25
2025-11-25,FB-002,66,14.70
2025-11-25,FB-003,13,25.20
2025-11-25,FB-004,8,81.90
2025-11-25,FB-005,13,120.75
2025-11-25,FB-006,25,69.30
2025-11-25,FB-007,3,288.75
2025-11-25,FB-008,5,35.70
2025-11-25,FB-009,29,71.40
2025-11-25,FB-010,3,162.75
2025-11-25,HC-001,12,55.00
2025-11-25,HC-002,9,115.00
2025-11-25,HC-004,1,62.00
2025-11-25,HC-005,3,98.00
2025-11-25,HC-006,4,82.00
2025-11-25,HC-007,4,28.00
2025-11-25,HC-008,11,62.00
2025-11-25,HC-009,6,135.00
2025-11-25,HW-001,4,89.25
2025-11-25,HW-002,7,288.75
2025-11-25,HW-003,1,102.90
2025-11-25,HW-006,1,29.40
2025-11-25,HW-008,2,131.25
2025-11-25,HW-010,9,16.80
2025-11-25,PC-001,14,52.00
2025-11-25,PC-002,10,32.00
2025-11-25,PC-003,7,68.00
2025-11-25,PC-004,4,38.00
2025-11-25,PC-005,2,95.00
2025-11-25,PC-007,2,38.00
2025-11-25,PC-008,7,79.00
2025-11-25,PC-009,8,49.00
2025-11-25,SO-001,10,30.00
2025-11-25,SO-002,1,90.00
2025-11-25,SO-003,4,260.00
2025-11-25,SO-004,5,72.00
2025-11-25,SO-005,2,85.00
2025-11-25,SO-006,3,95.00
2025-11-25,SO-007,1,45.00
2025-11-25,SO-008,6,35.00
2025-11-25,SO-009,1,78.00
2025-11-26,FB-001,12,131.25
2025-11-26,FB-002,56,14.70
2025-11-26,FB-003,18,25.20
2025-11-26,FB-004,11,81.90
2025-11-26,FB-005,10,120.75
2025-11-26,FB-006,20,69.30
2025-11-26,FB-007,8,288.75
2025-11-26,FB-008,5,35.70
2025-11-26,FB-009,24,71.40
2025-11-26,FB-010,5,162.75
2025-11-26,HC-001,15,55.00
2025-11-26,HC-002,13,115.00
2025-11-26,HC-003,5,42.00
2025-11-26,HC-004,6,62.00
2025-11-26,HC-005,2,98.00
2025-11-26,HC-006,1,82.00
2025-11-26,HC-007,7,28.00
2025-11-26,HC-008,7,62.00
2025-11-26,HC-009,1,135.00
2025-11-26,HW-001,2,89.25
2025-11-26,HW-002,2,288.75
2025-11-26,HW-004,1,719.25
2025-11-26,HW-005,1,50.40
2025-11-26,HW-006,2,29.40
2025-11-26,HW-008,1,131.25
2025-11-26,HW-010,11,16.80
2025-11-26,PC-001,5,52.00
2025-11-26,PC-002,6,32.00
2025-11-26,PC-003,5,68.00
2025-11-26,PC-004,5,38.00
2025-11-26,PC-005,3,95.00
2025-11-26,PC-006,1,135.00
2025-11-26,PC-007,4,38.00
2025-11-26,PC-008,5,79.00
2025-11-26,PC-009,7,49.00
2025-11-26,SO-001,8,30.00
2025-11-26,SO-002,6,90.00
2025-11-26,SO-003,1,260.00
2025-11-26,SO-004,4,72.00
2025-11-26,SO-005,2,85.00
2025-11-26,SO-006,2,95.00
2025-11-26,SO-008,1,35.00
2025-11-27,FB-001,18,131.25
2025-11-27,FB-002,49,14.70
2025-11-27,FB-003,17,25.20
2025-11-27,FB-004,8,81.90
2025-11-27,FB-005,13,120.75
2025-11-27,FB-006,30,69.30
2025-11-27,FB-007,12,288.75
2025-11-27,FB-008,9,35.70
2025-11-27,FB-009,26,71.40
2025-11-27,FB-010,8,162.75
2025-11-27,HC-001,13,55.00
2025-11-27,HC-002,17,115.00
2025-11-27,HC-004,10,62.00
2025-11-27,HC-005,7,98.00
2025-11-27,HC-007,10,28.00
2025-11-27,HC-008,6,62.00
2025-11-27,HC-009,1,135.00
2025-11-27,HW-001,4,89.25
2025-11-27,HW-002,3,288.75
2025-11-27,HW-005,2,50.40
2025-11-27,HW-007,2,39.90
2025-11-27,HW-010,8,16.80
2025-11-27,PC-001,16,52.00
2025-11-27,PC-002,9,32.00
2025-11-27,PC-003,9,68.00
2025-11-27,PC-004,3,38.00
2025-11-27,PC-005,3,95.00
2025-11-27,PC-006,1,135.00
2025-11-27,PC-007,1,38.00
2025-11-27,PC-008,5,79.00
2025-11-27,PC-009,9,49.00
2025-11-27,SO-001,10,30.00
2025-11-27,SO-002,2,90.00
2025-11-27,SO-003,3,260.00
2025-11-27,SO-004,4,72.00
2025-11-27,SO-005,1,85.00
2025-11-27,SO-006,4,95.00
2025-11-27,SO-007,1,45.00
2025-11-27,SO-008,7,35.00
2025-11-27,SO-009,1,78.00
2025-11-28,FB-001,34,131.25
2025-11-28,FB-002,67,14.70
2025-11-28,FB-003,18,25.20
2025-11-28,FB-004,12,81.90
2025-11-28,FB-005,12,120.75
2025-11-28,FB-006,23,69.30
2025-11-28,FB-007,10,288.75
2025-11-28,FB-008,6,35.70
2025-11-28,FB-009,35,71.40
2025-11-28,FB-010,9,162.75
2025-11-28,HC-001,15,55.00
2025-11-28,HC-002,12,115.00
2025-11-28,HC-003,5,42.00
2025-11-28,HC-004,6,62.00
2025-11-28,HC-005,3,98.00
2025-11-28,HC-006,3,82.00
2025-11-28,HC-007,6,28.00
2025-11-28,HC-008,9,62.00
2025-11-28,HC-009,2,135.00
2025-11-28,HW-002,4,288.75
2025-11-28,HW-004,1,719.25
2025-11-28,HW-006,1,29.40
2025-11-28,HW-010,8,16.80
2025-11-28,PC-001,9,52.00
2025-11-28,PC-002,16,32.00
2025-11-28,PC-003,3,68.00
2025-11-28,PC-004,8,38.00
2025-11-28,PC-005,6,95.00
2025-11-28,PC-006,3,135.00
2025-11-28,PC-007,2,38.00
2025-11-28,PC-008,5,79.00
2025-11-28,PC-009,10,49.00
2025-11-28,SO-001,8,30.00
2025-11-28,SO-002,1,90.00
2025-11-28,SO-003,2,260.00
2025-11-28,SO-004,2,72.00
2025-11-28,SO-006,5,95.00
2025-11-28,SO-007,2,45.00
2025-11-28,SO-008,2,35.00
2025-11-29,FB-001,40,131.25
2025-11-29,FB-002,101,14.70
2025-11-29,FB-003,29,25.20
2025-11-29,FB-004,23,81.90
2025-11-29,FB-005,23,120.75
2025-11-29,FB-006,30,69.30
2025-11-29,FB-007,14,288.75
2025-11-29,FB-008,6,35.70
2025-11-29,FB-009,46,71.40
2025-11-29,FB-010,13,162.75
2025-11-29,HC-001,23,55.00
2025-11-29,HC-002,9,115.00
2025-11-29,HC-003,5,42.00
2025-11-29,HC-004,6,62.00
2025-11-29,HC-005,4,98.00
2025-11-29,HC-006,7,82.00
2025-11-29,HC-007,10,28.00
2025-11-29,HC-008,11,62.00
2025-11-29,HC-009,3,135.00
2025-11-29,HW-001,6,89.25
2025-11-29,HW-002,7,288.75
2025-11-29,HW-003,1,102.90
2025-11-29,HW-005,3,50.40
2025-11-29,HW-006,2,29.40
2025-11-29,HW-010,16,16.80
2025-11-29,PC-001,10,52.00
2025-11-29,PC-002,18,32.00
2025-11-29,PC-003,9,68.00
2025-11-29,PC-004,3,38.00
2025-11-29,PC-005,2,95.00
2025-11-29,PC-006,2,135.00
2025-11-29,PC-007,6,38.00
2025-11-29,PC-008,5,79.00
2025-11-29,PC-009,5,49.00
2025-11-29,SO-001,6,30.00
2025-11-29,SO-002,5,90.00
2025-11-29,SO-003,2,260.00
2025-11-29,SO-004,3,72.00
2025-11-29,SO-006,2,95.00
2025-11-29,SO-008,1,35.00
2025-11-30,FB-001,32,131.25
2025-11-30,FB-002,82,14.70
2025-11-30,FB-003,30,25.20
2025-11-30,FB-004,28,81.90
2025-11-30,FB-005,22,120.75
2025-11-30,FB-006,39,69.30
2025-11-30,FB-007,18,288.75
2025-11-30,FB-008,13,35.70
2025-11-30,FB-009,35,71.40
2025-11-30,FB-010,16,162.75
2025-11-30,HC-001,9,55.00
2025-11-30,HC-002,11,115.00
2025-11-30,HC-003,7,42.00
2025-11-30,HC-004,3,62.00
2025-11-30,HC-005,4,98.00
2025-11-30,HC-006,6,82.00
2025-11-30,HC-007,9,28.00
2025-11-30,HC-008,11,62.00
2025-11-30,HC-009,3,135.00
2025-11-30,HW-001,2,89.25
2025-11-30,HW-002,1,288.75
2025-11-30,HW-004,1,719.25
2025-11-30,HW-007,1,39.90
2025-11-30,HW-008,1,131.25
2025-11-30,HW-010,6,16.80
2025-11-30,PC-001,13,52.00
2025-11-30,PC-002,15,32.00
2025-11-30,PC-003,8,68.00
2025-11-30,PC-004,2,38.00
2025-11-30,PC-005,4,95.00
2025-11-30,PC-006,2,135.00
2025-11-30,PC-007,9,38.00
2025-11-30,PC-008,5,79.00
2025-11-30,PC-009,9,49.00
2025-11-30,SO-001,2,30.00
2025-11-30,SO-002,1,90.00
2025-11-30,SO-003,2,260.00
2025-11-30,SO-004,2,72.00
2025-11-30,SO-007,2,45.00
2025-11-30,SO-008,2,35.00
2025-12-01,FB-001,23,131.25
2025-12-01,FB-002,87,14.70
2025-12-01,FB-003,25,25.20
2025-12-01,FB-004,20,81.90
2025-12-01,FB-005,22,120.75
2025-12-01,FB-006,48,69.30
2025-12-01,FB-007,12,288.75
2025-12-01,FB-008,15,35.70
2025-12-01,FB-009,53,71.40
2025-12-01,FB-010,9,162.75
2025-12-01,HC-001,14,55.00
2025-12-01,HC-003,6,42.00
2025-12-01,HC-004,7,62.00
2025-12-01,HC-005,4,98.00
2025-12-01,HC-006,4,82.00
2025-12-01,HC-007,6,28.00
2025-12-01,HC-008,10,62.00
2025-12-01,HC-009,2,135.00
2025-12-01,HW-001,2,89.25
2025-12-01,HW-002,2,288.75
2025-12-01,HW-005,1,50.40
2025-12-01,HW-006,1,29.40
2025-12-01,HW-008,3,131.25
2025-12-01,HW-009,1,624.75
2025-12-01,HW-010,11,16.80
2025-12-01,PC-001,8,52.00
2025-12-01,PC-002,12,32.00
2025-12-01,PC-003,6,68.00
2025-12-01,PC-004,5,38.00
2025-12-01,PC-005,3,95.00
2025-12-01,PC-006,1,135.00
2025-12-01,PC-007,4,38.00
2025-12-01,PC-008,3,79.00
2025-12-01,PC-009,7,49.00
2025-12-01,SO-001,15,30.00
2025-12-01,SO-002,2,90.00
2025-12-01,SO-003,3,260.00
2025-12-01,SO-004,1,72.00
2025-12-01,SO-005,2,85.00
2025-12-01,SO-006,2,95.00
2025-12-01,SO-008,4,35.00
2025-12-01,SO-009,1,78.00
2025-12-02,FB-001,18,131.25
2025-12-02,FB-002,65,14.70
2025-12-02,FB-003,23,25.20
2025-12-02,FB-004,9,81.90
2025-12-02,FB-005,16,120.75
2025-12-02,FB-006,31,69.30
2025-12-02,FB-007,4,288.75
2025-12-02,FB-008,7,35.70
2025-12-02,FB-009,34,71.40
2025-12-02,FB-010,2,162.75
2025-12-02,HC-001,10,55.00
2025-12-02,HC-003,4,42.00
2025-12-02,HC-004,6,62.00
2025-12-02,HC-005,3,98.00
2025-12-02,HC-006,4,82.00
2025-12-02,HC-007,8,28.00
2025-12-02,HC-008,4,62.00
2025-12-02,HC-009,3,135.00
2025-12-02,HW-001,1,89.25
2025-12-02,HW-002,4,288.75
2025-12-02,HW-003,2,102.90
2025-12-02,HW-005,2,50.40
2025-12-02,HW-006,1,29.40
2025-12-02,HW-007,2,39.90
2025-12-02,HW-009,1,624.75
2025-12-02,HW-010,9,16.80
2025-12-02,PC-001,10,52.00
2025-12-02,PC-002,6,32.00
2025-12-02,PC-003,7,68.00
2025-12-02,PC-004,3,38.00
2025-12-02,PC-005,6,95.00
2025-12-02,PC-006,3,135.00
2025-12-02,PC-007,8,38.00
2025-12-02,PC-008,5,79.00
2025-12-02,PC-009,13,49.00
2025-12-02,SO-001,21,30.00
2025-12-02,SO-002,2,90.00
2025-12-02,SO-003,3,260.00
2025-12-02,SO-004,4,72.00
2025-12-02,SO-005,2,85.00
2025-12-02,SO-006,1,95.00
2025-12-03,FB-001,12,131.25
2025-12-03,FB-002,59,14.70
2025-12-03,FB-003,21,25.20
2025-12-03,FB-004,12,81.90
2025-12-03,FB-005,12,120.75
2025-12-03,FB-006,34,69.30
2025-12-03,FB-007,8,288.75
2025-12-03,FB-008,12,35.70
2025-12-03,FB-009,25,71.40
2025-12-03,FB-010,6,162.75
2025-12-03,HC-001,6,55.00
2025-12-03,HC-002,15,115.00
2025-12-03,HC-003,4,42.00
2025-12-03,HC-004,9,62.00
2025-12-03,HC-005,5,98.00
2025-12-03,HC-006,1,82.00
2025-12-03,HC-007,9,28.00
2025-12-03,HC-008,8,62.00
2025-12-03,HC-009,2,135.00
2025-12-03,HW-001,3,89.25
2025-12-03,HW-002,5,288.75
2025-12-03,HW-003,1,102.90
2025-12-03,HW-006,2,29.40
2025-12-03,HW-010,12,16.80
2025-12-03,PC-001,11,52.00
2025-12-03,PC-002,8,32.00
2025-12-03,PC-003,7,68.00
2025-12-03,PC-004,4,38.00
2025-12-03,PC-005,3,95.00
2025-12-03,PC-006,1,135.00
2025-12-03,PC-007,1,38.00
2025-12-03,PC-008,3,79.00
2025-12-03,PC-009,8,49.00
2025-12-03,SO-001,11,30.00
2025-12-03,SO-002,2,90.00
2025-12-03,SO-003,5,260.00
2025-12-03,SO-004,9,72.00
2025-12-03,SO-005,1,85.00
2025-12-03,SO-006,1,95.00
2025-12-03,SO-007,2,45.00
2025-12-03,SO-008,2,35.00
2025-12-03,SO-009,1,78.00
2025-12-04,FB-001,19,131.25
2025-12-04,FB-002,70,14.70
2025-12-04,FB-003,25,25.20
2025-12-04,FB-004,7,81.90
2025-12-04,FB-005,17,120.75
2025-12-04,FB-006,35,69.30
2025-12-04,FB-007,6,288.75
2025-12-04,FB-008,12,35.70
2025-12-04,FB-009,33,71.40
2025-12-04,FB-010,14,162.75
2025-12-04,HC-001,12,55.00
2025-12-04,HC-002,6,115.00
2025-12-04,HC-003,5,42.00
2025-12-04,HC-004,5,62.00
2025-12-04,HC-005,1,98.00
2025-12-04,HC-006,6,82.00
2025-12-04,HC-007,10,28.00
2025-12-04,HC-008,7,62.00
2025-12-04,HC-009,3,135.00
2025-12-04,HW-001,2,89.25
2025-12-04,HW-002,6,288.75
2025-12-04,HW-003,2,102.90
2025-12-04,HW-004,2,719.25
2025-12-04,HW-005,1,50.40
2025-12-04,HW-006,1,29.40
2025-12-04,HW-010,8,16.80
2025-12-04,PC-001,15,52.00
2025-12-04,PC-002,10,32.00
2025-12-04,PC-003,10,68.00
2025-12-04,PC-004,5,38.00
2025-12-04,PC-005,2,95.00
2025-12-04,PC-006,4,135.00
2025-12-04,PC-007,4,38.00
2025-12-04,PC-008,4,79.00
2025-12-04,PC-009,15,49.00
2025-12-04,SO-001,20,30.00
2025-12-04,SO-003,2,260.00
2025-12-04,SO-004,2,72.00
2025-12-04,SO-005,2,85.00
2025-12-04,SO-006,2,95.00
2025-12-04,SO-009,1,78.00
2025-12-05,FB-001,18,131.25
2025-12-05,FB-002,74,14.70
2025-12-05,FB-003,27,25.20
2025-12-05,FB-005,18,120.75
2025-12-05,FB-006,33,69.30
2025-12-05,FB-008,12,35.70
2025-12-05,FB-009,39,71.40
2025-12-05,FB-010,9,162.75
2025-12-05,HC-001,10,55.00
2025-12-05,HC-002,8,115.00
2025-12-05,HC-003,4,42.00
2025-12-05,HC-004,4,62.00
2025-12-05,HC-005,7,98.00
2025-12-05,HC-006,2,82.00
2025-12-05,HC-007,5,28.00
2025-12-05,HC-008,7,62.00
2025-12-05,HC-009,3,135.00
2025-12-05,HW-002,6,288.75
2025-12-05,HW-003,1,102.90
2025-12-05,HW-005,1,50.40
2025-12-05,HW-008,1,131.25
2025-12-05,HW-010,9,16.80
2025-12-05,PC-001,10,52.00
2025-12-05,PC-002,11,32.00
2025-12-05,PC-003,11,68.00
2025-12-05,PC-004,8,38.00
2025-12-05,PC-005,7,95.00
2025-12-05,PC-006,1,135.00
2025-12-05,PC-007,3,38.00
2025-12-05,PC-008,2,79.00
2025-12-05,PC-009,12,49.00
2025-12-05,SO-001,9,30.00
2025-12-05,SO-002,2,90.00
2025-12-05,SO-003,4,260.00
2025-12-05,SO-004,3,72.00
2025-12-05,SO-005,1,85.00
2025-12-05,SO-006,1,95.00
2025-12-05,SO-007,1,45.00
2025-12-05,SO-008,3,35.00
2025-12-05,SO-009,1,78.00
2025-12-06,FB-001,28,131.25
2025-12-06,FB-002,99,14.70
2025-12-06,FB-003,42,25.20
2025-12-06,FB-004,18,81.90
2025-12-06,FB-005,15,120.75
2025-12-06,FB-006,43,69.30
2025-12-06,FB-007,3,288.75
2025-12-06,FB-008,24,35.70
2025-12-06,FB-009,54,71.40
2025-12-06,FB-010,11,162.75
2025-12-06,HC-001,14,55.00
2025-12-06,HC-002,17,115.00
2025-12-06,HC-003,6,42.00
2025-12-06,HC-004,5,62.00
2025-12-06,HC-005,4,98.00
2025-12-06,HC-006,2,82.00
2025-12-06,HC-007,9,28.00
2025-12-06,HC-008,12,62.00
2025-12-06,HC-009,2,135.00
2025-12-06,HW-001,2,89.25
2025-12-06,HW-002,11,288.75
2025-12-06,HW-004,1,719.25
2025-12-06,HW-005,2,50.40
2025-12-06,HW-006,1,29.40
2025-12-06,HW-008,1,131.25
2025-12-06,HW-010,12,16.80
2025-12-06,PC-001,11,52.00
2025-12-06,PC-002,10,32.00
2025-12-06,PC-003,10,68.00
2025-12-06,PC-004,9,38.00
2025-12-06,PC-005,6,95.00
2025-12-06,PC-006,4,135.00
2025-12-06,PC-007,4,38.00
2025-12-06,PC-008,4,79.00
2025-12-06,PC-009,5,49.00
2025-12-06,SO-001,6,30.00
2025-12-06,SO-002,2,90.00
2025-12-06,SO-003,2,260.00
2025-12-06,SO-004,3,72.00
2025-12-06,SO-005,1,85.00
2025-12-06,SO-006,1,95.00
2025-12-06,SO-007,2,45.00
2025-12-06,SO-008,3,35.00
2025-12-06,SO-009,4,78.00
2025-12-07,FB-001,28,131.25
2025-12-07,FB-002,77,14.70
2025-12-07,FB-003,26,25.20
2025-12-07,FB-004,12,81.90
2025-12-07,FB-005,21,120.75
2025-12-07,FB-006,40,69.30
2025-12-07,FB-007,8,288.75
2025-12-07,FB-008,14,35.70
2025-12-07,FB-009,36,71.40
2025-12-07,FB-010,12,162.75
2025-12-07,HC-001,12,55.00
2025-12-07,HC-002,13,115.00
2025-12-07,HC-003,5,42.00
2025-12-07,HC-004,9,62.00
2025-12-07,HC-005,5,98.00
2025-12-07,HC-006,2,82.00
2025-12-07,HC-007,10,28.00
2025-12-07,HC-008,4,62.00
2025-12-07,HC-009,2,135.00
2025-12-07,HW-001,1,89.25
2025-12-07,HW-002,2,288.75
2025-12-07,HW-005,1,50.40
2025-12-07,HW-009,2,624.75
2025-12-07,HW-010,8,16.80
2025-12-07,PC-001,8,52.00
2025-12-07,PC-002,15,32.00
2025-12-07,PC-003,8,68.00
2025-12-07,PC-004,2,38.00
2025-12-07,PC-005,7,95.00
2025-12-07,PC-006,6,135.00
2025-12-07,PC-007,2,38.00
2025-12-07,PC-008,4,79.00
2025-12-07,PC-009,7,49.00
2025-12-07,SO-001,6,30.00
2025-12-07,SO-002,2,90.00
2025-12-07,SO-003,1,260.00
2025-12-07,SO-004,1,72.00
2025-12-07,SO-008,3,35.00
2025-12-07,SO-009,1,78.00
2025-12-08,FB-001,19,131.25
2025-12-08,FB-002,61,14.70
2025-12-08,FB-003,24,25.20
2025-12-08,FB-004,6,81.90
2025-12-08,FB-005,9,120.75
2025-12-08,FB-006,37,69.30
2025-12-08,FB-007,14,288.75
2025-12-08,FB-008,6,35.70
2025-12-08,FB-009,35,71.40
2025-12-08,FB-010,10,162.75
2025-12-08,HC-001,9,55.00
2025-12-08,HC-002,10,115.00
2025-12-08,HC-003,9,42.00
2025-12-08,HC-004,3,62.00
2025-12-08,HC-005,4,98.00
2025-12-08,HC-006,8,82.00
2025-12-08,HC-007,5,28.00
2025-12-08,HC-008,8,62.00
2025-12-08,HC-009,5,135.00
2025-12-08,HW-002,3,288.75
2025-12-08,HW-003,2,102.90
2025-12-08,HW-005,1,50.40
2025-12-08,HW-006,1,29.40
2025-12-08,HW-007,2,39.90
2025-12-08,HW-010,4,16.80
2025-12-08,PC-001,6,52.00
2025-12-08,PC-002,10,32.00
2025-12-08,PC-003,8,68.00
2025-12-08,PC-004,6,38.00
2025-12-08,PC-005,8,95.00
2025-12-08,PC-006,1,135.00
2025-12-08,PC-007,8,38.00
2025-12-08,PC-008,4,79.00
2025-12-08,PC-009,6,49.00
2025-12-08,SO-001,12,30.00
2025-12-08,SO-002,4,90.00
2025-12-08,SO-003,1,260.00
2025-12-08,SO-004,4,72.00
2025-12-08,SO-005,2,85.00
2025-12-08,SO-006,3,95.00
2025-12-08,SO-007,1,45.00
2025-12-08,SO-008,5,35.00
2025-12-09,FB-001,18,131.25
2025-12-09,FB-002,87,14.70
2025-12-09,FB-003,22,25.20
2025-12-09,FB-004,12,81.90
2025-12-09,FB-005,11,120.75
2025-12-09,FB-006,28,69.30
2025-12-09,FB-007,7,288.75
2025-12-09,FB-008,10,35.70
2025-12-09,FB-009,32,71.40
2025-12-09,FB-010,8,162.75
2025-12-09,HC-001,11,55.00
2025-12-09,HC-002,6,115.00
2025-12-09,HC-003,10,42.00
2025-12-09,HC-004,11,62.00
2025-12-09,HC-005,4,98.00
2025-12-09,HC-006,4,82.00
2025-12-09,HC-007,7,28.00
2025-12-09,HC-008,7,62.00
2025-12-09,HC-009,1,135.00
2025-12-09,HW-001,3,89.25
2025-12-09,HW-002,4,288.75
2025-12-09,HW-003,1,102.90
2025-12-09,HW-004,1,719.25
2025-12-09,HW-006,1,29.40
2025-12-09,HW-007,1,39.90
2025-12-09,HW-008,1,131.25
2025-12-09,HW-009,1,624.75
2025-12-09,HW-010,10,16.80
2025-12-09,PC-001,9,52.00
2025-12-09,PC-002,6,32.00
2025-12-09,PC-003,8,68.00
2025-12-09,PC-004,2,38.00
2025-12-09,PC-005,4,95.00
2025-12-09,PC-006,1,135.00
2025-12-09,PC-007,5,38.00
2025-12-09,PC-008,5,79.00
2025-12-09,PC-009,7,49.00
2025-12-09,SO-001,8,30.00
2025-12-09,SO-002,5,90.00
2025-12-09,SO-003,4,260.00
2025-12-09,SO-004,3,72.00
2025-12-09,SO-005,3,85.00
2025-12-09,SO-006,1,95.00
2025-12-09,SO-007,1,45.00
2025-12-09,SO-008,2,35.00
2025-12-10,FB-001,23,131.25
2025-12-10,FB-002,77,14.70
2025-12-10,FB-003,14,25.20
2025-12-10,FB-004,13,81.90
2025-12-10,FB-005,13,120.75
2025-12-10,FB-006,36,69.30
2025-12-10,FB-007,8,288.75
2025-12-10,FB-008,12,35.70
2025-12-10,FB-009,39,71.40
2025-12-10,FB-010,7,162.75
2025-12-10,HC-001,12,55.00
2025-12-10,HC-002,6,115.00
2025-12-10,HC-003,6,42.00
2025-12-10,HC-004,4,62.00
2025-12-10,HC-005,2,98.00
2025-12-10,HC-006,3,82.00
2025-12-10,HC-007,13,28.00
2025-12-10,HC-008,7,62.00
2025-12-10,HC-009,3,135.00
2025-12-10,HW-001,3,89.25
2025-12-10,HW-002,2,288.75
2025-12-10,HW-005,4,50.40
2025-12-10,HW-007,1,39.90
2025-12-10,HW-008,1,131.25
2025-12-10,HW-010,8,16.80
2025-12-10,PC-001,16,52.00
2025-12-10,PC-002,8,32.00
2025-12-10,PC-003,8,68.00
2025-12-10,PC-004,5,38.00
2025-12-10,PC-005,3,95.00
2025-12-10,PC-006,2,135.00
2025-12-10,PC-007,3,38.00
2025-12-10,PC-008,4,79.00
2025-12-10,PC-009,5,49.00
2025-12-10,SO-001,8,30.00
2025-12-10,SO-002,5,90.00
2025-12-10,SO-003,3,260.00
2025-12-10,SO-004,3,72.00
2025-12-10,SO-005,2,85.00
2025-12-10,SO-006,3,95.00
2025-12-10,SO-008,2,35.00
2025-12-10,SO-009,1,78.00
2025-12-11,FB-001,19,131.25
2025-12-11,FB-002,92,14.70
2025-12-11,FB-003,36,25.20
2025-12-11,FB-004,18,81.90
2025-12-11,FB-005,16,120.75
2025-12-11,FB-006,20,69.30
2025-12-11,FB-007,11,288.75
2025-12-11,FB-008,13,35.70
2025-12-11,FB-009,40,71.40
2025-12-11,FB-010,15,162.75
2025-12-11,HC-001,17,55.00
2025-12-11,HC-002,8,115.00
2025-12-11,HC-003,5,42.00
2025-12-11,HC-004,7,62.00
2025-12-11,HC-005,12,98.00
2025-12-11,HC-006,3,82.00
2025-12-11,HC-007,4,28.00
2025-12-11,HC-008,11,62.00
2025-12-11,HC-009,1,135.00
2025-12-11,HW-001,2,89.25
2025-12-11,HW-002,2,288.75
2025-12-11,HW-004,1,719.25
2025-12-11,HW-005,1,50.40
2025-12-11,HW-010,8,16.80
2025-12-11,PC-001,14,52.00
2025-12-11,PC-002,4,32.00
2025-12-11,PC-003,8,68.00
2025-12-11,PC-004,3,38.00
2025-12-11,PC-005,2,95.00
2025-12-11,PC-006,3,135.00
2025-12-11,PC-007,7,38.00
2025-12-11,PC-008,7,79.00
2025-12-11,PC-009,18,49.00
2025-12-11,SO-001,8,30.00
2025-12-11,SO-002,4,90.00
2025-12-11,SO-003,4,260.00
2025-12-11,SO-004,8,72.00
2025-12-11,SO-005,5,85.00
2025-12-11,SO-006,3,95.00
2025-12-11,SO-008,4,35.00
2025-12-11,SO-009,1,78.00
2025-12-12,FB-001,27,131.25
2025-12-12,FB-002,112,14.70
2025-12-12,FB-003,25,25.20
2025-12-12,FB-004,10,81.90
2025-12-12,FB-005,20,120.75
2025-12-12,FB-006,41,69.30
2025-12-12,FB-007,11,288.75
2025-12-12,FB-008,9,35.70
2025-12-12,FB-009,38,71.40
2025-12-12,FB-010,5,162.75
2025-12-12,HC-001,9,55.00
2025-12-12,HC-002,12,115.00
2025-12-12,HC-003,10,42.00
2025-12-12,HC-004,8,62.00
2025-12-12,HC-005,5,98.00
2025-12-12,HC-006,5,82.00
2025-12-12,HC-007,7,28.00
2025-12-12,HC-008,10,62.00
2025-12-12,HC-009,4,135.00
2025-12-12,HW-001,2,89.25
2025-12-12,HW-002,6,288.75
2025-12-12,HW-003,1,102.90
2025-12-12,HW-005,1,50.40
2025-12-12,HW-006,1,29.40
2025-12-12,HW-009,2,624.75
2025-12-12,HW-010,7,16.80
2025-12-12,PC-001,9,52.00
2025-12-12,PC-002,4,32.00
2025-12-12,PC-003,4,68.00
2025-12-12,PC-004,3,38.00
2025-12-12,PC-005,4,95.00
2025-12-12,PC-006,5,135.00
2025-12-12,PC-007,7,38.00
2025-12-12,PC-008,6,79.00
2025-12-12,PC-009,5,49.00
2025-12-12,SO-001,10,30.00
2025-12-12,SO-002,4,90.00
2025-12-12,SO-003,5,260.00
2025-12-12,SO-004,3,72.00
2025-12-12,SO-006,2,95.00
2025-12-12,SO-007,4,45.00
2025-12-12,SO-008,1,35.00
2025-12-12,SO-009,1,78.00
2025-12-13,FB-001,37,131.25
2025-12-13,FB-002,142,14.70
2025-12-13,FB-003,28,25.20
2025-12-13,FB-004,19,81.90
2025-12-13,FB-005,17,120.75
2025-12-13,FB-006,65,69.30
2025-12-13,FB-007,14,288.75
2025-12-13,FB-008,9,35.70
2025-12-13,FB-009,51,71.40
2025-12-13,HC-001,19,55.00
2025-12-13,HC-002,9,115.00
2025-12-13,HC-003,14,42.00
2025-12-13,HC-004,3,62.00
2025-12-13,HC-005,5,98.00
2025-12-13,HC-006,1,82.00
2025-12-13,HC-007,8,28.00
2025-12-13,HC-008,16,62.00
2025-12-13,HC-009,9,135.00
2025-12-13,HW-001,3,89.25
2025-12-13,HW-002,12,288.75
2025-12-13,HW-003,2,102.90
2025-12-13,HW-004,3,719.25
2025-12-13,HW-006,1,29.40
2025-12-13,HW-008,1,131.25
2025-12-13,HW-010,11,16.80
2025-12-13,PC-001,14,52.00
2025-12-13,PC-002,7,32.00
2025-12-13,PC-003,7,68.00
2025-12-13,PC-004,2,38.00
2025-12-13,PC-005,5,95.00
2025-12-13,PC-006,4,135.00
2025-12-13,PC-007,4,38.00
2025-12-13,PC-008,5,79.00
2025-12-13,PC-009,6,49.00
2025-12-13,SO-001,11,30.00
2025-12-13,SO-002,2,90.00
2025-12-13,SO-003,1,260.00
2025-12-13,SO-004,7,72.00
2025-12-13,SO-005,2,85.00
2025-12-13,SO-008,1,35.00
2025-12-13,SO-009,2,78.00
2025-12-14,FB-001,30,131.25
2025-12-14,FB-002,150,14.70
2025-12-14,FB-003,34,25.20
2025-12-14,FB-004,14,81.90
2025-12-14,FB-005,19,120.75
2025-12-14,FB-006,45,69.30
2025-12-14,FB-007,9,288.75
2025-12-14,FB-008,18,35.70
2025-12-14,FB-009,60,71.40
2025-12-14,HC-001,12,55.00
2025-12-14,HC-002,6,115.00
2025-12-14,HC-003,11,42.00
2025-12-14,HC-005,7,98.00
2025-12-14,HC-006,4,82.00
2025-12-14,HC-007,6,28.00
2025-12-14,HC-008,14,62.00
2025-12-14,HC-009,2,135.00
2025-12-14,HW-001,1,89.25
2025-12-14,HW-002,3,288.75
2025-12-14,HW-003,1,102.90
2025-12-14,HW-009,1,624.75
2025-12-14,HW-010,7,16.80
2025-12-14,PC-001,13,52.00
2025-12-14,PC-002,8,32.00
2025-12-14,PC-003,12,68.00
2025-12-14,PC-004,5,38.00
2025-12-14,PC-005,4,95.00
2025-12-14,PC-007,4,38.00
2025-12-14,PC-008,8,79.00
2025-12-14,PC-009,9,49.00
2025-12-14,SO-001,3,30.00
2025-12-14,SO-003,4,260.00
2025-12-14,SO-004,3,72.00
2025-12-14,SO-005,1,85.00
2025-12-14,SO-007,2,45.00
2025-12-14,SO-008,3,35.00
2025-12-14,SO-009,1,78.00
2025-12-15,FB-001,33,131.25
2025-12-15,FB-002,129,14.70
2025-12-15,FB-003,38,25.20
2025-12-15,FB-004,19,81.90
2025-12-15,FB-005,19,120.75
2025-12-15,FB-006,47,69.30
2025-12-15,FB-007,10,288.75
2025-12-15,FB-008,8,35.70
2025-12-15,FB-009,45,71.40
2025-12-15,FB-010,11,162.75
2025-12-15,HC-001,19,55.00
2025-12-15,HC-002,8,115.00
2025-12-15,HC-003,3,42.00
2025-12-15,HC-004,12,62.00
2025-12-15,HC-005,3,98.00
2025-12-15,HC-007,4,28.00
2025-12-15,HC-008,14,62.00
2025-12-15,HC-009,2,135.00
2025-12-15,HW-001,5,89.25
2025-12-15,HW-002,2,288.75
2025-12-15,HW-005,1,50.40
2025-12-15,HW-007,1,39.90
2025-12-15,HW-010,16,16.80
2025-12-15,PC-001,14,52.00
2025-12-15,PC-002,7,32.00
2025-12-15,PC-003,8,68.00
2025-12-15,PC-004,4,38.00
2025-12-15,PC-005,8,95.00
2025-12-15,PC-006,3,135.00
2025-12-15,PC-007,6,38.00
2025-12-15,PC-008,3,79.00
2025-12-15,PC-009,8,49.00
2025-12-15,SO-001,12,30.00
2025-12-15,SO-002,5,90.00
2025-12-15,SO-003,2,260.00
2025-12-15,SO-004,1,72.00
2025-12-15,SO-005,2,85.00
2025-12-15,SO-006,2,95.00
2025-12-15,SO-008,3,35.00
2025-12-15,SO-009,1,78.00
2025-12-16,FB-001,29,131.25
2025-12-16,FB-002,126,14.70
2025-12-16,FB-003,38,25.20
2025-12-16,FB-004,9,81.90
2025-12-16,FB-005,23,120.75
2025-12-16,FB-006,35,69.30
2025-12-16,FB-009,31,71.40
2025-12-16,FB-010,8,162.75
2025-12-16,HC-001,13,55.00
2025-12-16,HC-002,5,115.00
2025-12-16,HC-003,3,42.00
2025-12-16,HC-004,5,62.00
2025-12-16,HC-005,6,98.00
2025-12-16,HC-007,2,28.00
2025-12-16,HC-008,7,62.00
2025-12-16,HC-009,5,135.00
2025-12-16,HW-001,2,89.25
2025-12-16,HW-002,8,288.75
2025-12-16,HW-004,1,719.25
2025-12-16,HW-005,1,50.40
2025-12-16,HW-006,1,29.40
2025-12-16,HW-007,2,39.90
2025-12-16,HW-008,1,131.25
2025-12-16,HW-009,1,624.75
2025-12-16,HW-010,6,16.80
2025-12-16,PC-001,6,52.00
2025-12-16,PC-002,3,32.00
2025-12-16,PC-003,12,68.00
2025-12-16,PC-004,3,38.00
2025-12-16,PC-005,2,95.00
2025-12-16,PC-006,5,135.00
2025-12-16,PC-007,2,38.00
2025-12-16,PC-008,3,79.00
2025-12-16,PC-009,9,49.00
2025-12-16,SO-001,13,30.00
2025-12-16,SO-002,2,90.00
2025-12-16,SO-003,5,260.00
2025-12-16,SO-004,3,72.00
2025-12-16,SO-005,3,85.00
2025-12-16,SO-006,2,95.00
2025-12-16,SO-007,1,45.00
2025-12-16,SO-008,5,35.00
2025-12-17,FB-001,25,131.25
2025-12-17,FB-003,18,25.20
2025-12-17,FB-004,16,81.90
2025-12-17,FB-005,10,120.75
2025-12-17,FB-008,6,35.70
2025-12-17,FB-009,28,71.40
2025-12-17,FB-010,8,162.75
2025-12-17,HC-001,16,55.00
2025-12-17,HC-002,12,115.00
2025-12-17,HC-003,9,42.00
2025-12-17,HC-004,10,62.00
2025-12-17,HC-005,10,98.00
2025-12-17,HC-006,6,82.00
2025-12-17,HC-007,6,28.00
2025-12-17,HC-008,11,62.00
2025-12-17,HW-001,1,89.25
2025-12-17,HW-002,6,288.75
2025-12-17,HW-003,3,102.90
2025-12-17,HW-004,1,719.25
2025-12-17,HW-010,7,16.80
2025-12-17,PC-001,8,52.00
2025-12-17,PC-002,12,32.00
2025-12-17,PC-003,6,68.00
2025-12-17,PC-004,3,38.00
2025-12-17,PC-005,4,95.00
2025-12-17,PC-006,2,135.00
2025-12-17,PC-007,2,38.00
2025-12-17,PC-008,4,79.00
2025-12-17,PC-009,10,49.00
2025-12-17,SO-001,8,30.00
2025-12-17,SO-002,5,90.00
2025-12-17,SO-003,1,260.00
2025-12-17,SO-004,3,72.00
2025-12-17,SO-005,3,85.00
2025-12-17,SO-006,2,95.00
2025-12-17,SO-007,1,45.00
2025-12-17,SO-008,4,35.00
2025-12-17,SO-009,1,78.00
2025-12-18,FB-001,27,131.25
2025-12-18,FB-003,29,25.20
2025-12-18,FB-004,16,81.90
2025-12-18,FB-005,28,120.75
2025-12-18,FB-006,24,69.30
2025-12-18,FB-007,17,288.75
2025-12-18,FB-008,6,35.70
2025-12-18,FB-009,28,71.40
2025-12-18,FB-010,9,162.75
2025-12-18,HC-001,7,55.00
2025-12-18,HC-002,11,115.00
2025-12-18,HC-003,7,42.00
2025-12-18,HC-004,5,62.00
2025-12-18,HC-005,5,98.00
2025-12-18,HC-006,3,82.00
2025-12-18,HC-007,6,28.00
2025-12-18,HC-008,7,62.00
2025-12-18,HC-009,5,135.00
2025-12-18,HW-002,4,288.75
2025-12-18,HW-003,1,102.90
2025-12-18,HW-005,1,50.40
2025-12-18,HW-008,1,131.25
2025-12-18,HW-010,13,16.80
2025-12-18,PC-001,6,52.00
2025-12-18,PC-002,13,32.00
2025-12-18,PC-003,6,68.00
2025-12-18,PC-004,3,38.00
2025-12-18,PC-005,4,95.00
2025-12-18,PC-006,3,135.00
2025-12-18,PC-007,6,38.00
2025-12-18,PC-008,3,79.00
2025-12-18,PC-009,10,49.00
2025-12-18,SO-001,12,30.00
2025-12-18,SO-002,5,90.00
2025-12-18,SO-003,1,260.00
2025-12-18,SO-004,3,72.00
2025-12-18,SO-005,2,85.00
2025-12-18,SO-006,1,95.00
2025-12-18,SO-007,1,45.00
2025-12-18,SO-008,3,35.00
2025-12-18,SO-009,1,78.00
2025-12-19,FB-001,23,131.25
2025-12-19,FB-002,141,14.70
2025-12-19,FB-003,30,25.20
2025-12-19,FB-004,13,81.90
2025-12-19,FB-005,30,120.75
2025-12-19,FB-006,38,69.30
2025-12-19,FB-007,19,288.75
2025-12-19,FB-008,18,35.70
2025-12-19,FB-010,13,162.75
2025-12-19,HC-001,15,55.00
2025-12-19,HC-002,10,115.00
2025-12-19,HC-003,8,42.00
2025-12-19,HC-004,6,62.00
2025-12-19,HC-005,6,98.00
2025-12-19,HC-006,1,82.00
2025-12-19,HC-007,5,28.00
2025-12-19,HC-008,8,62.00
2025-12-19,HC-009,5,135.00
2025-12-19,HW-001,5,89.25
2025-12-19,HW-002,4,288.75
2025-12-19,HW-003,1,102.90
2025-12-19,HW-004,1,719.25
2025-12-19,HW-006,1,29.40
2025-12-19,HW-007,1,39.90
2025-12-19,HW-009,2,624.75
2025-12-19,HW-010,2,16.80
2025-12-19,PC-001,10,52.00
2025-12-19,PC-002,11,32.00
2025-12-19,PC-003,5,68.00
2025-12-19,PC-004,4,38.00
2025-12-19,PC-005,7,95.00
2025-12-19,PC-006,3,135.00
2025-12-19,PC-007,6,38.00
2025-12-19,PC-008,5,79.00
2025-12-19,PC-009,11,49.00
2025-12-19,SO-001,9,30.00
2025-12-19,SO-002,2,90.00
2025-12-19,SO-003,4,260.00
2025-12-19,SO-004,2,72.00
2025-12-19,SO-005,3,85.00
2025-12-19,SO-006,1,95.00
2025-12-19,SO-008,2,35.00
2025-12-19,SO-009,3,78.00
2025-12-20,FB-001,40,131.25
2025-12-20,FB-002,147,14.70
2025-12-20,FB-003,12,25.20
2025-12-20,FB-004,17,81.90
2025-12-20,FB-005,33,120.75
2025-12-20,FB-006,52,69.30
2025-12-20,FB-007,14,288.75
2025-12-20,FB-008,9,35.70
2025-12-20,FB-009,52,71.40
2025-12-20,FB-010,14,162.75
2025-12-20,HC-001,14,55.00
2025-12-20,HC-002,6,115.00
2025-12-20,HC-003,11,42.00
2025-12-20,HC-004,5,62.00
2025-12-20,HC-005,6,98.00
2025-12-20,HC-006,4,82.00
2025-12-20,HC-007,12,28.00
2025-12-20,HC-008,12,62.00
2025-12-20,HC-009,3,135.00
2025-12-20,HW-001,2,89.25
2025-12-20,HW-002,7,288.75
2025-12-20,HW-003,1,102.90
2025-12-20,HW-005,1,50.40
2025-12-20,HW-006,2,29.40
2025-12-20,HW-008,1,131.25
2025-12-20,HW-010,4,16.80
2025-12-20,PC-001,2,52.00
2025-12-20,PC-002,10,32.00
2025-12-20,PC-003,10,68.00
2025-12-20,PC-004,4,38.00
2025-12-20,PC-005,4,95.00
2025-12-20,PC-006,3,135.00
2025-12-20,PC-007,6,38.00
2025-12-20,PC-008,2,79.00
2025-12-20,PC-009,9,49.00
2025-12-20,SO-001,8,30.00
2025-12-20,SO-002,2,90.00
2025-12-20,SO-003,3,260.00
2025-12-20,SO-006,2,95.00
2025-12-20,SO-007,2,45.00
2025-12-20,SO-008,2,35.00
2025-12-21,FB-001,27,131.25
2025-12-21,FB-002,136,14.70
2025-12-21,FB-004,19,81.90
2025-12-21,FB-005,22,120.75
2025-12-21,FB-006,41,69.30
2025-12-21,FB-007,10,288.75
2025-12-21,FB-008,7,35.70
2025-12-21,FB-009,54,71.40
2025-12-21,FB-010,19,162.75
2025-12-21,HC-001,13,55.00
2025-12-21,HC-002,18,115.00
2025-12-21,HC-003,7,42.00
2025-12-21,HC-004,6,62.00
2025-12-21,HC-005,5,98.00
2025-12-21,HC-006,7,82.00
2025-12-21,HC-007,9,28.00
2025-12-21,HC-008,18,62.00
2025-12-21,HC-009,4,135.00
2025-12-21,HW-001,1,89.25
2025-12-21,HW-002,3,288.75
2025-12-21,HW-007,1,39.90
2025-12-21,HW-009,2,624.75
2025-12-21,HW-010,7,16.80
2025-12-21,PC-001,12,52.00
2025-12-21,PC-002,8,32.00
2025-12-21,PC-003,8,68.00
2025-12-21,PC-004,4,38.00
2025-12-21,PC-005,3,95.00
2025-12-21,PC-007,4,38.00
2025-12-21,PC-009,7,49.00
2025-12-21,SO-001,4,30.00
2025-12-21,SO-002,1,90.00
2025-12-21,SO-003,1,260.00
2025-12-21,SO-004,5,72.00
2025-12-21,SO-005,1,85.00
2025-12-21,SO-006,2,95.00
2025-12-21,SO-007,1,45.00
2025-12-21,SO-008,3,35.00
2025-12-22,FB-001,33,131.25
2025-12-22,FB-002,94,14.70
2025-12-22,FB-004,17,81.90
2025-12-22,FB-005,27,120.75
2025-12-22,FB-006,32,69.30
2025-12-22,FB-007,9,288.75
2025-12-22,FB-008,11,35.70
2025-12-22,FB-009,33,71.40
2025-12-22,FB-010,2,162.75
2025-12-22,HC-001,14,55.00
2025-12-22,HC-002,9,115.00
2025-12-22,HC-003,6,42.00
2025-12-22,HC-004,3,62.00
2025-12-22,HC-005,3,98.00
2025-12-22,HC-006,4,82.00
2025-12-22,HC-007,6,28.00
2025-12-22,HC-008,10,62.00
2025-12-22,HC-009,1,135.00
2025-12-22,HW-001,3,89.25
2025-12-22,HW-002,7,288.75
2025-12-22,HW-005,2,50.40
2025-12-22,HW-007,2,39.90
2025-12-22,HW-008,1,131.25
2025-12-22,HW-009,2,624.75
2025-12-22,HW-010,5,16.80
2025-12-22,PC-001,12,52.00
2025-12-22,PC-002,4,32.00
2025-12-22,PC-003,6,68.00
2025-12-22,PC-004,4,38.00
2025-12-22,PC-005,5,95.00
2025-12-22,PC-007,5,38.00
2025-12-22,PC-008,3,79.00
2025-12-22,PC-009,4,49.00
2025-12-22,SO-001,6,30.00
2025-12-22,SO-002,2,90.00
2025-12-22,SO-003,2,260.00
2025-12-22,SO-005,1,85.00
2025-12-22,SO-006,2,95.00
2025-12-22,SO-007,4,45.00
2025-12-22,SO-008,2,35.00
2025-12-22,SO-009,1,78.00
2025-12-23,FB-001,13,131.25
2025-12-23,FB-002,70,14.70
2025-12-23,FB-003,28,25.20
2025-12-23,FB-004,17,81.90
2025-12-23,FB-005,4,120.75
2025-12-23,FB-006,29,69.30
2025-12-23,FB-007,6,288.75
2025-12-23,FB-008,7,35.70
2025-12-23,FB-009,46,71.40
2025-12-23,HC-001,13,55.00
2025-12-23,HC-002,9,115.00
2025-12-23,HC-003,4,42.00
2025-12-23,HC-004,4,62.00
2025-12-23,HC-005,5,98.00
2025-12-23,HC-006,4,82.00
2025-12-23,HC-007,13,28.00
2025-12-23,HC-008,4,62.00
2025-12-23,HC-009,2,135.00
2025-12-23,HW-001,2,89.25
2025-12-23,HW-002,7,288.75
2025-12-23,HW-006,1,29.40
2025-12-23,HW-010,6,16.80
2025-12-23,PC-001,13,52.00
2025-12-23,PC-002,14,32.00
2025-12-23,PC-003,3,68.00
2025-12-23,PC-004,1,38.00
2025-12-23,PC-005,7,95.00
2025-12-23,PC-006,4,135.00
2025-12-23,PC-007,4,38.00
2025-12-23,PC-008,6,79.00
2025-12-23,PC-009,10,49.00
2025-12-23,SO-001,11,30.00
2025-12-23,SO-002,6,90.00
2025-12-23,SO-003,2,260.00
2025-12-23,SO-004,8,72.00
2025-12-23,SO-006,1,95.00
2025-12-23,SO-007,3,45.00
2025-12-23,SO-008,5,35.00
2025-12-23,SO-009,3,78.00
2025-12-24,FB-001,25,131.25
2025-12-24,FB-002,71,14.70
2025-12-24,FB-003,31,25.20
2025-12-24,FB-004,13,81.90
2025-12-24,FB-006,30,69.30
2025-12-24,FB-007,10,288.75
2025-12-24,FB-008,12,35.70
2025-12-24,FB-009,48,71.40
2025-12-24,HC-001,10,55.00
2025-12-24,HC-002,15,115.00
2025-12-24,HC-003,7,42.00
2025-12-24,HC-004,5,62.00
2025-12-24,HC-005,6,98.00
2025-12-24,HC-006,3,82.00
2025-12-24,HC-007,4,28.00
2025-12-24,HC-008,13,62.00
2025-12-24,HC-009,3,135.00
2025-12-24,HW-002,2,288.75
2025-12-24,HW-003,2,102.90
2025-12-24,HW-005,1,50.40
2025-12-24,HW-006,1,29.40
2025-12-24,HW-008,1,131.25
2025-12-24,HW-010,14,16.80
2025-12-24,PC-001,11,52.00
2025-12-24,PC-002,6,32.00
2025-12-24,PC-003,4,68.00
2025-12-24,PC-004,7,38.00
2025-12-24,PC-005,3,95.00
2025-12-24,PC-007,3,38.00
2025-12-24,PC-008,6,79.00
2025-12-24,PC-009,13,49.00
2025-12-24,SO-001,10,30.00
2025-12-24,SO-002,4,90.00
2025-12-24,SO-003,1,260.00
2025-12-24,SO-004,5,72.00
2025-12-24,SO-005,1,85.00
2025-12-24,SO-006,2,95.00
2025-12-24,SO-007,1,45.00
2025-12-24,SO-008,2,35.00
2025-12-24,SO-009,1,78.00
2025-12-26,FB-001,29,131.25
2025-12-26,FB-002,95,14.70
2025-12-26,FB-003,43,25.20
2025-12-26,FB-004,22,81.90
2025-12-26,FB-006,26,69.30
2025-12-26,FB-008,19,35.70
2025-12-26,FB-009,55,71.40
2025-12-26,HC-001,11,55.00
2025-12-26,HC-002,8,115.00
2025-12-26,HC-003,6,42.00
2025-12-26,HC-004,7,62.00
2025-12-26,HC-005,9,98.00
2025-12-26,HC-006,2,82.00
2025-12-26,HC-007,6,28.00
2025-12-26,HC-008,8,62.00
2025-12-26,HW-001,3,89.25
2025-12-26,HW-002,10,288.75
2025-12-26,HW-008,1,131.25
2025-12-26,HW-010,3,16.80
2025-12-26,PC-001,13,52.00
2025-12-26,PC-002,5,32.00
2025-12-26,PC-003,4,68.00
2025-12-26,PC-004,8,38.00
2025-12-26,PC-005,4,95.00
2025-12-26,PC-006,4,135.00
2025-12-26,PC-007,4,38.00
2025-12-26,PC-008,7,79.00
2025-12-26,PC-009,10,49.00
2025-12-26,SO-001,8,30.00
2025-12-26,SO-002,4,90.00
2025-12-26,SO-003,4,260.00
2025-12-26,SO-004,4,72.00
2025-12-26,SO-005,1,85.00
2025-12-26,SO-007,2,45.00
2025-12-26,SO-008,3,35.00
2025-12-26,SO-009,2,78.00
2025-12-27,FB-001,18,131.25
2025-12-27,FB-002,86,14.70
2025-12-27,FB-003,69,25.20
2025-12-27,FB-004,24,81.90
2025-12-27,FB-005,24,120.75
2025-12-27,FB-006,34,69.30
2025-12-27,FB-007,18,288.75
2025-12-27,FB-008,16,35.70
2025-12-27,FB-009,48,71.40
2025-12-27,FB-010,14,162.75
2025-12-27,HC-001,12,55.00
2025-12-27,HC-002,19,115.00
2025-12-27,HC-003,2,42.00
2025-12-27,HC-004,11,62.00
2025-12-27,HC-005,7,98.00
2025-12-27,HC-006,4,82.00
2025-12-27,HC-007,8,28.00
2025-12-27,HC-008,11,62.00
2025-12-27,HC-009,4,135.00
2025-12-27,HW-001,3,89.25
2025-12-27,HW-002,7,288.75
2025-12-27,HW-003,2,102.90
2025-12-27,HW-004,1,719.25
2025-12-27,HW-005,2,50.40
2025-12-27,HW-007,1,39.90
2025-12-27,HW-008,1,131.25
2025-12-27,HW-010,15,16.80
2025-12-27,PC-001,12,52.00
2025-12-27,PC-002,10,32.00
2025-12-27,PC-003,7,68.00
2025-12-27,PC-004,5,38.00
2025-12-27,PC-005,4,95.00
2025-12-27,PC-006,1,135.00
2025-12-27,PC-007,5,38.00
2025-12-27,PC-008,2,79.00
2025-12-27,PC-009,11,49.00
2025-12-27,SO-001,12,30.00
2025-12-27,SO-002,1,90.00
2025-12-27,SO-003,4,260.00
2025-12-27,SO-004,3,72.00
2025-12-27,SO-005,3,85.00
2025-12-27,SO-008,3,35.00
2025-12-27,SO-009,2,78.00
2025-12-28,FB-001,42,131.25
2025-12-28,FB-002,102,14.70
2025-12-28,FB-003,36,25.20
2025-12-28,FB-004,15,81.90
2025-12-28,FB-005,27,120.75
2025-12-28,FB-006,55,69.30
2025-12-28,FB-007,11,288.75
2025-12-28,FB-008,8,35.70
2025-12-28,FB-010,10,162.75
2025-12-28,HC-001,15,55.00
2025-12-28,HC-002,7,115.00
2025-12-28,HC-004,5,62.00
2025-12-28,HC-005,2,98.00
2025-12-28,HC-006,4,82.00
2025-12-28,HC-007,7,28.00
2025-12-28,HC-008,12,62.00
2025-12-28,HC-009,4,135.00
2025-12-28,HW-002,2,288.75
2025-12-28,HW-004,1,719.25
2025-12-28,HW-005,1,50.40
2025-12-28,HW-010,4,16.80
2025-12-28,PC-001,12,52.00
2025-12-28,PC-002,4,32.00
2025-12-28,PC-003,8,68.00
2025-12-28,PC-004,5,38.00
2025-12-28,PC-005,4,95.00
2025-12-28,PC-006,5,135.00
2025-12-28,PC-007,5,38.00
2025-12-28,PC-008,5,79.00
2025-12-28,PC-009,17,49.00
2025-12-28,SO-001,7,30.00
2025-12-28,SO-002,2,90.00
2025-12-28,SO-003,1,260.00
2025-12-28,SO-004,1,72.00
2025-12-28,SO-005,1,85.00
2025-12-28,SO-008,1,35.00
2025-12-28,SO-009,1,78.00
2025-12-29,FB-001,23,131.25
2025-12-29,FB-002,74,14.70
2025-12-29,FB-003,25,25.20
2025-12-29,FB-004,13,81.90
2025-12-29,FB-005,18,120.75
2025-12-29,FB-006,29,69.30
2025-12-29,FB-007,19,288.75
2025-12-29,FB-008,8,35.70
2025-12-29,FB-010,11,162.75
2025-12-29,HC-001,9,55.00
2025-12-29,HC-002,8,115.00
2025-12-29,HC-003,8,42.00
2025-12-29,HC-004,4,62.00
2025-12-29,HC-005,3,98.00
2025-12-29,HC-006,5,82.00
2025-12-29,HC-007,9,28.00
2025-12-29,HC-008,11,62.00
2025-12-29,HC-009,4,135.00
2025-12-29,HW-001,2,89.25
2025-12-29,HW-002,4,288.75
2025-12-29,HW-004,2,719.25
2025-12-29,HW-007,3,39.90
2025-12-29,HW-008,1,131.25
2025-12-29,HW-009,1,624.75
2025-12-29,HW-010,5,16.80
2025-12-29,PC-001,9,52.00
2025-12-29,PC-002,13,32.00
2025-12-29,PC-003,10,68.00
2025-12-29,PC-004,4,38.00
2025-12-29,PC-005,5,95.00
2025-12-29,PC-006,6,135.00
2025-12-29,PC-007,7,38.00
2025-12-29,PC-008,2,79.00
2025-12-29,PC-009,8,49.00
2025-12-29,SO-001,7,30.00
2025-12-29,SO-002,3,90.00
2025-12-29,SO-003,2,260.00
2025-12-29,SO-004,3,72.00
2025-12-29,SO-005,4,85.00
2025-12-29,SO-006,1,95.00
2025-12-29,SO-007,1,45.00
2025-12-29,SO-008,4,35.00
2025-12-29,SO-009,3,78.00
2025-12-30,FB-001,43,131.25
2025-12-30,FB-002,142,14.70
2025-12-30,FB-003,32,25.20
2025-12-30,FB-004,26,81.90
2025-12-30,FB-005,19,120.75
2025-12-30,FB-006,45,69.30
2025-12-30,FB-007,11,288.75
2025-12-30,FB-008,11,35.70
2025-12-30,FB-009,53,71.40
2025-12-30,FB-010,10,162.75
2025-12-30,HC-001,7,55.00
2025-12-30,HC-002,13,115.00
2025-12-30,HC-003,5,42.00
2025-12-30,HC-004,4,62.00
2025-12-30,HC-005,1,98.00
2025-12-30,HC-006,1,82.00
2025-12-30,HC-007,14,28.00
2025-12-30,HC-008,12,62.00
2025-12-30,HC-009,5,135.00
2025-12-30,HW-001,4,89.25
2025-12-30,HW-002,7,288.75
2025-12-30,HW-003,3,102.90
2025-12-30,HW-004,2,719.25
2025-12-30,HW-007,1,39.90
2025-12-30,HW-009,1,624.75
2025-12-30,HW-010,14,16.80
2025-12-30,PC-001,10,52.00
2025-12-30,PC-002,16,32.00
2025-12-30,PC-003,6,68.00
2025-12-30,PC-004,10,38.00
2025-12-30,PC-005,6,95.00
2025-12-30,PC-006,4,135.00
2025-12-30,PC-007,5,38.00
2025-12-30,PC-008,4,79.00
2025-12-30,PC-009,10,49.00
2025-12-30,SO-001,10,30.00
2025-12-30,SO-002,4,90.00
2025-12-30,SO-003,3,260.00
2025-12-30,SO-004,3,72.00
2025-12-30,SO-005,4,85.00
2025-12-30,SO-007,1,45.00
2025-12-30,SO-008,5,35.00
2025-12-30,SO-009,1,78.00
2025-12-31,FB-001,49,131.25
2025-12-31,FB-002,168,14.70
2025-12-31,FB-004,10,81.90
2025-12-31,FB-005,32,120.75
2025-12-31,FB-006,55,69.30
2025-12-31,FB-007,22,288.75
2025-12-31,FB-008,17,35.70
2025-12-31,FB-009,50,71.40
2025-12-31,FB-010,12,162.75
2025-12-31,HC-001,20,55.00
2025-12-31,HC-002,17,115.00
2025-12-31,HC-003,7,42.00
2025-12-31,HC-004,5,62.00
2025-12-31,HC-005,6,98.00
2025-12-31,HC-006,2,82.00
2025-12-31,HC-007,10,28.00
2025-12-31,HC-008,5,62.00
2025-12-31,HC-009,2,135.00
2025-12-31,HW-001,1,89.25
2025-12-31,HW-002,5,288.75
2025-12-31,HW-003,2,102.90
2025-12-31,HW-005,1,50.40
2025-12-31,HW-006,1,29.40
2025-12-31,HW-008,1,131.25
2025-12-31,HW-010,19,16.80
2025-12-31,PC-001,14,52.00
2025-12-31,PC-002,15,32.00
2025-12-31,PC-003,10,68.00
2025-12-31,PC-004,6,38.00
2025-12-31,PC-005,1,95.00
2025-12-31,PC-007,5,38.00
2025-12-31,PC-008,3,79.00
2025-12-31,PC-009,4,49.00
2025-12-31,SO-001,7,30.00
2025-12-31,SO-002,4,90.00
2025-12-31,SO-003,2,260.00
2025-12-31,SO-004,3,72.00
2025-12-31,SO-005,2,85.00
2025-12-31,SO-006,1,95.00
2025-12-31,SO-008,3,35.00
2026-01-02,FB-001,31,131.25
2026-01-02,FB-002,116,14.70
2026-01-02,FB-004,11,81.90
2026-01-02,FB-005,12,120.75
2026-01-02,FB-006,34,69.30
2026-01-02,FB-007,7,288.75
2026-01-02,FB-008,9,35.70
2026-01-02,FB-009,26,71.40
2026-01-02,HC-001,15,57.20
2026-01-02,HC-002,11,119.60
2026-01-02,HC-003,9,43.68
2026-01-02,HC-004,5,64.48
2026-01-02,HC-005,4,101.92
2026-01-02,HC-006,3,85.28
2026-01-02,HC-007,9,29.12
2026-01-02,HC-008,10,64.48
2026-01-02,HC-009,1,140.40
2026-01-02,HW-001,4,89.25
2026-01-02,HW-002,5,288.75
2026-01-02,HW-004,1,719.25
2026-01-02,HW-010,13,16.80
2026-01-02,PC-001,17,52.00
2026-01-02,PC-002,5,32.00
2026-01-02,PC-003,13,68.00
2026-01-02,PC-004,5,38.00
2026-01-02,PC-005,5,95.00
2026-01-02,PC-006,2,135.00
2026-01-02,PC-007,1,38.00
2026-01-02,PC-008,7,79.00
2026-01-02,PC-009,10,49.00
2026-01-02,SO-001,25,30.00
2026-01-02,SO-002,6,90.00
2026-01-02,SO-003,5,260.00
2026-01-02,SO-004,3,72.00
2026-01-02,SO-005,2,85.00
2026-01-02,SO-006,1,95.00
2026-01-02,SO-007,4,45.00
2026-01-02,SO-008,9,35.00
2026-01-02,SO-009,2,78.00
2026-01-03,FB-001,28,131.25
2026-01-03,FB-002,108,14.70
2026-01-03,FB-004,7,81.90
2026-01-03,FB-005,14,120.75
2026-01-03,FB-006,35,69.30
2026-01-03,FB-007,13,288.75
2026-01-03,FB-008,8,35.70
2026-01-03,FB-009,40,71.40
2026-01-03,FB-010,8,162.75
2026-01-03,HC-001,8,57.20
2026-01-03,HC-002,6,119.60
2026-01-03,HC-003,4,43.68
2026-01-03,HC-004,3,64.48
2026-01-03,HC-005,3,101.92
2026-01-03,HC-007,11,29.12
2026-01-03,HC-008,4,64.48
2026-01-03,HC-009,1,140.40
2026-01-03,HW-001,1,89.25
2026-01-03,HW-002,7,288.75
2026-01-03,HW-003,2,102.90
2026-01-03,HW-004,1,719.25
2026-01-03,HW-005,2,50.40
2026-01-03,HW-006,1,29.40
2026-01-03,HW-007,2,39.90
2026-01-03,HW-010,10,16.80
2026-01-03,PC-001,7,52.00
2026-01-03,PC-002,13,32.00
2026-01-03,PC-003,8,68.00
2026-01-03,PC-004,4,38.00
2026-01-03,PC-005,4,95.00
2026-01-03,PC-006,4,135.00
2026-01-03,PC-007,4,38.00
2026-01-03,PC-008,3,79.00
2026-01-03,PC-009,6,49.00
2026-01-03,SO-001,16,30.00
2026-01-03,SO-002,3,90.00
2026-01-03,SO-003,2,260.00
2026-01-03,SO-004,5,72.00
2026-01-03,SO-005,3,85.00
2026-01-03,SO-008,1,35.00
2026-01-03,SO-009,1,78.00
2026-01-04,FB-001,19,131.25
2026-01-04,FB-002,82,14.70
2026-01-04,FB-003,14,25.20
2026-01-04,FB-004,10,81.90
2026-01-04,FB-005,14,120.75
2026-01-04,FB-006,29,69.30
2026-01-04,FB-007,8,288.75
2026-01-04,FB-008,9,35.70
2026-01-04,FB-009,29,71.40
2026-01-04,FB-010,10,162.75
2026-01-04,HC-001,16,57.20
2026-01-04,HC-002,7,119.60
2026-01-04,HC-003,5,43.68
2026-01-04,HC-004,4,64.48
2026-01-04,HC-005,2,101.92
2026-01-04,HC-007,4,29.12
2026-01-04,HC-008,7,64.48
2026-01-04,HC-009,3,140.40
2026-01-04,HW-001,2,89.25
2026-01-04,HW-002,1,288.75
2026-01-04,HW-005,1,50.40
2026-01-04,HW-006,1,29.40
2026-01-04,HW-009,1,624.75
2026-01-04,HW-010,6,16.80
2026-01-04,PC-001,10,52.00
2026-01-04,PC-002,12,32.00
2026-01-04,PC-003,3,68.00
2026-01-04,PC-004,3,38.00
2026-01-04,PC-005,3,95.00
2026-01-04,PC-007,3,38.00
2026-01-04,PC-008,5,79.00
2026-01-04,PC-009,8,49.00
2026-01-04,SO-001,14,30.00
2026-01-04,SO-002,9,90.00
2026-01-04,SO-003,1,260.00
2026-01-04,SO-004,3,72.00
2026-01-04,SO-005,5,85.00
2026-01-04,SO-008,4,35.00
2026-01-04,SO-009,2,78.00
2026-01-05,FB-001,22,131.25
2026-01-05,FB-002,70,14.70
2026-01-05,FB-003,27,25.20
2026-01-05,FB-004,7,81.90
2026-01-05,FB-005,17,120.75
2026-01-05,FB-006,26,69.30
2026-01-05,FB-007,7,288.75
2026-01-05,FB-008,6,35.70
2026-01-05,FB-009,23,71.40
2026-01-05,FB-010,7,162.75
2026-01-05,HC-001,12,57.20
2026-01-05,HC-002,13,119.60
2026-01-05,HC-003,4,43.68
2026-01-05,HC-004,4,64.48
2026-01-05,HC-005,4,101.92
2026-01-05,HC-006,2,85.28
2026-01-05,HC-007,5,29.12
2026-01-05,HC-008,9,64.48
2026-01-05,HC-009,4,140.40
2026-01-05,HW-001,1,89.25
2026-01-05,HW-002,5,288.75
2026-01-05,HW-003,2,102.90
2026-01-05,HW-005,2,50.40
2026-01-05,HW-006,2,29.40
2026-01-05,HW-010,10,16.80
2026-01-05,PC-001,9,52.00
2026-01-05,PC-002,6,32.00
2026-01-05,PC-003,10,68.00
2026-01-05,PC-004,8,38.00
2026-01-05,PC-005,3,95.00
2026-01-05,PC-006,1,135.00
2026-01-05,PC-007,3,38.00
2026-01-05,PC-008,1,79.00
2026-01-05,PC-009,9,49.00
2026-01-05,SO-001,16,30.00
2026-01-05,SO-002,7,90.00
2026-01-05,SO-003,8,260.00
2026-01-05,SO-004,6,72.00
2026-01-05,SO-005,7,85.00
2026-01-05,SO-006,2,95.00
2026-01-05,SO-007,4,45.00
2026-01-05,SO-008,5,35.00
2026-01-05,SO-009,3,78.00
2026-01-06,FB-001,13,131.25
2026-01-06,FB-002,65,14.70
2026-01-06,FB-003,12,25.20
2026-01-06,FB-004,8,81.90
2026-01-06,FB-005,15,120.75
2026-01-06,FB-006,13,69.30
2026-01-06,FB-007,9,288.75
2026-01-06,FB-008,8,35.70
2026-01-06,FB-009,23,71.40
2026-01-06,FB-010,2,162.75
2026-01-06,HC-001,7,57.20
2026-01-06,HC-002,7,119.60
2026-01-06,HC-003,4,43.68
2026-01-06,HC-004,3,64.48
2026-01-06,HC-005,6,101.92
2026-01-06,HC-006,4,85.28
2026-01-06,HC-007,4,29.12
2026-01-06,HC-008,7,64.48
2026-01-06,HC-009,4,140.40
2026-01-06,HW-001,3,89.25
2026-01-06,HW-002,6,288.75
2026-01-06,HW-003,4,102.90
2026-01-06,HW-004,2,719.25
2026-01-06,HW-006,3,29.40
2026-01-06,HW-007,1,39.90
2026-01-06,HW-010,8,16.80
2026-01-06,PC-001,14,52.00
2026-01-06,PC-002,7,32.00
2026-01-06,PC-003,2,68.00
2026-01-06,PC-004,4,38.00
2026-01-06,PC-005,4,95.00
2026-01-06,PC-007,5,38.00
2026-01-06,PC-008,7,79.00
2026-01-06,PC-009,4,49.00
2026-01-06,SO-001,18,30.00
2026-01-06,SO-002,8,90.00
2026-01-06,SO-003,5,260.00
2026-01-06,SO-004,9,72.00
2026-01-06,SO-005,1,85.00
2026-01-06,SO-006,2,95.00
2026-01-06,SO-007,3,45.00
2026-01-06,SO-008,5,35.00
2026-01-06,SO-009,2,78.00
2026-01-07,FB-001,14,131.25
2026-01-07,FB-002,65,14.70
2026-01-07,FB-003,19,25.20
2026-01-07,FB-004,5,81.90
2026-01-07,FB-005,10,120.75
2026-01-07,FB-006,26,69.30
2026-01-07,FB-007,10,288.75
2026-01-07,FB-008,4,35.70
2026-01-07,FB-009,20,71.40
2026-01-07,FB-010,3,162.75
2026-01-07,HC-001,8,57.20
2026-01-07,HC-002,2,119.60
2026-01-07,HC-003,3,43.68
2026-01-07,HC-004,6,64.48
2026-01-07,HC-005,4,101.92
2026-01-07,HC-007,10,29.12
2026-01-07,HC-008,8,64.48
2026-01-07,HC-009,1,140.40
2026-01-07,HW-001,2,89.25
2026-01-07,HW-002,6,288.75
2026-01-07,HW-003,1,102.90
2026-01-07,HW-004,2,719.25
2026-01-07,HW-007,2,39.90
2026-01-07,HW-010,7,16.80
2026-01-07,PC-001,8,52.00
2026-01-07,PC-002,12,32.00
2026-01-07,PC-003,4,68.00
2026-01-07,PC-004,1,38.00
2026-01-07,PC-005,2,95.00
2026-01-07,PC-006,1,135.00
2026-01-07,PC-007,3,38.00
2026-01-07,PC-008,4,79.00
2026-01-07,PC-009,6,49.00
2026-01-07,SO-001,17,30.00
2026-01-07,SO-002,5,90.00
2026-01-07,SO-003,6,260.00
2026-01-07,SO-004,9,72.00
2026-01-07,SO-005,2,85.00
2026-01-07,SO-006,4,95.00
2026-01-07,SO-007,1,45.00
2026-01-07,SO-008,10,35.00
2026-01-07,SO-009,2,78.00
2026-01-08,FB-001,19,131.25
2026-01-08,FB-002,83,14.70
2026-01-08,FB-003,9,25.20
2026-01-08,FB-004,13,81.90
2026-01-08,FB-005,20,120.75
2026-01-08,FB-006,22,69.30
2026-01-08,FB-007,6,288.75
2026-01-08,FB-008,9,35.70
2026-01-08,FB-009,29,71.40
2026-01-08,FB-010,5,162.75
2026-01-08,HC-001,13,57.20
2026-01-08,HC-002,2,119.60
2026-01-08,HC-003,3,43.68
2026-01-08,HC-004,2,64.48
2026-01-08,HC-005,6,101.92
2026-01-08,HC-006,1,85.28
2026-01-08,HC-007,2,29.12
2026-01-08,HC-008,14,64.48
2026-01-08,HW-001,1,89.25
2026-01-08,HW-002,5,288.75
2026-01-08,HW-003,1,102.90
2026-01-08,HW-008,1,131.25
2026-01-08,HW-009,2,624.75
2026-01-08,HW-010,10,16.80
2026-01-08,PC-001,7,52.00
2026-01-08,PC-002,10,32.00
2026-01-08,PC-003,6,68.00
2026-01-08,PC-004,3,38.00
2026-01-08,PC-005,6,95.00
2026-01-08,PC-006,2,135.00
2026-01-08,PC-007,5,38.00
2026-01-08,PC-008,3,79.00
2026-01-08,PC-009,8,49.00
2026-01-08,SO-001,12,30.00
2026-01-08,SO-002,3,90.00
2026-01-08,SO-003,2,260.00
2026-01-08,SO-004,7,72.00
2026-01-08,SO-005,5,85.00
2026-01-08,SO-007,3,45.00
2026-01-08,SO-008,3,35.00
2026-01-08,SO-009,1,78.00
2026-01-09,FB-001,17,131.25
2026-01-09,FB-002,87,14.70
2026-01-09,FB-003,13,25.20
2026-01-09,FB-004,10,81.90
2026-01-09,FB-005,15,120.75
2026-01-09,FB-006,32,69.30
2026-01-09,FB-007,10,288.75
2026-01-09,FB-008,9,35.70
2026-01-09,FB-009,23,71.40
2026-01-09,FB-010,5,162.75
2026-01-09,HC-001,6,57.20
2026-01-09,HC-002,10,119.60
2026-01-09,HC-003,2,43.68
2026-01-09,HC-004,2,64.48
2026-01-09,HC-005,2,101.92
2026-01-09,HC-006,3,85.28
2026-01-09,HC-007,13,29.12
2026-01-09,HC-008,18,64.48
2026-01-09,HC-009,2,140.40
2026-01-09,HW-002,4,288.75
2026-01-09,HW-004,2,719.25
2026-01-09,HW-005,2,50.40
2026-01-09,HW-006,1,29.40
2026-01-09,HW-007,1,39.90
2026-01-09,HW-010,13,16.80
2026-01-09,PC-001,15,52.00
2026-01-09,PC-002,13,32.00
2026-01-09,PC-003,2,68.00
2026-01-09,PC-004,2,38.00
2026-01-09,PC-005,7,95.00
2026-01-09,PC-006,2,135.00
2026-01-09,PC-007,4,38.00
2026-01-09,PC-008,4,79.00
2026-01-09,PC-009,11,49.00
2026-01-09,SO-001,15,30.00
2026-01-09,SO-002,3,90.00
2026-01-09,SO-003,6,260.00
2026-01-09,SO-004,10,72.00
2026-01-09,SO-005,3,85.00
2026-01-09,SO-006,4,95.00
2026-01-09,SO-007,4,45.00
2026-01-09,SO-008,6,35.00
2026-01-10,FB-001,28,131.25
2026-01-10,FB-002,86,14.70
2026-01-10,FB-003,19,25.20
2026-01-10,FB-004,7,81.90
2026-01-10,FB-005,19,120.75
2026-01-10,FB-006,37,69.30
2026-01-10,FB-007,7,288.75
2026-01-10,FB-008,15,35.70
2026-01-10,FB-009,30,71.40
2026-01-10,FB-010,5,162.75
2026-01-10,HC-001,11,57.20
2026-01-10,HC-002,7,119.60
2026-01-10,HC-003,6,43.68
2026-01-10,HC-004,5,64.48
2026-01-10,HC-005,7,101.92
2026-01-10,HC-006,4,85.28
2026-01-10,HC-007,10,29.12
2026-01-10,HC-008,12,64.48
2026-01-10,HC-009,4,140.40
2026-01-10,HW-001,4,89.25
2026-01-10,HW-002,6,288.75
2026-01-10,HW-003,2,102.90
2026-01-10,HW-004,1,719.25
2026-01-10,HW-005,2,50.40
2026-01-10,HW-006,1,29.40
2026-01-10,HW-007,1,39.90
2026-01-10,HW-008,1,131.25
2026-01-10,HW-010,20,16.80
2026-01-10,PC-001,12,52.00
2026-01-10,PC-002,10,32.00
2026-01-10,PC-003,6,68.00
2026-01-10,PC-004,5,38.00
2026-01-10,PC-005,8,95.00
2026-01-10,PC-006,2,135.00
2026-01-10,PC-007,3,38.00
2026-01-10,PC-008,5,79.00
2026-01-10,PC-009,5,49.00
2026-01-10,SO-001,14,30.00
2026-01-10,SO-002,6,90.00
2026-01-10,SO-003,4,260.00
2026-01-10,SO-004,6,72.00
2026-01-10,SO-005,3,85.00
2026-01-10,SO-006,2,95.00
2026-01-10,SO-007,2,45.00
2026-01-10,SO-008,2,35.00
2026-01-10,SO-009,5,78.00
2026-01-11,FB-001,20,131.25
2026-01-11,FB-002,78,14.70
2026-01-11,FB-003,25,25.20
2026-01-11,FB-004,11,81.90
2026-01-11,FB-005,20,120.75
2026-01-11,FB-006,35,69.30
2026-01-11,FB-007,8,288.75
2026-01-11,FB-008,15,35.70
2026-01-11,FB-009,25,71.40
2026-01-11,FB-010,4,162.75
2026-01-11,HC-001,25,57.20
2026-01-11,HC-002,8,119.60
2026-01-11,HC-003,4,43.68
2026-01-11,HC-004,7,64.48
2026-01-11,HC-005,11,101.92
2026-01-11,HC-006,4,85.28
2026-01-11,HC-007,3,29.12
2026-01-11,HC-008,9,64.48
2026-01-11,HW-001,1,89.25
2026-01-11,HW-002,1,288.75
2026-01-11,HW-003,1,102.90
2026-01-11,HW-004,1,719.25
2026-01-11,HW-006,1,29.40
2026-01-11,HW-010,7,16.80
2026-01-11,PC-001,6,52.00
2026-01-11,PC-002,8,32.00
2026-01-11,PC-003,6,68.00
2026-01-11,PC-004,4,38.00
2026-01-11,PC-005,6,95.00
2026-01-11,PC-006,5,135.00
2026-01-11,PC-007,2,38.00
2026-01-11,PC-008,3,79.00
2026-01-11,PC-009,12,49.00
2026-01-11,SO-001,6,30.00
2026-01-11,SO-002,3,90.00
2026-01-11,SO-003,4,260.00
2026-01-11,SO-004,1,72.00
2026-01-11,SO-005,3,85.00
2026-01-11,SO-007,6,45.00
2026-01-11,SO-008,8,35.00
2026-01-12,FB-001,18,131.25
2026-01-12,FB-002,45,14.70
2026-01-12,FB-003,24,25.20
2026-01-12,FB-004,11,81.90
2026-01-12,FB-005,11,120.75
2026-01-12,FB-006,22,69.30
2026-01-12,FB-007,9,288.75
2026-01-12,FB-008,10,35.70
2026-01-12,FB-009,18,71.40
2026-01-12,FB-010,2,162.75
2026-01-12,HC-001,13,57.20
2026-01-12,HC-002,5,119.60
2026-01-12,HC-003,8,43.68
2026-01-12,HC-004,4,64.48
2026-01-12,HC-005,2,101.92
2026-01-12,HC-006,4,85.28
2026-01-12,HC-007,4,29.12
2026-01-12,HC-009,4,140.40
2026-01-12,HW-001,2,89.25
2026-01-12,HW-002,7,288.75
2026-01-12,HW-003,3,102.90
2026-01-12,HW-004,1,719.25
2026-01-12,HW-006,2,29.40
2026-01-12,HW-008,3,131.25
2026-01-12,HW-010,9,16.80
2026-01-12,PC-001,9,52.00
2026-01-12,PC-002,9,32.00
2026-01-12,PC-003,5,68.00
2026-01-12,PC-004,6,38.00
2026-01-12,PC-005,4,95.00
2026-01-12,PC-006,3,135.00
2026-01-12,PC-007,4,38.00
2026-01-12,PC-008,4,79.00
2026-01-12,PC-009,12,49.00
2026-01-12,PC-010,1,120.00
2026-01-12,SO-001,16,30.00
2026-01-12,SO-002,3,90.00
2026-01-12,SO-003,7,260.00
2026-01-12,SO-004,4,72.00
2026-01-12,SO-005,6,85.00
2026-01-12,SO-006,1,95.00
2026-01-12,SO-007,4,45.00
2026-01-12,SO-008,4,35.00
2026-01-12,SO-009,7,78.00
2026-01-13,FB-001,14,131.25
2026-01-13,FB-002,68,14.70
2026-01-13,FB-003,27,25.20
2026-01-13,FB-004,6,81.90
2026-01-13,FB-005,13,120.75
2026-01-13,FB-006,22,69.30
2026-01-13,FB-007,4,288.75
2026-01-13,FB-008,11,35.70
2026-01-13,FB-009,24,71.40
2026-01-13,FB-010,2,162.75
2026-01-13,HC-001,10,57.20
2026-01-13,HC-002,11,119.60
2026-01-13,HC-003,7,43.68
2026-01-13,HC-004,2,64.48
2026-01-13,HC-005,6,101.92
2026-01-13,HC-006,4,85.28
2026-01-13,HC-007,3,29.12
2026-01-13,HW-001,2,89.25
2026-01-13,HW-002,2,288.75
2026-01-13,HW-004,3,719.25
2026-01-13,HW-005,4,50.40
2026-01-13,HW-006,1,29.40
2026-01-13,HW-008,1,131.25
2026-01-13,HW-009,2,624.75
2026-01-13,HW-010,17,16.80
2026-01-13,PC-001,18,52.00
2026-01-13,PC-002,7,32.00
2026-01-13,PC-003,11,68.00
2026-01-13,PC-004,6,38.00
2026-01-13,PC-005,4,95.00
2026-01-13,PC-007,4,38.00
2026-01-13,PC-008,9,79.00
2026-01-13,PC-009,4,49.00
2026-01-13,PC-010,1,120.00
2026-01-13,SO-001,15,30.00
2026-01-13,SO-002,7,90.00
2026-01-13,SO-003,7,260.00
2026-01-13,SO-004,10,72.00
2026-01-13,SO-005,3,85.00
2026-01-13,SO-006,2,95.00
2026-01-13,SO-007,2,45.00
2026-01-13,SO-008,5,35.00
2026-01-13,SO-009,4,78.00
2026-01-14,FB-001,22,131.25
2026-01-14,FB-002,79,14.70
2026-01-14,FB-003,34,25.20
2026-01-14,FB-004,7,81.90
2026-01-14,FB-005,15,120.75
2026-01-14,FB-006,28,69.30
2026-01-14,FB-007,10,288.75
2026-01-14,FB-008,7,35.70
2026-01-14,FB-009,35,71.40
2026-01-14,FB-010,9,162.75
2026-01-14,HC-001,23,57.20
2026-01-14,HC-002,11,119.60
2026-01-14,HC-003,11,43.68
2026-01-14,HC-004,4,64.48
2026-01-14,HC-005,4,101.92
2026-01-14,HC-006,2,85.28
2026-01-14,HC-007,8,29.12
2026-01-14,HC-008,10,64.48
2026-01-14,HC-009,4,140.40
2026-01-14,HW-001,2,89.25
2026-01-14,HW-002,7,288.75
2026-01-14,HW-004,1,719.25
2026-01-14,HW-005,1,50.40
2026-01-14,HW-010,12,16.80
2026-01-14,PC-001,17,52.00
2026-01-14,PC-002,6,32.00
2026-01-14,PC-003,4,68.00
2026-01-14,PC-004,5,38.00
2026-01-14,PC-005,3,95.00
2026-01-14,PC-006,1,135.00
2026-01-14,PC-007,4,38.00
2026-01-14,PC-008,7,79.00
2026-01-14,PC-009,5,49.00
2026-01-14,PC-010,2,120.00
2026-01-14,SO-001,26,30.00
2026-01-14,SO-002,8,90.00
2026-01-14,SO-003,7,260.00
2026-01-14,SO-004,9,72.00
2026-01-14,SO-005,1,85.00
2026-01-14,SO-006,4,95.00
2026-01-14,SO-007,2,45.00
2026-01-14,SO-008,4,35.00
2026-01-14,SO-009,1,78.00
2026-01-15,FB-001,19,131.25
2026-01-15,FB-002,66,14.70
2026-01-15,FB-003,24,25.20
2026-01-15,FB-004,10,81.90
2026-01-15,FB-005,17,120.75
2026-01-15,FB-006,20,69.30
2026-01-15,FB-007,10,288.75
2026-01-15,FB-008,8,35.70
2026-01-15,FB-009,29,71.40
2026-01-15,FB-010,12,162.75
2026-01-15,HC-001,9,57.20
2026-01-15,HC-002,10,119.60
2026-01-15,HC-003,3,43.68
2026-01-15,HC-004,4,64.48
2026-01-15,HC-005,6,101.92
2026-01-15,HC-006,3,85.28
2026-01-15,HC-007,8,29.12
2026-01-15,HC-008,7,64.48
2026-01-15,HC-009,2,140.40
2026-01-15,HW-001,4,89.25
2026-01-15,HW-002,6,288.75
2026-01-15,HW-004,1,719.25
2026-01-15,HW-005,1,50.40
2026-01-15,HW-006,1,29.40
2026-01-15,HW-009,1,624.75
2026-01-15,HW-010,15,16.80
2026-01-15,PC-001,16,52.00
2026-01-15,PC-002,11,32.00
2026-01-15,PC-003,11,68.00
2026-01-15,PC-004,5,38.00
2026-01-15,PC-005,3,95.00
2026-01-15,PC-006,1,135.00
2026-01-15,PC-007,6,38.00
2026-01-15,PC-008,5,79.00
2026-01-15,PC-009,11,49.00
2026-01-15,PC-010,4,120.00
2026-01-15,SO-001,25,30.00
2026-01-15,SO-002,4,90.00
2026-01-15,SO-003,3,260.00
2026-01-15,SO-004,5,72.00
2026-01-15,SO-005,6,85.00
2026-01-15,SO-006,4,95.00
2026-01-15,SO-007,1,45.00
2026-01-15,SO-008,2,35.00
2026-01-15,SO-009,3,78.00
2026-01-16,FB-001,25,131.25
2026-01-16,FB-003,38,25.20
2026-01-16,FB-004,22,81.90
2026-01-16,FB-005,16,120.75
2026-01-16,FB-006,32,69.30
2026-01-16,FB-007,7,288.75
2026-01-16,FB-008,8,35.70
2026-01-16,FB-009,42,71.40
2026-01-16,FB-010,6,162.75
2026-01-16,HC-001,15,57.20
2026-01-16,HC-002,10,119.60
2026-01-16,HC-003,6,43.68
2026-01-16,HC-004,4,64.48
2026-01-16,HC-005,6,101.92
2026-01-16,HC-006,5,85.28
2026-01-16,HC-007,8,29.12
2026-01-16,HC-008,13,64.48
2026-01-16,HC-009,3,140.40
2026-01-16,HW-001,1,89.25
2026-01-16,HW-002,5,288.75
2026-01-16,HW-003,2,102.90
2026-01-16,HW-004,1,719.25
2026-01-16,HW-005,2,50.40
2026-01-16,HW-007,1,39.90
2026-01-16,HW-008,1,131.25
2026-01-16,HW-009,2,624.75
2026-01-16,HW-010,17,16.80
2026-01-16,PC-001,14,52.00
2026-01-16,PC-002,12,32.00
2026-01-16,PC-003,8,68.00
2026-01-16,PC-004,9,38.00
2026-01-16,PC-005,2,95.00
2026-01-16,PC-006,4,135.00
2026-01-16,PC-007,4,38.00
2026-01-16,PC-008,3,79.00
2026-01-16,PC-009,4,49.00
2026-01-16,PC-010,4,120.00
2026-01-16,SO-001,14,30.00
2026-01-16,SO-002,5,90.00
2026-01-16,SO-003,6,260.00
2026-01-16,SO-004,8,72.00
2026-01-16,SO-005,5,85.00
2026-01-16,SO-006,5,95.00
2026-01-16,SO-007,3,45.00
2026-01-16,SO-008,4,35.00
2026-01-16,SO-009,2,78.00
2026-01-17,FB-001,25,131.25
2026-01-17,FB-002,100,14.70
2026-01-17,FB-003,31,25.20
2026-01-17,FB-004,23,81.90
2026-01-17,FB-005,17,120.75
2026-01-17,FB-006,35,69.30
2026-01-17,FB-007,10,288.75
2026-01-17,FB-008,7,35.70
2026-01-17,FB-009,30,71.40
2026-01-17,FB-010,13,162.75
2026-01-17,HC-001,20,57.20
2026-01-17,HC-002,13,119.60
2026-01-17,HC-003,4,43.68
2026-01-17,HC-004,5,64.48
2026-01-17,HC-005,5,101.92
2026-01-17,HC-006,2,85.28
2026-01-17,HC-007,10,29.12
2026-01-17,HC-008,10,64.48
2026-01-17,HC-009,1,140.40
2026-01-17,HW-002,9,288.75
2026-01-17,HW-003,1,102.90
2026-01-17,HW-005,1,50.40
2026-01-17,HW-007,2,39.90
2026-01-17,HW-008,2,131.25
2026-01-17,HW-010,20,16.80
2026-01-17,PC-001,12,52.00
2026-01-17,PC-002,8,32.00
2026-01-17,PC-003,6,68.00
2026-01-17,PC-004,7,38.00
2026-01-17,PC-005,7,95.00
2026-01-17,PC-006,1,135.00
2026-01-17,PC-007,2,38.00
2026-01-17,PC-008,5,79.00
2026-01-17,PC-009,9,49.00
2026-01-17,PC-010,3,120.00
2026-01-17,SO-001,17,30.00
2026-01-17,SO-002,6,90.00
2026-01-17,SO-004,2,72.00
2026-01-17,SO-005,1,85.00
2026-01-17,SO-007,2,45.00
2026-01-17,SO-008,4,35.00
2026-01-18,FB-001,23,131.25
2026-01-18,FB-002,77,14.70
2026-01-18,FB-003,29,25.20
2026-01-18,FB-004,6,81.90
2026-01-18,FB-005,8,120.75
2026-01-18,FB-006,13,69.30
2026-01-18,FB-007,6,288.75
2026-01-18,FB-008,11,35.70
2026-01-18,FB-009,34,71.40
2026-01-18,FB-010,6,162.75
2026-01-18,HC-001,19,57.20
2026-01-18,HC-002,16,119.60
2026-01-18,HC-003,10,43.68
2026-01-18,HC-004,9,64.48
2026-01-18,HC-005,3,101.92
2026-01-18,HC-006,4,85.28
2026-01-18,HC-007,10,29.12
2026-01-18,HC-008,8,64.48
2026-01-18,HC-009,4,140.40
2026-01-18,HW-002,4,288.75
2026-01-18,HW-006,1,29.40
2026-01-18,HW-009,1,624.75
2026-01-18,HW-010,8,16.80
2026-01-18,PC-001,12,52.00
2026-01-18,PC-002,11,32.00
2026-01-18,PC-003,10,68.00
2026-01-18,PC-004,3,38.00
2026-01-18,PC-005,3,95.00
2026-01-18,PC-006,2,135.00
2026-01-18,PC-007,2,38.00
2026-01-18,PC-009,6,49.00
2026-01-18,SO-001,16,30.00
2026-01-18,SO-002,3,90.00
2026-01-18,SO-003,4,260.00
2026-01-18,SO-004,3,72.00
2026-01-18,SO-005,2,85.00
2026-01-18,SO-006,2,95.00
2026-01-18,SO-008,1,35.00
2026-01-18,SO-009,2,78.00
2026-01-19,FB-001,17,131.25
2026-01-19,FB-002,62,14.70
2026-01-19,FB-003,31,25.20
2026-01-19,FB-004,14,81.90
2026-01-19,FB-005,13,120.75
2026-01-19,FB-006,26,69.30
2026-01-19,FB-007,6,288.75
2026-01-19,FB-008,6,35.70
2026-01-19,FB-009,24,71.40
2026-01-19,FB-010,5,162.75
2026-01-19,HC-001,9,57.20
2026-01-19,HC-002,8,119.60
2026-01-19,HC-003,4,43.68
2026-01-19,HC-004,5,64.48
2026-01-19,HC-005,1,101.92
2026-01-19,HC-006,2,85.28
2026-01-19,HC-007,6,29.12
2026-01-19,HC-008,7,64.48
2026-01-19,HC-009,1,140.40
2026-01-19,HW-001,2,89.25
2026-01-19,HW-002,11,288.75
2026-01-19,HW-004,1,719.25
2026-01-19,HW-005,3,50.40
2026-01-19,HW-006,1,29.40
2026-01-19,HW-010,14,16.80
2026-01-19,PC-001,10,52.00
2026-01-19,PC-002,6,32.00
2026-01-19,PC-003,7,68.00
2026-01-19,PC-004,3,38.00
2026-01-19,PC-005,2,95.00
2026-01-19,PC-006,2,135.00
2026-01-19,PC-007,2,38.00
2026-01-19,PC-008,2,79.00
2026-01-19,PC-009,5,49.00
2026-01-19,SO-001,15,30.00
2026-01-19,SO-002,1,90.00
2026-01-19,SO-003,7,260.00
2026-01-19,SO-004,6,72.00
2026-01-19,SO-005,4,85.00
2026-01-19,SO-006,7,95.00
2026-01-19,SO-007,2,45.00
2026-01-19,SO-008,3,35.00
2026-01-19,SO-009,2,78.00
2026-01-20,FB-001,11,131.25
2026-01-20,FB-002,40,14.70
2026-01-20,FB-003,12,25.20
2026-01-20,FB-004,11,81.90
2026-01-20,FB-005,16,120.75
2026-01-20,FB-006,22,69.30
2026-01-20,FB-007,8,288.75
2026-01-20,FB-008,4,35.70
2026-01-20,FB-009,17,71.40
2026-01-20,FB-010,4,162.75
2026-01-20,HC-001,13,57.20
2026-01-20,HC-002,8,119.60
2026-01-20,HC-003,4,43.68
2026-01-20,HC-004,2,64.48
2026-01-20,HC-005,2,101.92
2026-01-20,HC-006,1,85.28
2026-01-20,HC-007,10,29.12
2026-01-20,HC-008,10,64.48
2026-01-20,HC-009,3,140.40
2026-01-20,HW-001,3,89.25
2026-01-20,HW-002,8,288.75
2026-01-20,HW-003,1,102.90
2026-01-20,HW-004,1,719.25
2026-01-20,HW-005,1,50.40
2026-01-20,HW-006,2,29.40
2026-01-20,HW-008,1,131.25
2026-01-20,HW-009,1,624.75
2026-01-20,HW-010,8,16.80
2026-01-20,PC-001,10,52.00
2026-01-20,PC-002,6,32.00
2026-01-20,PC-003,5,68.00
2026-01-20,PC-004,4,38.00
2026-01-20,PC-005,4,95.00
2026-01-20,PC-006,1,135.00
2026-01-20,PC-007,6,38.00
2026-01-20,PC-008,4,79.00
2026-01-20,PC-009,6,49.00
2026-01-20,SO-001,15,30.00
2026-01-20,SO-002,8,90.00
2026-01-20,SO-003,4,260.00
2026-01-20,SO-004,5,72.00
2026-01-20,SO-005,8,85.00
2026-01-20,SO-006,3,95.00
2026-01-20,SO-008,5,35.00
2026-01-20,SO-009,2,78.00
2026-01-21,FB-001,14,131.25
2026-01-21,FB-002,44,14.70
2026-01-21,FB-003,27,25.20
2026-01-21,FB-004,8,81.90
2026-01-21,FB-005,11,120.75
2026-01-21,FB-006,30,69.30
2026-01-21,FB-007,7,288.75
2026-01-21,FB-008,9,35.70
2026-01-21,FB-009,25,71.40
2026-01-21,FB-010,7,162.75
2026-01-21,HC-002,8,119.60
2026-01-21,HC-003,7,43.68
2026-01-21,HC-004,3,64.48
2026-01-21,HC-005,5,101.92
2026-01-21,HC-006,4,85.28
2026-01-21,HC-007,7,29.12
2026-01-21,HC-008,5,64.48
2026-01-21,HC-009,2,140.40
2026-01-21,HW-001,1,89.25
2026-01-21,HW-002,14,288.75
2026-01-21,HW-004,1,719.25
2026-01-21,HW-005,3,50.40
2026-01-21,HW-006,2,29.40
2026-01-21,HW-007,1,39.90
2026-01-21,HW-008,1,131.25
2026-01-21,HW-010,10,16.80
2026-01-21,PC-001,7,52.00
2026-01-21,PC-002,9,32.00
2026-01-21,PC-003,2,68.00
2026-01-21,PC-004,4,38.00
2026-01-21,PC-005,3,95.00
2026-01-21,PC-006,2,135.00
2026-01-21,PC-007,5,38.00
2026-01-21,PC-008,2,79.00
2026-01-21,PC-009,7,49.00
2026-01-21,SO-001,10,30.00
2026-01-21,SO-002,5,90.00
2026-01-21,SO-003,2,260.00
2026-01-21,SO-004,8,72.00
2026-01-21,SO-005,9,85.00
2026-01-21,SO-006,2,95.00
2026-01-21,SO-007,1,45.00
2026-01-21,SO-008,3,35.00
2026-01-21,SO-009,3,78.00
2026-01-22,FB-001,16,131.25
2026-01-22,FB-002,50,14.70
2026-01-22,FB-003,18,25.20
2026-01-22,FB-004,8,81.90
2026-01-22,FB-005,6,120.75
2026-01-22,FB-006,32,69.30
2026-01-22,FB-007,6,288.75
2026-01-22,FB-008,8,35.70
2026-01-22,FB-009,25,71.40
2026-01-22,FB-010,9,162.75
2026-01-22,HC-001,14,57.20
2026-01-22,HC-002,7,119.60
2026-01-22,HC-003,5,43.68
2026-01-22,HC-004,3,64.48
2026-01-22,HC-005,6,101.92
2026-01-22,HC-006,2,85.28
2026-01-22,HC-007,3,29.12
2026-01-22,HC-008,10,64.48
2026-01-22,HC-009,1,140.40
2026-01-22,HW-001,4,89.25
2026-01-22,HW-002,7,288.75
2026-01-22,HW-003,1,102.90
2026-01-22,HW-004,1,719.25
2026-01-22,HW-005,1,50.40
2026-01-22,HW-006,2,29.40
2026-01-22,HW-010,6,16.80
2026-01-22,PC-001,7,52.00
2026-01-22,PC-002,5,32.00
2026-01-22,PC-003,3,68.00
2026-01-22,PC-004,2,38.00
2026-01-22,PC-005,4,95.00
2026-01-22,PC-006,3,135.00
2026-01-22,PC-007,4,38.00
2026-01-22,PC-008,3,79.00
2026-01-22,PC-009,3,49.00
2026-01-22,SO-001,18,30.00
2026-01-22,SO-002,9,90.00
2026-01-22,SO-003,4,260.00
2026-01-22,SO-004,8,72.00
2026-01-22,SO-005,4,85.00
2026-01-22,SO-006,4,95.00
2026-01-22,SO-007,1,45.00
2026-01-22,SO-008,5,35.00
2026-01-22,SO-009,1,78.00
2026-01-23,FB-001,26,131.25
2026-01-23,FB-002,53,14.70
2026-01-23,FB-003,17,25.20
2026-01-23,FB-004,13,81.90
2026-01-23,FB-005,20,120.75
2026-01-23,FB-006,42,69.30
2026-01-23,FB-007,6,288.75
2026-01-23,FB-008,15,35.70
2026-01-23,FB-009,25,71.40
2026-01-23,FB-010,7,162.75
2026-01-23,HC-001,12,57.20
2026-01-23,HC-002,11,119.60
2026-01-23,HC-003,4,43.68
2026-01-23,HC-004,3,64.48
2026-01-23,HC-005,7,101.92
2026-01-23,HC-006,2,85.28
2026-01-23,HC-007,7,29.12
2026-01-23,HC-008,13,64.48
2026-01-23,HC-009,2,140.40
2026-01-23,HW-001,3,89.25
2026-01-23,HW-002,9,288.75
2026-01-23,HW-004,1,719.25
2026-01-23,HW-005,1,50.40
2026-01-23,HW-006,4,29.40
2026-01-23,HW-009,1,624.75
2026-01-23,HW-010,18,16.80
2026-01-23,PC-001,10,52.00
2026-01-23,PC-002,5,32.00
2026-01-23,PC-004,7,38.00
2026-01-23,PC-005,7,95.00
2026-01-23,PC-006,1,135.00
2026-01-23,PC-007,4,38.00
2026-01-23,PC-008,4,79.00
2026-01-23,PC-009,7,49.00
2026-01-23,PC-010,3,120.00
2026-01-23,SO-001,11,30.00
2026-01-23,SO-002,7,90.00
2026-01-23,SO-003,5,260.00
2026-01-23,SO-004,7,72.00
2026-01-23,SO-005,3,85.00
2026-01-23,SO-006,4,95.00
2026-01-23,SO-007,1,45.00
2026-01-23,SO-008,3,35.00
2026-01-23,SO-009,4,78.00
2026-01-24,FB-001,21,131.25
2026-01-24,FB-002,53,14.70
2026-01-24,FB-003,27,25.20
2026-01-24,FB-004,16,81.90
2026-01-24,FB-005,17,120.75
2026-01-24,FB-006,42,69.30
2026-01-24,FB-007,6,288.75
2026-01-24,FB-008,10,35.70
2026-01-24,FB-009,29,71.40
2026-01-24,FB-010,13,162.75
2026-01-24,HC-001,11,57.20
2026-01-24,HC-002,4,119.60
2026-01-24,HC-003,4,43.68
2026-01-24,HC-004,5,64.48
2026-01-24,HC-005,10,101.92
2026-01-24,HC-006,3,85.28
2026-01-24,HC-007,7,29.12
2026-01-24,HC-008,15,64.48
2026-01-24,HC-009,4,140.40
2026-01-24,HW-002,8,288.75
2026-01-24,HW-003,1,102.90
2026-01-24,HW-004,1,719.25
2026-01-24,HW-006,2,29.40
2026-01-24,HW-008,1,131.25
2026-01-24,HW-009,1,624.75
2026-01-24,HW-010,15,16.80
2026-01-24,PC-001,9,52.00
2026-01-24,PC-002,10,32.00
2026-01-24,PC-003,4,68.00
2026-01-24,PC-004,6,38.00
2026-01-24,PC-005,7,95.00
2026-01-24,PC-006,1,135.00
2026-01-24,PC-007,5,38.00
2026-01-24,PC-008,6,79.00
2026-01-24,PC-009,8,49.00
2026-01-24,PC-010,3,120.00
2026-01-24,SO-001,10,30.00
2026-01-24,SO-002,3,90.00
2026-01-24,SO-003,4,260.00
2026-01-24,SO-004,6,72.00
2026-01-24,SO-005,3,85.00
2026-01-24,SO-008,2,35.00
2026-01-25,FB-001,21,131.25
2026-01-25,FB-002,63,14.70
2026-01-25,FB-003,18,25.20
2026-01-25,FB-004,7,81.90
2026-01-25,FB-005,19,120.75
2026-01-25,FB-006,46,69.30
2026-01-25,FB-007,6,288.75
2026-01-25,FB-008,3,35.70
2026-01-25,FB-009,30,71.40
2026-01-25,FB-010,12,162.75
2026-01-25,HC-001,19,57.20
2026-01-25,HC-002,6,119.60
2026-01-25,HC-003,3,43.68
2026-01-25,HC-004,3,64.48
2026-01-25,HC-005,7,101.92
2026-01-25,HC-006,1,85.28
2026-01-25,HC-007,7,29.12
2026-01-25,HC-008,9,64.48
2026-01-25,HC-009,4,140.40
2026-01-25,HW-001,2,89.25
2026-01-25,HW-002,4,288.75
2026-01-25,HW-003,1,102.90
2026-01-25,HW-005,2,50.40
2026-01-25,HW-006,1,29.40
2026-01-25,HW-010,7,16.80
2026-01-25,PC-001,7,52.00
2026-01-25,PC-002,7,32.00
2026-01-25,PC-003,6,68.00
2026-01-25,PC-004,4,38.00
2026-01-25,PC-005,5,95.00
2026-01-25,PC-006,1,135.00
2026-01-25,PC-007,4,38.00
2026-01-25,PC-008,1,79.00
2026-01-25,PC-009,5,49.00
2026-01-25,PC-010,1,120.00
2026-01-25,SO-001,10,30.00
2026-01-25,SO-002,3,90.00
2026-01-25,SO-004,3,72.00
2026-01-25,SO-006,5,95.00
2026-01-25,SO-007,1,45.00
2026-01-25,SO-008,2,35.00
2026-01-25,SO-009,1,78.00
2026-01-26,FB-001,15,131.25
2026-01-26,FB-002,49,14.70
2026-01-26,FB-003,18,25.20
2026-01-26,FB-004,8,81.90
2026-01-26,FB-005,5,120.75
2026-01-26,FB-006,19,69.30
2026-01-26,FB-007,7,288.75
2026-01-26,FB-008,6,35.70
2026-01-26,FB-009,20,71.40
2026-01-26,FB-010,12,162.75
2026-01-26,HC-001,12,57.20
2026-01-26,HC-002,9,119.60
2026-01-26,HC-003,3,43.68
2026-01-26,HC-004,1,64.48
2026-01-26,HC-005,7,101.92
2026-01-26,HC-006,5,85.28
2026-01-26,HC-007,6,29.12
2026-01-26,HC-008,8,64.48
2026-01-26,HC-009,1,140.40
2026-01-26,HW-002,7,288.75
2026-01-26,HW-006,1,29.40
2026-01-26,HW-008,1,131.25
2026-01-26,HW-010,11,16.80
2026-01-26,PC-001,12,52.00
2026-01-26,PC-002,7,32.00
2026-01-26,PC-003,4,68.00
2026-01-26,PC-004,5,38.00
2026-01-26,PC-005,1,95.00
2026-01-26,PC-006,2,135.00
2026-01-26,PC-007,4,38.00
2026-01-26,PC-008,3,79.00
2026-01-26,PC-009,4,49.00
2026-01-26,SO-001,19,30.00
2026-01-26,SO-002,2,90.00
2026-01-26,SO-003,4,260.00
2026-01-26,SO-004,3,72.00
2026-01-26,SO-005,4,85.00
2026-01-26,SO-006,2,95.00
2026-01-26,SO-007,2,45.00
2026-01-26,SO-008,5,35.00
2026-01-26,SO-009,2,78.00
2026-01-27,FB-001,12,131.25
2026-01-27,FB-002,43,14.70
2026-01-27,FB-003,23,25.20
2026-01-27,FB-004,13,81.90
2026-01-27,FB-005,13,120.75
2026-01-27,FB-006,16,69.30
2026-01-27,FB-007,6,288.75
2026-01-27,FB-008,8,35.70
2026-01-27,FB-009,26,71.40
2026-01-27,FB-010,3,162.75
2026-01-27,HC-001,11,57.20
2026-01-27,HC-002,3,119.60
2026-01-27,HC-003,4,43.68
2026-01-27,HC-004,2,64.48
2026-01-27,HC-005,3,101.92
2026-01-27,HC-007,9,29.12
2026-01-27,HC-008,7,64.48
2026-01-27,HC-009,3,140.40
2026-01-27,HW-001,3,89.25
2026-01-27,HW-002,4,288.75
2026-01-27,HW-003,1,102.90
2026-01-27,HW-005,1,50.40
2026-01-27,HW-006,1,29.40
2026-01-27,HW-008,1,131.25
2026-01-27,HW-009,1,624.75
2026-01-27,HW-010,5,16.80
2026-01-27,PC-001,9,52.00
2026-01-27,PC-002,7,32.00
2026-01-27,PC-003,2,68.00
2026-01-27,PC-004,3,38.00
2026-01-27,PC-005,4,95.00
2026-01-27,PC-006,1,135.00
2026-01-27,PC-007,5,38.00
2026-01-27,PC-008,5,79.00
2026-01-27,PC-009,7,49.00
2026-01-27,SO-001,11,30.00
2026-01-27,SO-002,4,90.00
2026-01-27,SO-003,3,260.00
2026-01-27,SO-004,6,72.00
2026-01-27,SO-005,1,85.00
2026-01-27,SO-006,1,95.00
2026-01-27,SO-007,3,45.00
2026-01-27,SO-008,5,35.00
2026-01-27,SO-009,4,78.00
2026-01-28,FB-001,13,131.25
2026-01-28,FB-002,48,14.70
2026-01-28,FB-003,20,25.20
2026-01-28,FB-004,12,81.90
2026-01-28,FB-005,13,120.75
2026-01-28,FB-006,16,69.30
2026-01-28,FB-007,3,288.75
2026-01-28,FB-008,7,35.70
2026-01-28,FB-009,29,71.40
2026-01-28,FB-010,6,162.75
2026-01-28,HC-001,19,57.20
2026-01-28,HC-002,9,119.60
2026-01-28,HC-003,1,43.68
2026-01-28,HC-004,1,64.48
2026-01-28,HC-006,2,85.28
2026-01-28,HC-007,5,29.12
2026-01-28,HC-008,4,64.48
2026-01-28,HC-009,1,140.40
2026-01-28,HW-001,2,89.25
2026-01-28,HW-002,4,288.75
2026-01-28,HW-003,2,102.90
2026-01-28,HW-006,1,29.40
2026-01-28,HW-007,1,39.90
2026-01-28,HW-009,2,624.75
2026-01-28,HW-010,11,16.80
2026-01-28,PC-001,7,52.00
2026-01-28,PC-002,8,32.00
2026-01-28,PC-003,3,68.00
2026-01-28,PC-004,7,38.00
2026-01-28,PC-005,3,95.00
2026-01-28,PC-006,2,135.00
2026-01-28,PC-007,3,38.00
2026-01-28,PC-008,5,79.00
2026-01-28,PC-009,6,49.00
2026-01-28,PC-010,3,120.00
2026-01-28,SO-001,9,30.00
2026-01-28,SO-002,5,90.00
2026-01-28,SO-003,7,260.00
2026-01-28,SO-004,3,72.00
2026-01-28,SO-005,1,85.00
2026-01-28,SO-006,1,95.00
2026-01-28,SO-008,1,35.00
2026-01-28,SO-009,3,78.00
2026-01-29,FB-002,47,14.70
2026-01-29,FB-003,11,25.20
2026-01-29,FB-004,12,81.90
2026-01-29,FB-005,8,120.75
2026-01-29,FB-006,19,69.30
2026-01-29,FB-007,9,288.75
2026-01-29,FB-008,15,35.70
2026-01-29,FB-009,23,71.40
2026-01-29,FB-010,4,162.75
2026-01-29,HC-001,10,57.20
2026-01-29,HC-002,9,119.60
2026-01-29,HC-003,4,43.68
2026-01-29,HC-004,4,64.48
2026-01-29,HC-005,3,101.92
2026-01-29,HC-007,11,29.12
2026-01-29,HC-008,9,64.48
2026-01-29,HC-009,4,140.40
2026-01-29,HW-001,5,89.25
2026-01-29,HW-002,5,288.75
2026-01-29,HW-004,1,719.25
2026-01-29,HW-005,2,50.40
2026-01-29,HW-006,1,29.40
2026-01-29,HW-007,1,39.90
2026-01-29,HW-009,1,624.75
2026-01-29,HW-010,5,16.80
2026-01-29,PC-001,13,52.00
2026-01-29,PC-002,7,32.00
2026-01-29,PC-003,9,68.00
2026-01-29,PC-004,3,38.00
2026-01-29,PC-005,5,95.00
2026-01-29,PC-006,4,135.00
2026-01-29,PC-007,3,38.00
2026-01-29,PC-008,8,79.00
2026-01-29,PC-009,5,49.00
2026-01-29,PC-010,2,120.00
2026-01-29,SO-001,12,30.00
2026-01-29,SO-002,6,90.00
2026-01-29,SO-003,8,260.00
2026-01-29,SO-004,11,72.00
2026-01-29,SO-005,4,85.00
2026-01-29,SO-006,4,95.00
2026-01-29,SO-007,4,45.00
2026-01-29,SO-008,8,35.00
2026-01-30,FB-001,16,131.25
2026-01-30,FB-002,59,14.70
2026-01-30,FB-003,26,25.20
2026-01-30,FB-004,16,81.90
2026-01-30,FB-005,19,120.75
2026-01-30,FB-006,23,69.30
2026-01-30,FB-007,7,288.75
2026-01-30,FB-008,14,35.70
2026-01-30,FB-009,35,71.40
2026-01-30,FB-010,4,162.75
2026-01-30,HC-001,15,57.20
2026-01-30,HC-002,5,119.60
2026-01-30,HC-003,5,43.68
2026-01-30,HC-004,3,64.48
2026-01-30,HC-005,4,101.92
2026-01-30,HC-006,2,85.28
2026-01-30,HC-007,7,29.12
2026-01-30,HC-008,15,64.48
2026-01-30,HC-009,1,140.40
2026-01-30,HW-001,1,89.25
2026-01-30,HW-002,2,288.75
2026-01-30,HW-003,2,102.90
2026-01-30,HW-004,3,719.25
2026-01-30,HW-005,1,50.40
2026-01-30,HW-006,3,29.40
2026-01-30,HW-008,1,131.25
2026-01-30,HW-010,6,16.80
2026-01-30,PC-001,18,52.00
2026-01-30,PC-002,4,32.00
2026-01-30,PC-003,7,68.00
2026-01-30,PC-004,4,38.00
2026-01-30,PC-005,4,95.00
2026-01-30,PC-006,4,135.00
2026-01-30,PC-007,4,38.00
2026-01-30,PC-008,6,79.00
2026-01-30,PC-009,3,49.00
2026-01-30,PC-010,4,120.00
2026-01-30,SO-001,13,30.00
2026-01-30,SO-002,10,90.00
2026-01-30,SO-003,6,260.00
2026-01-30,SO-004,4,72.00
2026-01-30,SO-005,4,85.00
2026-01-30,SO-006,3,95.00
2026-01-30,SO-007,4,45.00
2026-01-30,SO-008,2,35.00
2026-01-30,SO-009,3,78.00
2026-01-31,FB-001,23,131.25
2026-01-31,FB-002,95,14.70
2026-01-31,FB-003,44,25.20
2026-01-31,FB-004,15,81.90
2026-01-31,FB-005,27,120.75
2026-01-31,FB-006,40,69.30
2026-01-31,FB-007,8,288.75
2026-01-31,FB-008,18,35.70
2026-01-31,FB-009,52,71.40
2026-01-31,FB-010,6,162.75
2026-01-31,HC-001,17,57.20
2026-01-31,HC-002,11,119.60
2026-01-31,HC-003,8,43.68
2026-01-31,HC-004,4,64.48
2026-01-31,HC-005,5,101.92
2026-01-31,HC-006,8,85.28
2026-01-31,HC-007,6,29.12
2026-01-31,HC-008,22,64.48
2026-01-31,HC-009,1,140.40
2026-01-31,HW-001,1,89.25
2026-01-31,HW-002,12,288.75
2026-01-31,HW-004,2,719.25
2026-01-31,HW-005,2,50.40
2026-01-31,HW-006,4,29.40
2026-01-31,HW-007,1,39.90
2026-01-31,HW-009,1,624.75
2026-01-31,HW-010,16,16.80
2026-01-31,PC-001,12,52.00
2026-01-31,PC-002,8,32.00
2026-01-31,PC-003,2,68.00
2026-01-31,PC-004,5,38.00
2026-01-31,PC-005,6,95.00
2026-01-31,PC-007,2,38.00
2026-01-31,PC-008,3,79.00
2026-01-31,PC-009,11,49.00
2026-01-31,PC-010,3,120.00
2026-01-31,SO-001,4,30.00
2026-01-31,SO-002,3,90.00
2026-01-31,SO-003,1,260.00
2026-01-31,SO-004,2,72.00
2026-01-31,SO-005,3,85.00
2026-01-31,SO-006,1,95.00
2026-01-31,SO-007,3,45.00
2026-01-31,SO-008,6,35.00
2026-01-31,SO-009,1,78.00
2026-02-01,FB-001,25,131.25
2026-02-01,FB-002,79,14.70
2026-02-01,FB-003,23,25.20
2026-02-01,FB-004,21,81.90
2026-02-01,FB-005,21,120.75
2026-02-01,FB-006,29,69.30
2026-02-01,FB-007,6,288.75
2026-02-01,FB-008,9,35.70
2026-02-01,FB-009,32,71.40
2026-02-01,FB-010,8,162.75
2026-02-01,HC-001,4,57.20
2026-02-01,HC-002,14,119.60
2026-02-01,HC-003,8,43.68
2026-02-01,HC-004,7,64.48
2026-02-01,HC-005,6,101.92
2026-02-01,HC-006,4,85.28
2026-02-01,HC-007,12,29.12
2026-02-01,HC-008,10,64.48
2026-02-01,HC-009,2,140.40
2026-02-01,HW-002,10,288.75
2026-02-01,HW-005,2,50.40
2026-02-01,HW-006,2,29.40
2026-02-01,HW-009,1,624.75
2026-02-01,HW-010,11,16.80
2026-02-01,PC-001,10,52.00
2026-02-01,PC-002,9,32.00
2026-02-01,PC-003,10,68.00
2026-02-01,PC-004,6,38.00
2026-02-01,PC-005,1,95.00
2026-02-01,PC-006,5,135.00
2026-02-01,PC-007,5,38.00
2026-02-01,PC-008,6,79.00
2026-02-01,PC-009,12,49.00
2026-02-01,PC-010,3,120.00
2026-02-01,SO-001,5,30.00
2026-02-01,SO-002,1,90.00
2026-02-01,SO-003,2,260.00
2026-02-01,SO-004,2,72.00
2026-02-01,SO-006,1,95.00
2026-02-01,SO-007,2,45.00
2026-02-01,SO-008,3,35.00
2026-02-02,FB-001,15,131.25
2026-02-02,FB-002,44,14.70
2026-02-02,FB-003,12,25.20
2026-02-02,FB-004,7,81.90
2026-02-02,FB-005,6,120.75
2026-02-02,FB-006,24,69.30
2026-02-02,FB-007,10,288.75
2026-02-02,FB-008,10,35.70
2026-02-02,FB-009,27,71.40
2026-02-02,FB-010,4,162.75
2026-02-02,HC-001,13,57.20
2026-02-02,HC-002,2,119.60
2026-02-02,HC-003,3,43.68
2026-02-02,HC-004,5,64.48
2026-02-02,HC-006,2,85.28
2026-02-02,HC-007,5,29.12
2026-02-02,HC-008,7,64.48
2026-02-02,HC-009,2,140.40
2026-02-02,HW-001,3,89.25
2026-02-02,HW-002,12,288.75
2026-02-02,HW-003,2,102.90
2026-02-02,HW-004,1,719.25
2026-02-02,HW-006,4,29.40
2026-02-02,HW-007,1,39.90
2026-02-02,HW-008,1,131.25
2026-02-02,HW-009,2,624.75
2026-02-02,HW-010,9,16.80
2026-02-02,PC-001,5,52.00
2026-02-02,PC-002,5,32.00
2026-02-02,PC-003,2,68.00
2026-02-02,PC-004,1,38.00
2026-02-02,PC-005,3,95.00
2026-02-02,PC-007,4,38.00
2026-02-02,PC-008,5,79.00
2026-02-02,PC-009,8,49.00
2026-02-02,PC-010,1,120.00
2026-02-02,SO-001,11,30.00
2026-02-02,SO-002,2,90.00
2026-02-02,SO-003,2,260.00
2026-02-02,SO-004,5,72.00
2026-02-02,SO-006,3,95.00
2026-02-02,SO-007,4,45.00
2026-02-02,SO-008,4,35.00
2026-02-02,SO-009,1,78.00
2026-02-02,SO-010,1,595.00
2026-02-03,FB-001,7,131.25
2026-02-03,FB-002,66,14.70
2026-02-03,FB-003,20,25.20
2026-02-03,FB-004,4,81.90
2026-02-03,FB-005,15,120.75
2026-02-03,FB-006,26,69.30
2026-02-03,FB-007,6,288.75
2026-02-03,FB-008,8,35.70
2026-02-03,FB-009,14,71.40
2026-02-03,FB-010,4,162.75
2026-02-03,HC-001,11,57.20
2026-02-03,HC-002,7,119.60
2026-02-03,HC-003,5,43.68
2026-02-03,HC-004,7,64.48
2026-02-03,HC-005,3,101.92
2026-02-03,HC-006,5,85.28
2026-02-03,HC-007,5,29.12
2026-02-03,HC-008,4,64.48
2026-02-03,HC-009,2,140.40
2026-02-03,HW-001,6,89.25
2026-02-03,HW-002,13,288.75
2026-02-03,HW-003,2,102.90
2026-02-03,HW-006,1,29.40
2026-02-03,HW-008,1,131.25
2026-02-03,HW-009,1,624.75
2026-02-03,HW-010,6,16.80
2026-02-03,PC-001,12,52.00
2026-02-03,PC-002,8,32.00
2026-02-03,PC-003,7,68.00
2026-02-03,PC-004,4,38.00
2026-02-03,PC-005,2,95.00
2026-02-03,PC-006,3,135.00
2026-02-03,PC-007,5,38.00
2026-02-03,PC-008,3,79.00
2026-02-03,PC-009,8,49.00
2026-02-03,PC-010,1,120.00
2026-02-03,SO-001,14,30.00
2026-02-03,SO-002,6,90.00
2026-02-03,SO-003,3,260.00
2026-02-03,SO-004,5,72.00
2026-02-03,SO-005,2,85.00
2026-02-03,SO-006,1,95.00
2026-02-03,SO-007,1,45.00
2026-02-03,SO-008,4,35.00
2026-02-03,SO-009,1,78.00
2026-02-04,FB-001,17,131.25
2026-02-04,FB-002,70,14.70
2026-02-04,FB-003,14,25.20
2026-02-04,FB-004,12,81.90
2026-02-04,FB-005,12,120.75
2026-02-04,FB-006,24,69.30
2026-02-04,FB-007,1,288.75
2026-02-04,FB-008,7,35.70
2026-02-04,FB-009,23,71.40
2026-02-04,FB-010,4,162.75
2026-02-04,HC-001,10,57.20
2026-02-04,HC-002,7,119.60
2026-02-04,HC-003,6,43.68
2026-02-04,HC-004,3,64.48
2026-02-04,HC-005,3,101.92
2026-02-04,HC-006,2,85.28
2026-02-04,HC-007,6,29.12
2026-02-04,HC-008,10,64.48
2026-02-04,HC-009,4,140.40
2026-02-04,HW-001,3,89.25
2026-02-04,HW-002,10,288.75
2026-02-04,HW-003,1,102.90
2026-02-04,HW-004,1,719.25
2026-02-04,HW-005,3,50.40
2026-02-04,HW-008,1,131.25
2026-02-04,HW-010,16,16.80
2026-02-04,PC-001,8,52.00
2026-02-04,PC-002,7,32.00
2026-02-04,PC-003,4,68.00
2026-02-04,PC-004,5,38.00
2026-02-04,PC-005,3,95.00
2026-02-04,PC-006,4,135.00
2026-02-04,PC-007,1,38.00
2026-02-04,PC-008,2,79.00
2026-02-04,PC-009,3,49.00
2026-02-04,SO-001,16,30.00
2026-02-04,SO-002,5,90.00
2026-02-04,SO-003,2,260.00
2026-02-04,SO-004,3,72.00
2026-02-04,SO-006,6,95.00
2026-02-04,SO-007,2,45.00
2026-02-04,SO-008,5,35.00
2026-02-04,SO-009,3,78.00
2026-02-05,FB-001,3,131.25
2026-02-05,FB-002,71,14.70
2026-02-05,FB-003,22,25.20
2026-02-05,FB-004,7,81.90
2026-02-05,FB-005,13,120.75
2026-02-05,FB-006,25,69.30
2026-02-05,FB-007,4,288.75
2026-02-05,FB-008,10,35.70
2026-02-05,FB-009,19,71.40
2026-02-05,FB-010,5,162.75
2026-02-05,HC-001,11,57.20
2026-02-05,HC-002,13,119.60
2026-02-05,HC-003,6,43.68
2026-02-05,HC-004,8,64.48
2026-02-05,HC-005,2,101.92
2026-02-05,HC-006,2,85.28
2026-02-05,HC-007,8,29.12
2026-02-05,HC-008,8,64.48
2026-02-05,HC-009,2,140.40
2026-02-05,HW-001,3,89.25
2026-02-05,HW-002,9,288.75
2026-02-05,HW-003,2,102.90
2026-02-05,HW-004,1,719.25
2026-02-05,HW-005,2,50.40
2026-02-05,HW-006,1,29.40
2026-02-05,HW-009,1,624.75
2026-02-05,HW-010,12,16.80
2026-02-05,PC-001,6,52.00
2026-02-05,PC-002,13,32.00
2026-02-05,PC-003,5,68.00
2026-02-05,PC-004,4,38.00
2026-02-05,PC-005,4,95.00
2026-02-05,PC-006,2,135.00
2026-02-05,PC-007,3,38.00
2026-02-05,PC-008,5,79.00
2026-02-05,PC-009,6,49.00
2026-02-05,PC-010,3,120.00
2026-02-05,SO-001,15,30.00
2026-02-05,SO-002,5,90.00
2026-02-05,SO-003,2,260.00
2026-02-05,SO-004,7,72.00
2026-02-05,SO-005,2,85.00
2026-02-05,SO-006,1,95.00
2026-02-05,SO-007,2,45.00
2026-02-05,SO-008,6,35.00
2026-02-05,SO-009,3,78.00
2026-02-05,SO-010,1,595.00
2026-02-06,FB-001,17,131.25
2026-02-06,FB-002,68,14.70
2026-02-06,FB-003,11,25.20
2026-02-06,FB-004,15,81.90
2026-02-06,FB-005,14,120.75
2026-02-06,FB-006,20,69.30
2026-02-06,FB-007,10,288.75
2026-02-06,FB-008,12,35.70
2026-02-06,FB-009,43,71.40
2026-02-06,FB-010,12,162.75
2026-02-06,HC-001,10,57.20
2026-02-06,HC-002,5,119.60
2026-02-06,HC-003,9,43.68
2026-02-06,HC-004,9,64.48
2026-02-06,HC-005,8,101.92
2026-02-06,HC-006,2,85.28
2026-02-06,HC-007,3,29.12
2026-02-06,HC-008,8,64.48
2026-02-06,HC-009,4,140.40
2026-02-06,HW-001,6,89.25
2026-02-06,HW-002,8,288.75
2026-02-06,HW-003,2,102.90
2026-02-06,HW-004,1,719.25
2026-02-06,HW-005,1,50.40
2026-02-06,HW-006,2,29.40
2026-02-06,HW-008,1,131.25
2026-02-06,HW-009,2,624.75
2026-02-06,HW-010,17,16.80
2026-02-06,PC-001,12,52.00
2026-02-06,PC-002,9,32.00
2026-02-06,PC-003,4,68.00
2026-02-06,PC-004,2,38.00
2026-02-06,PC-005,1,95.00
2026-02-06,PC-006,2,135.00
2026-02-06,PC-007,3,38.00
2026-02-06,PC-008,4,79.00
2026-02-06,PC-009,1,49.00
2026-02-06,PC-010,1,120.00
2026-02-06,SO-001,12,30.00
2026-02-06,SO-002,2,90.00
2026-02-06,SO-003,4,260.00
2026-02-06,SO-004,2,72.00
2026-02-06,SO-005,1,85.00
2026-02-06,SO-006,2,95.00
2026-02-06,SO-008,3,35.00
2026-02-06,SO-009,3,78.00
2026-02-06,SO-010,2,595.00
2026-02-07,FB-001,19,131.25
2026-02-07,FB-002,92,14.70
2026-02-07,FB-003,27,25.20
2026-02-07,FB-004,11,81.90
2026-02-07,FB-005,16,120.75
2026-02-07,FB-006,32,69.30
2026-02-07,FB-007,13,288.75
2026-02-07,FB-008,16,35.70
2026-02-07,FB-009,35,71.40
2026-02-07,FB-010,10,162.75
2026-02-07,HC-001,15,57.20
2026-02-07,HC-002,12,119.60
2026-02-07,HC-003,5,43.68
2026-02-07,HC-004,3,64.48
2026-02-07,HC-005,1,101.92
2026-02-07,HC-006,4,85.28
2026-02-07,HC-007,4,29.12
2026-02-07,HC-008,7,64.48
2026-02-07,HC-009,3,140.40
2026-02-07,HW-001,5,89.25
2026-02-07,HW-002,7,288.75
2026-02-07,HW-003,3,102.90
2026-02-07,HW-004,1,719.25
2026-02-07,HW-005,2,50.40
2026-02-07,HW-006,1,29.40
2026-02-07,HW-007,1,39.90
2026-02-07,HW-008,1,131.25
2026-02-07,HW-010,22,16.80
2026-02-07,PC-001,7,52.00
2026-02-07,PC-002,4,32.00
2026-02-07,PC-003,11,68.00
2026-02-07,PC-004,5,38.00
2026-02-07,PC-005,1,95.00
2026-02-07,PC-006,1,135.00
2026-02-07,PC-007,5,38.00
2026-02-07,PC-008,6,79.00
2026-02-07,PC-009,7,49.00
2026-02-07,SO-001,17,30.00
2026-02-07,SO-002,2,90.00
2026-02-07,SO-003,3,260.00
2026-02-07,SO-004,4,72.00
2026-02-07,SO-005,3,85.00
2026-02-07,SO-006,4,95.00
2026-02-07,SO-008,6,35.00
2026-02-07,SO-009,3,78.00
2026-02-07,SO-010,1,595.00
2026-02-08,FB-001,8,131.25
2026-02-08,FB-002,74,14.70
2026-02-08,FB-003,12,25.20
2026-02-08,FB-004,10,81.90
2026-02-08,FB-005,10,120.75
2026-02-08,FB-006,22,69.30
2026-02-08,FB-007,8,288.75
2026-02-08,FB-008,15,35.70
2026-02-08,FB-009,24,71.40
2026-02-08,FB-010,6,162.75
2026-02-08,HC-001,11,57.20
2026-02-08,HC-002,8,119.60
2026-02-08,HC-003,5,43.68
2026-02-08,HC-004,9,64.48
2026-02-08,HC-005,6,101.92
2026-02-08,HC-006,3,85.28
2026-02-08,HC-007,10,29.12
2026-02-08,HC-008,6,64.48
2026-02-08,HC-009,1,140.40
2026-02-08,HW-001,2,89.25
2026-02-08,HW-002,2,288.75
2026-02-08,HW-003,2,102.90
2026-02-08,HW-005,1,50.40
2026-02-08,HW-008,1,131.25
2026-02-08,HW-009,1,624.75
2026-02-08,HW-010,6,16.80
2026-02-08,PC-001,8,52.00
2026-02-08,PC-002,13,32.00
2026-02-08,PC-003,5,68.00
2026-02-08,PC-004,4,38.00
2026-02-08,PC-005,5,95.00
2026-02-08,PC-006,2,135.00
2026-02-08,PC-007,5,38.00
2026-02-08,PC-008,6,79.00
2026-02-08,PC-009,8,49.00
2026-02-08,SO-001,7,30.00
2026-02-08,SO-003,4,260.00
2026-02-08,SO-004,1,72.00
2026-02-08,SO-006,1,95.00
2026-02-08,SO-007,1,45.00
2026-02-08,SO-008,3,35.00
2026-02-08,SO-009,2,78.00
2026-02-09,FB-001,25,131.25
2026-02-09,FB-002,54,14.70
2026-02-09,FB-003,17,25.20
2026-02-09,FB-004,7,81.90
2026-02-09,FB-005,10,120.75
2026-02-09,FB-006,32,69.30
2026-02-09,FB-007,4,288.75
2026-02-09,FB-008,8,35.70
2026-02-09,FB-009,30,71.40
2026-02-09,FB-010,6,162.75
2026-02-09,HC-001,8,57.20
2026-02-09,HC-002,16,119.60
2026-02-09,HC-003,6,43.68
2026-02-09,HC-004,6,64.48
2026-02-09,HC-005,2,101.92
2026-02-09,HC-006,1,85.28
2026-02-09,HC-007,2,29.12
2026-02-09,HC-008,8,64.48
2026-02-09,HC-009,2,140.40
2026-02-09,HC-010,10,22.88
2026-02-09,HW-001,2,89.25
2026-02-09,HW-002,9,288.75
2026-02-09,HW-003,2,102.90
2026-02-09,HW-004,1,719.25
2026-02-09,HW-006,2,29.40
2026-02-09,HW-008,5,131.25
2026-02-09,HW-009,1,624.75
2026-02-09,HW-010,10,16.80
2026-02-09,PC-001,11,52.00
2026-02-09,PC-002,11,32.00
2026-02-09,PC-003,6,68.00
2026-02-09,PC-004,4,38.00
2026-02-09,PC-005,8,95.00
2026-02-09,PC-007,4,38.00
2026-02-09,PC-008,2,79.00
2026-02-09,PC-009,5,49.00
2026-02-09,PC-010,2,120.00
2026-02-09,SO-001,10,30.00
2026-02-09,SO-002,5,90.00
2026-02-09,SO-003,4,260.00
2026-02-09,SO-004,3,72.00
2026-02-09,SO-005,2,85.00
2026-02-09,SO-006,2,95.00
2026-02-09,SO-007,1,45.00
2026-02-09,SO-008,7,35.00
2026-02-09,SO-009,4,78.00
2026-02-10,FB-001,13,131.25
2026-02-10,FB-002,11,14.70
2026-02-10,FB-003,10,25.20
2026-02-10,FB-004,10,81.90
2026-02-10,FB-005,6,120.75
2026-02-10,FB-006,21,69.30
2026-02-10,FB-007,3,288.75
2026-02-10,FB-008,6,35.70
2026-02-10,FB-009,18,71.40
2026-02-10,FB-010,4,162.75
2026-02-10,HC-001,12,57.20
2026-02-10,HC-002,8,119.60
2026-02-10,HC-003,3,43.68
2026-02-10,HC-004,5,64.48
2026-02-10,HC-005,8,101.92
2026-02-10,HC-006,1,85.28
2026-02-10,HC-007,6,29.12
2026-02-10,HC-008,11,64.48
2026-02-10,HC-009,1,140.40
2026-02-10,HC-010,14,22.88
2026-02-10,HW-001,3,89.25
2026-02-10,HW-003,1,102.90
2026-02-10,HW-004,1,719.25
2026-02-10,HW-005,2,50.40
2026-02-10,HW-006,3,29.40
2026-02-10,HW-007,1,39.90
2026-02-10,HW-008,1,131.25
2026-02-10,HW-010,11,16.80
2026-02-10,PC-001,7,52.00
2026-02-10,PC-002,5,32.00
2026-02-10,PC-003,2,68.00
2026-02-10,PC-004,2,38.00
2026-02-10,PC-005,2,95.00
2026-02-10,PC-006,2,135.00
2026-02-10,PC-007,3,38.00
2026-02-10,PC-008,2,79.00
2026-02-10,PC-009,10,49.00
2026-02-10,PC-010,2,120.00
2026-02-10,SO-001,20,30.00
2026-02-10,SO-002,2,90.00
2026-02-10,SO-003,8,260.00
2026-02-10,SO-004,5,72.00
2026-02-10,SO-005,1,85.00
2026-02-10,SO-006,2,95.00
2026-02-10,SO-007,1,45.00
2026-02-10,SO-008,2,35.00
2026-02-10,SO-009,3,78.00
2026-02-11,FB-001,14,131.25
2026-02-11,FB-002,58,14.70
2026-02-11,FB-003,15,25.20
2026-02-11,FB-004,10,81.90
2026-02-11,FB-005,15,120.75
2026-02-11,FB-006,28,69.30
2026-02-11,FB-007,14,288.75
2026-02-11,FB-008,6,35.70
2026-02-11,FB-009,19,71.40
2026-02-11,FB-010,6,162.75
2026-02-11,HC-001,10,57.20
2026-02-11,HC-002,10,119.60
2026-02-11,HC-003,6,43.68
2026-02-11,HC-004,3,64.48
2026-02-11,HC-005,5,101.92
2026-02-11,HC-007,1,29.12
2026-02-11,HC-008,4,64.48
2026-02-11,HC-009,2,140.40
2026-02-11,HC-010,9,22.88
2026-02-11,HW-001,4,89.25
2026-02-11,HW-003,1,102.90
2026-02-11,HW-005,1,50.40
2026-02-11,HW-009,4,624.75
2026-02-11,HW-010,11,16.80
2026-02-11,PC-001,6,52.00
2026-02-11,PC-002,7,32.00
2026-02-11,PC-004,2,38.00
2026-02-11,PC-005,3,95.00
2026-02-11,PC-006,1,135.00
2026-02-11,PC-007,2,38.00
2026-02-11,PC-008,3,79.00
2026-02-11,PC-009,7,49.00
2026-02-11,PC-010,2,120.00
2026-02-11,SO-001,14,30.00
2026-02-11,SO-002,1,90.00
2026-02-11,SO-003,1,260.00
2026-02-11,SO-004,3,72.00
2026-02-11,SO-005,1,85.00
2026-02-11,SO-006,2,95.00
2026-02-11,SO-007,3,45.00
2026-02-11,SO-008,1,35.00
2026-02-11,SO-009,1,78.00
2026-02-11,SO-010,2,595.00
2026-02-12,FB-001,18,131.25
2026-02-12,FB-002,69,14.70
2026-02-12,FB-003,23,25.20
2026-02-12,FB-004,11,81.90
2026-02-12,FB-005,14,120.75
2026-02-12,FB-006,21,69.30
2026-02-12,FB-007,6,288.75
2026-02-12,FB-008,9,35.70
2026-02-12,FB-009,26,71.40
2026-02-12,FB-010,3,162.75
2026-02-12,HC-001,13,57.20
2026-02-12,HC-002,8,119.60
2026-02-12,HC-003,5,43.68
2026-02-12,HC-004,5,64.48
2026-02-12,HC-005,4,101.92
2026-02-12,HC-006,7,85.28
2026-02-12,HC-007,4,29.12
2026-02-12,HC-008,6,64.48
2026-02-12,HC-009,3,140.40
2026-02-12,HC-010,15,22.88
2026-02-12,HW-001,2,89.25
2026-02-12,HW-002,11,288.75
2026-02-12,HW-003,1,102.90
2026-02-12,HW-004,1,719.25
2026-02-12,HW-005,1,50.40
2026-02-12,HW-006,2,29.40
2026-02-12,HW-008,1,131.25
2026-02-12,HW-010,13,16.80
2026-02-12,PC-001,13,52.00
2026-02-12,PC-002,4,32.00
2026-02-12,PC-003,7,68.00
2026-02-12,PC-004,1,38.00
2026-02-12,PC-005,2,95.00
2026-02-12,PC-006,3,135.00
2026-02-12,PC-007,3,38.00
2026-02-12,PC-008,4,79.00
2026-02-12,PC-009,13,49.00
2026-02-12,PC-010,2,120.00
2026-02-12,SO-001,12,30.00
2026-02-12,SO-002,1,90.00
2026-02-12,SO-003,4,260.00
2026-02-12,SO-004,7,72.00
2026-02-12,SO-005,2,85.00
2026-02-12,SO-006,2,95.00
2026-02-12,SO-007,1,45.00
2026-02-12,SO-008,5,35.00
2026-02-12,SO-009,3,78.00
2026-02-13,FB-001,11,131.25
2026-02-13,FB-002,79,14.70
2026-02-13,FB-003,21,25.20
2026-02-13,FB-004,15,81.90
2026-02-13,FB-005,17,120.75
2026-02-13,FB-006,23,69.30
2026-02-13,FB-007,11,288.75
2026-02-13,FB-008,7,35.70
2026-02-13,FB-009,24,71.40
2026-02-13,FB-010,5,162.75
2026-02-13,HC-001,6,57.20
2026-02-13,HC-002,13,119.60
2026-02-13,HC-003,10,43.68
2026-02-13,HC-004,3,64.48
2026-02-13,HC-005,3,101.92
2026-02-13,HC-006,4,85.28
2026-02-13,HC-007,9,29.12
2026-02-13,HC-008,9,64.48
2026-02-13,HC-009,2,140.40
2026-02-13,HC-010,10,22.88
2026-02-13,HW-001,2,89.25
2026-02-13,HW-002,5,288.75
2026-02-13,HW-003,6,102.90
2026-02-13,HW-004,1,719.25
2026-02-13,HW-006,1,29.40
2026-02-13,HW-007,2,39.90
2026-02-13,HW-009,2,624.75
2026-02-13,HW-010,14,16.80
2026-02-13,PC-001,8,52.00
2026-02-13,PC-002,5,32.00
2026-02-13,PC-003,5,68.00
2026-02-13,PC-004,6,38.00
2026-02-13,PC-005,3,95.00
2026-02-13,PC-006,2,135.00
2026-02-13,PC-007,3,38.00
2026-02-13,PC-008,6,79.00
2026-02-13,PC-009,9,49.00
2026-02-13,PC-010,1,120.00
2026-02-13,SO-001,15,30.00
2026-02-13,SO-002,6,90.00
2026-02-13,SO-003,4,260.00
2026-02-13,SO-004,2,72.00
2026-02-13,SO-005,2,85.00
2026-02-13,SO-006,1,95.00
2026-02-13,SO-007,1,45.00
2026-02-13,SO-008,6,35.00
2026-02-13,SO-009,2,78.00
2026-02-13,SO-010,1,595.00
2026-02-14,FB-001,24,131.25
2026-02-14,FB-002,86,14.70
2026-02-14,FB-003,32,25.20
2026-02-14,FB-004,17,81.90
2026-02-14,FB-005,20,120.75
2026-02-14,FB-006,41,69.30
2026-02-14,FB-007,16,288.75
2026-02-14,FB-008,11,35.70
2026-02-14,FB-009,35,71.40
2026-02-14,FB-010,9,162.75
2026-02-14,HC-001,15,57.20
2026-02-14,HC-002,23,119.60
2026-02-14,HC-003,12,43.68
2026-02-14,HC-004,6,64.48
2026-02-14,HC-005,9,101.92
2026-02-14,HC-006,5,85.28
2026-02-14,HC-007,7,29.12
2026-02-14,HC-008,4,64.48
2026-02-14,HC-009,1,140.40
2026-02-14,HC-010,27,22.88
2026-02-14,HW-001,3,89.25
2026-02-14,HW-002,13,288.75
2026-02-14,HW-003,2,102.90
2026-02-14,HW-004,2,719.25
2026-02-14,HW-005,1,50.40
2026-02-14,HW-006,3,29.40
2026-02-14,HW-008,1,131.25
2026-02-14,HW-009,2,624.75
2026-02-14,HW-010,23,16.80
2026-02-14,PC-001,17,52.00
2026-02-14,PC-002,6,32.00
2026-02-14,PC-003,13,68.00
2026-02-14,PC-004,8,38.00
2026-02-14,PC-005,4,95.00
2026-02-14,PC-006,1,135.00
2026-02-14,PC-007,4,38.00
2026-02-14,PC-008,6,79.00
2026-02-14,PC-009,10,49.00
2026-02-14,PC-010,3,120.00
2026-02-14,SO-001,8,30.00
2026-02-14,SO-002,4,90.00
2026-02-14,SO-003,6,260.00
2026-02-14,SO-004,4,72.00
2026-02-14,SO-005,1,85.00
2026-02-14,SO-006,2,95.00
2026-02-14,SO-007,2,45.00
2026-02-14,SO-008,2,35.00
2026-02-14,SO-009,2,78.00
2026-02-14,SO-010,1,595.00
2026-02-15,FB-001,28,131.25
2026-02-15,FB-002,84,14.70
2026-02-15,FB-003,32,25.20
2026-02-15,FB-004,13,81.90
2026-02-15,FB-005,17,120.75
2026-02-15,FB-006,32,69.30
2026-02-15,FB-007,18,288.75
2026-02-15,FB-008,13,35.70
2026-02-15,FB-009,42,71.40
2026-02-15,FB-010,8,162.75
2026-02-15,HC-001,10,57.20
2026-02-15,HC-002,6,119.60
2026-02-15,HC-003,12,43.68
2026-02-15,HC-004,8,64.48
2026-02-15,HC-005,9,101.92
2026-02-15,HC-006,2,85.28
2026-02-15,HC-007,1,29.12
2026-02-15,HC-008,13,64.48
2026-02-15,HC-009,1,140.40
2026-02-15,HC-010,17,22.88
2026-02-15,HW-001,1,89.25
2026-02-15,HW-002,4,288.75
2026-02-15,HW-004,1,719.25
2026-02-15,HW-006,1,29.40
2026-02-15,HW-010,10,16.80
2026-02-15,PC-001,10,52.00
2026-02-15,PC-002,4,32.00
2026-02-15,PC-003,6,68.00
2026-02-15,PC-004,6,38.00
2026-02-15,PC-005,3,95.00
2026-02-15,PC-006,1,135.00
2026-02-15,PC-007,1,38.00
2026-02-15,PC-008,2,79.00
2026-02-15,SO-001,15,30.00
2026-02-15,SO-003,2,260.00
2026-02-15,SO-005,3,85.00
2026-02-15,SO-006,2,95.00
2026-02-15,SO-007,1,45.00
2026-02-15,SO-009,1,78.00
2026-02-16,FB-001,18,131.25
2026-02-16,FB-002,55,14.70
2026-02-16,FB-003,24,25.20
2026-02-16,FB-004,19,81.90
2026-02-16,FB-005,12,120.75
2026-02-16,FB-006,25,69.30
2026-02-16,FB-007,13,288.75
2026-02-16,FB-008,9,35.70
2026-02-16,FB-009,24,71.40
2026-02-16,FB-010,9,162.75
2026-02-16,HC-001,10,57.20
2026-02-16,HC-002,11,119.60
2026-02-16,HC-003,4,43.68
2026-02-16,HC-004,3,64.48
2026-02-16,HC-005,6,101.92
2026-02-16,HC-006,2,85.28
2026-02-16,HC-007,7,29.12
2026-02-16,HC-008,5,64.48
2026-02-16,HC-009,3,140.40
2026-02-16,HC-010,13,22.88
2026-02-16,HW-001,2,89.25
2026-02-16,HW-002,10,288.75
2026-02-16,HW-003,4,102.90
2026-02-16,HW-005,2,50.40
2026-02-16,HW-006,2,29.40
2026-02-16,HW-008,2,131.25
2026-02-16,HW-010,1,16.80
2026-02-16,PC-001,17,52.00
2026-02-16,PC-002,6,32.00
2026-02-16,PC-003,6,68.00
2026-02-16,PC-004,5,38.00
2026-02-16,PC-005,3,95.00
2026-02-16,PC-007,3,38.00
2026-02-16,PC-008,6,79.00
2026-02-16,PC-009,12,49.00
2026-02-16,PC-010,1,120.00
2026-02-16,SO-001,12,30.00
2026-02-16,SO-003,2,260.00
2026-02-16,SO-004,4,72.00
2026-02-16,SO-005,4,85.00
2026-02-16,SO-006,2,95.00
2026-02-16,SO-007,1,45.00
2026-02-16,SO-008,6,35.00
2026-02-16,SO-009,1,78.00
2026-02-16,SO-010,1,595.00
2026-02-17,FB-001,17,131.25
2026-02-17,FB-002,62,14.70
2026-02-17,FB-003,11,25.20
2026-02-17,FB-004,10,81.90
2026-02-17,FB-005,7,120.75
2026-02-17,FB-006,17,69.30
2026-02-17,FB-008,10,35.70
2026-02-17,FB-009,32,71.40
2026-02-17,FB-010,4,162.75
2026-02-17,HC-001,9,57.20
2026-02-17,HC-002,6,119.60
2026-02-17,HC-003,5,43.68
2026-02-17,HC-004,6,64.48
2026-02-17,HC-005,5,101.92
2026-02-17,HC-007,6,29.12
2026-02-17,HC-008,8,64.48
2026-02-17,HC-009,1,140.40
2026-02-17,HC-010,12,22.88
2026-02-17,HW-001,6,89.25
2026-02-17,HW-002,3,288.75
2026-02-17,HW-003,2,102.90
2026-02-17,HW-004,1,719.25
2026-02-17,HW-005,2,50.40
2026-02-17,HW-006,2,29.40
2026-02-17,PC-001,11,52.00
2026-02-17,PC-002,11,32.00
2026-02-17,PC-003,5,68.00
2026-02-17,PC-004,5,38.00
2026-02-17,PC-005,6,95.00
2026-02-17,PC-006,1,135.00
2026-02-17,PC-007,1,38.00
2026-02-17,PC-008,2,79.00
2026-02-17,PC-009,10,49.00
2026-02-17,PC-010,1,120.00
2026-02-17,SO-001,18,30.00
2026-02-17,SO-002,4,90.00
2026-02-17,SO-003,3,260.00
2026-02-17,SO-004,8,72.00
2026-02-17,SO-005,1,85.00
2026-02-17,SO-006,2,95.00
2026-02-17,SO-007,2,45.00
2026-02-17,SO-008,4,35.00
2026-02-17,SO-009,2,78.00
2026-02-17,SO-010,2,595.00
2026-02-18,FB-001,5,131.25
2026-02-18,FB-002,45,14.70
2026-02-18,FB-003,21,25.20
2026-02-18,FB-004,11,81.90
2026-02-18,FB-005,7,120.75
2026-02-18,FB-006,13,69.30
2026-02-18,FB-008,5,35.70
2026-02-18,FB-009,24,71.40
2026-02-18,FB-010,5,162.75
2026-02-18,HC-001,12,57.20
2026-02-18,HC-002,5,119.60
2026-02-18,HC-003,5,43.68
2026-02-18,HC-004,5,64.48
2026-02-18,HC-005,3,101.92
2026-02-18,HC-006,2,85.28
2026-02-18,HC-007,3,29.12
2026-02-18,HC-008,8,64.48
2026-02-18,HC-009,1,140.40
2026-02-18,HC-010,10,22.88
2026-02-18,HW-002,6,288.75
2026-02-18,HW-003,1,102.90
2026-02-18,HW-004,3,719.25
2026-02-18,HW-005,3,50.40
2026-02-18,HW-006,7,29.40
2026-02-18,HW-009,2,624.75
2026-02-18,HW-010,20,16.80
2026-02-18,PC-001,7,52.00
2026-02-18,PC-002,11,32.00
2026-02-18,PC-003,2,68.00
2026-02-18,PC-004,3,38.00
2026-02-18,PC-005,2,95.00
2026-02-18,PC-006,1,135.00
2026-02-18,PC-007,1,38.00
2026-02-18,PC-008,2,79.00
2026-02-18,PC-009,4,49.00
2026-02-18,PC-010,1,120.00
2026-02-18,SO-001,12,30.00
2026-02-18,SO-002,5,90.00
2026-02-18,SO-003,4,260.00
2026-02-18,SO-004,3,72.00
2026-02-18,SO-005,2,85.00
2026-02-18,SO-006,4,95.00
2026-02-18,SO-007,3,45.00
2026-02-18,SO-008,2,35.00
2026-02-18,SO-009,1,78.00
2026-02-19,FB-001,9,131.25
2026-02-19,FB-002,68,14.70
2026-02-19,FB-003,14,25.20
2026-02-19,FB-004,10,81.90
2026-02-19,FB-005,11,120.75
2026-02-19,FB-006,21,69.30
2026-02-19,FB-008,4,35.70
2026-02-19,FB-009,35,71.40
2026-02-19,FB-010,5,162.75
2026-02-19,HC-001,12,57.20
2026-02-19,HC-002,6,119.60
2026-02-19,HC-003,2,43.68
2026-02-19,HC-004,3,64.48
2026-02-19,HC-005,8,101.92
2026-02-19,HC-006,3,85.28
2026-02-19,HC-007,5,29.12
2026-02-19,HC-008,6,64.48
2026-02-19,HC-010,11,22.88
2026-02-19,HW-001,2,89.25
2026-02-19,HW-002,8,288.75
2026-02-19,HW-003,1,102.90
2026-02-19,HW-004,2,719.25
2026-02-19,HW-005,1,50.40
2026-02-19,HW-006,1,29.40
2026-02-19,HW-009,2,624.75
2026-02-19,HW-010,9,16.80
2026-02-19,PC-001,7,52.00
2026-02-19,PC-002,7,32.00
2026-02-19,PC-003,3,68.00
2026-02-19,PC-004,7,38.00
2026-02-19,PC-005,5,95.00
2026-02-19,PC-006,3,135.00
2026-02-19,PC-007,1,38.00
2026-02-19,PC-008,1,79.00
2026-02-19,PC-009,11,49.00
2026-02-19,PC-010,1,120.00
2026-02-19,SO-001,13,30.00
2026-02-19,SO-002,3,90.00
2026-02-19,SO-003,2,260.00
2026-02-19,SO-004,4,72.00
2026-02-19,SO-005,3,85.00
2026-02-19,SO-007,3,45.00
2026-02-19,SO-008,3,35.00
2026-02-19,SO-009,2,78.00
2026-02-20,FB-001,10,131.25
2026-02-20,FB-002,84,14.70
2026-02-20,FB-003,26,25.20
2026-02-20,FB-004,9,81.90
2026-02-20,FB-005,14,120.75
2026-02-20,FB-006,25,69.30
2026-02-20,FB-007,1,288.75
2026-02-20,FB-008,13,35.70
2026-02-20,FB-009,26,71.40
2026-02-20,FB-010,6,162.75
2026-02-20,HC-001,16,57.20
2026-02-20,HC-002,9,119.60
2026-02-20,HC-003,8,43.68
2026-02-20,HC-005,4,101.92
2026-02-20,HC-006,2,85.28
2026-02-20,HC-007,5,29.12
2026-02-20,HC-008,10,64.48
2026-02-20,HC-009,2,140.40
2026-02-20,HC-010,13,22.88
2026-02-20,HW-001,4,89.25
2026-02-20,HW-003,2,102.90
2026-02-20,HW-005,2,50.40
2026-02-20,HW-006,2,29.40
2026-02-20,HW-008,1,131.25
2026-02-20,HW-010,11,16.80
2026-02-20,PC-001,7,52.00
2026-02-20,PC-002,15,32.00
2026-02-20,PC-003,6,68.00
2026-02-20,PC-004,3,38.00
2026-02-20,PC-005,1,95.00
2026-02-20,PC-006,4,135.00
2026-02-20,PC-007,3,38.00
2026-02-20,PC-008,6,79.00
2026-02-20,PC-009,8,49.00
2026-02-20,PC-010,1,120.00
2026-02-20,SO-001,14,30.00
2026-02-20,SO-002,3,90.00
2026-02-20,SO-003,5,260.00
2026-02-20,SO-004,5,72.00
2026-02-20,SO-005,2,85.00
2026-02-20,SO-006,1,95.00
2026-02-20,SO-007,1,45.00
2026-02-20,SO-008,6,35.00
2026-02-20,SO-009,2,78.00
2026-02-20,SO-010,2,595.00
2026-02-21,FB-001,21,131.25
2026-02-21,FB-002,54,14.70
2026-02-21,FB-003,32,25.20
2026-02-21,FB-004,18,81.90
2026-02-21,FB-005,8,120.75
2026-02-21,FB-006,20,69.30
2026-02-21,FB-007,15,288.75
2026-02-21,FB-008,5,35.70
2026-02-21,FB-009,35,71.40
2026-02-21,FB-010,6,162.75
2026-02-21,HC-001,11,57.20
2026-02-21,HC-002,12,119.60
2026-02-21,HC-003,5,43.68
2026-02-21,HC-004,3,64.48
2026-02-21,HC-005,7,101.92
2026-02-21,HC-006,3,85.28
2026-02-21,HC-007,5,29.12
2026-02-21,HC-008,10,64.48
2026-02-21,HC-009,1,140.40
2026-02-21,HC-010,12,22.88
2026-02-21,HW-001,2,89.25
2026-02-21,HW-003,2,102.90
2026-02-21,HW-004,2,719.25
2026-02-21,HW-005,4,50.40
2026-02-21,HW-006,3,29.40
2026-02-21,HW-008,1,131.25
2026-02-21,HW-009,1,624.75
2026-02-21,HW-010,16,16.80
2026-02-21,PC-001,9,52.00
2026-02-21,PC-002,14,32.00
2026-02-21,PC-003,4,68.00
2026-02-21,PC-004,6,38.00
2026-02-21,PC-005,4,95.00
2026-02-21,PC-006,4,135.00
2026-02-21,PC-007,6,38.00
2026-02-21,PC-008,7,79.00
2026-02-21,PC-009,9,49.00
2026-02-21,PC-010,5,120.00
2026-02-21,SO-001,16,30.00
2026-02-21,SO-002,2,90.00
2026-02-21,SO-003,2,260.00
2026-02-21,SO-004,1,72.00
2026-02-21,SO-005,1,85.00
2026-02-21,SO-007,1,45.00
2026-02-21,SO-008,5,35.00
2026-02-22,FB-001,14,131.25
2026-02-22,FB-004,9,81.90
2026-02-22,FB-005,7,120.75
2026-02-22,FB-006,34,69.30
2026-02-22,FB-007,5,288.75
2026-02-22,FB-008,7,35.70
2026-02-22,FB-009,23,71.40
2026-02-22,FB-010,11,162.75
2026-02-22,HC-001,15,57.20
2026-02-22,HC-002,10,119.60
2026-02-22,HC-003,7,43.68
2026-02-22,HC-004,6,64.48
2026-02-22,HC-005,5,101.92
2026-02-22,HC-006,1,85.28
2026-02-22,HC-007,6,29.12
2026-02-22,HC-008,10,64.48
2026-02-22,HC-009,2,140.40
2026-02-22,HC-010,17,22.88
2026-02-22,HW-001,2,89.25
2026-02-22,HW-002,2,288.75
2026-02-22,HW-005,3,50.40
2026-02-22,HW-006,1,29.40
2026-02-22,HW-008,1,131.25
2026-02-22,HW-010,6,16.80
2026-02-22,PC-001,8,52.00
2026-02-22,PC-002,10,32.00
2026-02-22,PC-003,5,68.00
2026-02-22,PC-004,6,38.00
2026-02-22,PC-005,4,95.00
2026-02-22,PC-006,2,135.00
2026-02-22,PC-007,5,38.00
2026-02-22,PC-008,5,79.00
2026-02-22,PC-009,6,49.00
2026-02-22,PC-010,2,120.00
2026-02-22,SO-001,15,30.00
2026-02-22,SO-002,2,90.00
2026-02-22,SO-004,4,72.00
2026-02-22,SO-005,2,85.00
2026-02-22,SO-007,1,45.00
2026-02-22,SO-008,2,35.00
2026-02-23,FB-001,13,131.25
2026-02-23,FB-002,53,14.70
2026-02-23,FB-003,18,25.20
2026-02-23,FB-004,11,81.90
2026-02-23,FB-005,12,120.75
2026-02-23,FB-006,22,69.30
2026-02-23,FB-007,11,288.75
2026-02-23,FB-008,6,35.70
2026-02-23,FB-009,7,71.40
2026-02-23,FB-010,6,162.75
2026-02-23,HC-001,12,57.20
2026-02-23,HC-002,5,119.60
2026-02-23,HC-003,5,43.68
2026-02-23,HC-004,3,64.48
2026-02-23,HC-005,4,101.92
2026-02-23,HC-006,1,85.28
2026-02-23,HC-007,3,29.12
2026-02-23,HC-008,9,64.48
2026-02-23,HC-010,15,22.88
2026-02-23,HW-001,3,89.25
2026-02-23,HW-002,3,288.75
2026-02-23,HW-003,2,102.90
2026-02-23,HW-004,1,719.25
2026-02-23,HW-005,2,50.40
2026-02-23,HW-006,2,29.40
2026-02-23,HW-008,1,131.25
2026-02-23,HW-010,13,16.80
2026-02-23,PC-001,9,52.00
2026-02-23,PC-002,6,32.00
2026-02-23,PC-003,2,68.00
2026-02-23,PC-004,5,38.00
2026-02-23,PC-005,4,95.00
2026-02-23,PC-006,2,135.00
2026-02-23,PC-007,2,38.00
2026-02-23,PC-008,5,79.00
2026-02-23,PC-009,8,49.00
2026-02-23,SO-001,10,30.00
2026-02-23,SO-002,5,90.00
2026-02-23,SO-003,7,260.00
2026-02-23,SO-004,4,72.00
2026-02-23,SO-005,4,85.00
2026-02-23,SO-006,1,95.00
2026-02-23,SO-007,3,45.00
2026-02-23,SO-008,6,35.00
2026-02-23,SO-009,2,78.00
2026-02-24,FB-001,9,131.25
2026-02-24,FB-002,39,14.70
2026-02-24,FB-003,17,25.20
2026-02-24,FB-004,9,81.90
2026-02-24,FB-005,9,120.75
2026-02-24,FB-006,11,69.30
2026-02-24,FB-007,5,288.75
2026-02-24,FB-008,3,35.70
2026-02-24,FB-009,31,71.40
2026-02-24,FB-010,4,162.75
2026-02-24,HC-001,6,57.20
2026-02-24,HC-002,4,119.60
2026-02-24,HC-003,8,43.68
2026-02-24,HC-004,7,64.48
2026-02-24,HC-006,1,85.28
2026-02-24,HC-007,16,29.12
2026-02-24,HC-008,10,64.48
2026-02-24,HC-009,3,140.40
2026-02-24,HC-010,11,22.88
2026-02-24,HW-001,4,89.25
2026-02-24,HW-002,3,288.75
2026-02-24,HW-006,3,29.40
2026-02-24,HW-007,1,39.90
2026-02-24,HW-008,1,131.25
2026-02-24,HW-010,5,16.80
2026-02-24,PC-001,13,52.00
2026-02-24,PC-002,7,32.00
2026-02-24,PC-003,1,68.00
2026-02-24,PC-004,5,38.00
2026-02-24,PC-005,3,95.00
2026-02-24,PC-006,3,135.00
2026-02-24,PC-007,3,38.00
2026-02-24,PC-008,1,79.00
2026-02-24,PC-009,10,49.00
2026-02-24,SO-001,9,30.00
2026-02-24,SO-002,2,90.00
2026-02-24,SO-003,5,260.00
2026-02-24,SO-004,2,72.00
2026-02-24,SO-005,2,85.00
2026-02-24,SO-006,1,95.00
2026-02-24,SO-007,1,45.00
2026-02-24,SO-008,5,35.00
2026-02-24,SO-009,1,78.00
2026-02-25,FB-001,10,131.25
2026-02-25,FB-002,53,14.70
2026-02-25,FB-003,22,25.20
2026-02-25,FB-004,11,81.90
2026-02-25,FB-005,10,120.75
2026-02-25,FB-006,14,69.30
2026-02-25,FB-007,7,288.75
2026-02-25,FB-008,6,35.70
2026-02-25,FB-009,28,71.40
2026-02-25,FB-010,10,162.75
2026-02-25,HC-001,14,57.20
2026-02-25,HC-002,9,119.60
2026-02-25,HC-003,1,43.68
2026-02-25,HC-004,6,64.48
2026-02-25,HC-005,1,101.92
2026-02-25,HC-006,6,85.28
2026-02-25,HC-007,8,29.12
2026-02-25,HC-008,11,64.48
2026-02-25,HC-009,3,140.40
2026-02-25,HC-010,20,22.88
2026-02-25,HW-001,6,89.25
2026-02-25,HW-002,5,288.75
2026-02-25,HW-003,2,102.90
2026-02-25,HW-004,1,719.25
2026-02-25,HW-005,2,50.40
2026-02-25,HW-006,2,29.40
2026-02-25,HW-010,12,16.80
2026-02-25,PC-001,11,52.00
2026-02-25,PC-002,7,32.00
2026-02-25,PC-003,5,68.00
2026-02-25,PC-004,2,38.00
2026-02-25,PC-005,6,95.00
2026-02-25,PC-006,1,135.00
2026-02-25,PC-007,2,38.00
2026-02-25,PC-008,4,79.00
2026-02-25,PC-009,8,49.00
2026-02-25,SO-001,10,30.00
2026-02-25,SO-002,1,90.00
2026-02-25,SO-003,2,260.00
2026-02-25,SO-004,8,72.00
2026-02-25,SO-005,2,85.00
2026-02-25,SO-006,3,95.00
2026-02-25,SO-007,2,45.00
2026-02-25,SO-008,4,35.00
2026-02-25,SO-010,2,595.00
2026-02-26,FB-001,17,131.25
2026-02-26,FB-002,50,14.70
2026-02-26,FB-003,14,25.20
2026-02-26,FB-004,7,81.90
2026-02-26,FB-005,10,120.75
2026-02-26,FB-006,22,69.30
2026-02-26,FB-007,3,288.75
2026-02-26,FB-008,4,35.70
2026-02-26,FB-009,31,71.40
2026-02-26,FB-010,1,162.75
2026-02-26,HC-001,10,57.20
2026-02-26,HC-002,8,119.60
2026-02-26,HC-003,11,43.68
2026-02-26,HC-004,3,64.48
2026-02-26,HC-005,1,101.92
2026-02-26,HC-006,3,85.28
2026-02-26,HC-007,4,29.12
2026-02-26,HC-008,12,64.48
2026-02-26,HC-009,3,140.40
2026-02-26,HC-010,6,22.88
2026-02-26,HW-001,6,89.25
2026-02-26,HW-002,4,288.75
2026-02-26,HW-004,3,719.25
2026-02-26,HW-006,1,29.40
2026-02-26,HW-007,2,39.90
2026-02-26,HW-010,9,16.80
2026-02-26,PC-001,8,52.00
2026-02-26,PC-002,7,32.00
2026-02-26,PC-003,9,68.00
2026-02-26,PC-004,10,38.00
2026-02-26,PC-005,5,95.00
2026-02-26,PC-006,7,135.00
2026-02-26,PC-007,2,38.00
2026-02-26,PC-008,7,79.00
2026-02-26,PC-009,7,49.00
2026-02-26,PC-010,3,120.00
2026-02-26,SO-001,14,30.00
2026-02-26,SO-002,3,90.00
2026-02-26,SO-003,6,260.00
2026-02-26,SO-004,5,72.00
2026-02-26,SO-005,3,85.00
2026-02-26,SO-006,2,95.00
2026-02-26,SO-007,1,45.00
2026-02-26,SO-008,3,35.00
2026-02-26,SO-009,1,78.00
2026-02-26,SO-010,1,595.00
2026-02-27,FB-001,21,131.25
2026-02-27,FB-002,109,14.70
2026-02-27,FB-003,23,25.20
2026-02-27,FB-004,15,81.90
2026-02-27,FB-005,18,120.75
2026-02-27,FB-006,30,69.30
2026-02-27,FB-007,12,288.75
2026-02-27,FB-008,7,35.70
2026-02-27,FB-009,39,71.40
2026-02-27,FB-010,7,162.75
2026-02-27,HC-001,11,57.20
2026-02-27,HC-002,8,119.60
2026-02-27,HC-003,4,43.68
2026-02-27,HC-004,9,64.48
2026-02-27,HC-005,2,101.92
2026-02-27,HC-006,1,85.28
2026-02-27,HC-007,6,29.12
2026-02-27,HC-008,4,64.48
2026-02-27,HC-009,4,140.40
2026-02-27,HC-010,14,22.88
2026-02-27,HW-001,3,89.25
2026-02-27,HW-002,12,288.75
2026-02-27,HW-003,1,102.90
2026-02-27,HW-004,1,719.25
2026-02-27,HW-005,1,50.40
2026-02-27,HW-006,2,29.40
2026-02-27,HW-007,2,39.90
2026-02-27,HW-010,10,16.80
2026-02-27,PC-001,16,52.00
2026-02-27,PC-002,16,32.00
2026-02-27,PC-003,5,68.00
2026-02-27,PC-004,5,38.00
2026-02-27,PC-005,5,95.00
2026-02-27,PC-006,4,135.00
2026-02-27,PC-007,5,38.00
2026-02-27,PC-008,5,79.00
2026-02-27,PC-009,12,49.00
2026-02-27,PC-010,2,120.00
2026-02-27,SO-001,14,30.00
2026-02-27,SO-002,1,90.00
2026-02-27,SO-003,4,260.00
2026-02-27,SO-004,2,72.00
2026-02-27,SO-005,3,85.00
2026-02-27,SO-006,3,95.00
2026-02-27,SO-007,1,45.00
2026-02-27,SO-008,1,35.00
2026-02-27,SO-009,3,78.00
2026-02-28,FB-001,34,131.25
2026-02-28,FB-002,103,14.70
2026-02-28,FB-003,31,25.20
2026-02-28,FB-004,23,81.90
2026-02-28,FB-005,18,120.75
2026-02-28,FB-006,42,69.30
2026-02-28,FB-007,11,288.75
2026-02-28,FB-008,16,35.70
2026-02-28,FB-009,61,71.40
2026-02-28,FB-010,8,162.75
2026-02-28,HC-001,14,57.20
2026-02-28,HC-002,11,119.60
2026-02-28,HC-003,14,43.68
2026-02-28,HC-004,10,64.48
2026-02-28,HC-005,3,101.92
2026-02-28,HC-006,5,85.28
2026-02-28,HC-007,8,29.12
2026-02-28,HC-008,9,64.48
2026-02-28,HC-009,4,140.40
2026-02-28,HC-010,23,22.88
2026-02-28,HW-001,4,89.25
2026-02-28,HW-002,7,288.75
2026-02-28,HW-003,2,102.90
2026-02-28,HW-004,3,719.25
2026-02-28,HW-005,2,50.40
2026-02-28,HW-006,5,29.40
2026-02-28,HW-008,3,131.25
2026-02-28,HW-009,2,624.75
2026-02-28,HW-010,22,16.80
2026-02-28,PC-001,9,52.00
2026-02-28,PC-002,18,32.00
2026-02-28,PC-003,5,68.00
2026-02-28,PC-005,7,95.00
2026-02-28,PC-006,2,135.00
2026-02-28,PC-007,3,38.00
2026-02-28,PC-008,5,79.00
2026-02-28,PC-009,9,49.00
2026-02-28,SO-001,12,30.00
2026-02-28,SO-003,3,260.00
2026-02-28,SO-004,4,72.00
2026-02-28,SO-005,3,85.00
2026-02-28,SO-006,2,95.00
2026-02-28,SO-007,2,45.00
2026-02-28,SO-009,1,78.00
2026-03-01,FB-001,25,131.25
2026-03-01,FB-002,115,14.70
2026-03-01,FB-003,31,25.20
2026-03-01,FB-004,18,81.90
2026-03-01,FB-005,17,120.75
2026-03-01,FB-006,30,69.30
2026-03-01,FB-007,11,288.75
2026-03-01,FB-008,18,35.70
2026-03-01,FB-009,52,71.40
2026-03-01,FB-010,6,162.75
2026-03-01,HC-001,9,57.20
2026-03-01,HC-002,14,119.60
2026-03-01,HC-003,10,43.68
2026-03-01,HC-004,5,64.48
2026-03-01,HC-005,3,101.92
2026-03-01,HC-006,3,85.28
2026-03-01,HC-007,16,29.12
2026-03-01,HC-008,12,64.48
2026-03-01,HC-009,2,140.40
2026-03-01,HC-010,14,22.88
2026-03-01,HW-002,3,288.75
2026-03-01,HW-003,2,102.90
2026-03-01,HW-004,4,719.25
2026-03-01,HW-005,2,50.40
2026-03-01,HW-006,1,29.40
2026-03-01,HW-007,1,39.90
2026-03-01,HW-008,1,131.25
2026-03-01,HW-010,6,16.80
2026-03-01,PC-001,16,52.00
2026-03-01,PC-002,15,32.00
2026-03-01,PC-003,10,68.00
2026-03-01,PC-004,1,38.00
2026-03-01,PC-005,3,95.00
2026-03-01,PC-006,1,135.00
2026-03-01,PC-007,7,38.00
2026-03-01,PC-008,3,79.00
2026-03-01,PC-009,14,49.00
2026-03-01,PC-010,1,120.00
2026-03-01,SO-001,7,30.00
2026-03-01,SO-002,1,90.00
2026-03-01,SO-003,2,260.00
2026-03-01,SO-004,2,72.00
2026-03-01,SO-005,1,85.00
2026-03-01,SO-007,1,45.00
2026-03-01,SO-008,1,35.00
2026-03-02,FB-001,15,131.25
2026-03-02,FB-002,58,14.70
2026-03-02,FB-003,16,25.20
2026-03-02,FB-004,11,81.90
2026-03-02,FB-005,16,120.75
2026-03-02,FB-006,21,69.30
2026-03-02,FB-007,4,288.75
2026-03-02,FB-008,4,35.70
2026-03-02,FB-009,24,71.40
2026-03-02,FB-010,5,162.75
2026-03-02,HC-001,10,57.20
2026-03-02,HC-002,3,119.60
2026-03-02,HC-003,3,43.68
2026-03-02,HC-004,4,64.48
2026-03-02,HC-005,1,101.92
2026-03-02,HC-006,1,85.28
2026-03-02,HC-007,4,29.12
2026-03-02,HC-008,7,64.48
2026-03-02,HC-009,2,140.40
2026-03-02,HC-010,9,22.88
2026-03-02,HW-001,4,89.25
2026-03-02,HW-002,9,288.75
2026-03-02,HW-004,1,719.25
2026-03-02,HW-005,6,50.40
2026-03-02,HW-006,2,29.40
2026-03-02,HW-007,2,39.90
2026-03-02,HW-010,16,16.80
2026-03-02,PC-001,6,52.00
2026-03-02,PC-002,9,32.00
2026-03-02,PC-003,6,68.00
2026-03-02,PC-004,5,38.00
2026-03-02,PC-005,7,95.00
2026-03-02,PC-006,1,135.00
2026-03-02,PC-007,5,38.00
2026-03-02,PC-008,4,79.00
2026-03-02,PC-009,9,49.00
2026-03-02,PC-010,2,120.00
2026-03-02,SO-001,10,30.00
2026-03-02,SO-002,4,90.00
2026-03-02,SO-003,5,260.00
2026-03-02,SO-004,2,72.00
2026-03-02,SO-005,3,85.00
2026-03-02,SO-006,2,95.00
2026-03-02,SO-007,1,45.00
2026-03-02,SO-008,1,35.00
2026-03-02,SO-009,2,78.00
2026-03-03,FB-001,10,131.25
2026-03-03,FB-002,54,14.70
2026-03-03,FB-003,25,25.20
2026-03-03,FB-004,8,81.90
2026-03-03,FB-005,14,120.75
2026-03-03,FB-006,15,69.30
2026-03-03,FB-007,6,288.75
2026-03-03,FB-008,7,35.70
2026-03-03,FB-009,20,71.40
2026-03-03,FB-010,5,162.75
2026-03-03,HC-001,13,57.20
2026-03-03,HC-002,5,119.60
2026-03-03,HC-003,1,43.68
2026-03-03,HC-004,7,64.48
2026-03-03,HC-005,5,101.92
2026-03-03,HC-006,1,85.28
2026-03-03,HC-007,4,29.12
2026-03-03,HC-008,9,64.48
2026-03-03,HC-009,2,140.40
2026-03-03,HC-010,7,22.88
2026-03-03,HW-001,4,89.25
2026-03-03,HW-002,9,288.75
2026-03-03,HW-003,1,102.90
2026-03-03,HW-005,2,50.40
2026-03-03,HW-006,5,29.40
2026-03-03,HW-007,2,39.90
2026-03-03,HW-008,1,131.25
2026-03-03,HW-009,1,624.75
2026-03-03,HW-010,11,16.80
2026-03-03,PC-001,18,52.00
2026-03-03,PC-002,5,32.00
2026-03-03,PC-003,1,68.00
2026-03-03,PC-004,1,38.00
2026-03-03,PC-005,3,95.00
2026-03-03,PC-006,2,135.00
2026-03-03,PC-009,5,49.00
2026-03-03,PC-010,1,120.00
2026-03-03,SO-001,14,30.00
2026-03-03,SO-002,5,90.00
2026-03-03,SO-003,1,260.00
2026-03-03,SO-004,2,72.00
2026-03-03,SO-005,3,85.00
2026-03-03,SO-006,2,95.00
2026-03-03,SO-007,2,45.00
2026-03-03,SO-008,6,35.00
2026-03-03,SO-009,2,78.00
2026-03-03,SO-010,1,595.00
2026-03-04,FB-001,19,131.25
2026-03-04,FB-002,56,14.70
2026-03-04,FB-003,17,25.20
2026-03-04,FB-004,13,81.90
2026-03-04,FB-005,8,120.75
2026-03-04,FB-006,34,69.30
2026-03-04,FB-007,4,288.75
2026-03-04,FB-008,1,35.70
2026-03-04,FB-009,14,71.40
2026-03-04,FB-010,2,162.75
2026-03-04,HC-001,12,57.20
2026-03-04,HC-002,11,119.60
2026-03-04,HC-003,8,43.68
2026-03-04,HC-004,5,64.48
2026-03-04,HC-005,5,101.92
2026-03-04,HC-006,3,85.28
2026-03-04,HC-007,7,29.12
2026-03-04,HC-008,4,64.48
2026-03-04,HC-009,2,140.40
2026-03-04,HC-010,8,22.88
2026-03-04,HW-001,3,89.25
2026-03-04,HW-002,3,288.75
2026-03-04,HW-003,1,102.90
2026-03-04,HW-004,1,719.25
2026-03-04,HW-005,2,50.40
2026-03-04,HW-007,3,39.90
2026-03-04,HW-009,1,624.75
2026-03-04,HW-010,12,16.80
2026-03-04,PC-001,9,52.00
2026-03-04,PC-002,5,32.00
2026-03-04,PC-003,4,68.00
2026-03-04,PC-004,8,38.00
2026-03-04,PC-005,5,95.00
2026-03-04,PC-006,1,135.00
2026-03-04,PC-007,1,38.00
2026-03-04,PC-008,3,79.00
2026-03-04,PC-009,6,49.00
2026-03-04,PC-010,1,120.00
2026-03-04,SO-001,9,30.00
2026-03-04,SO-003,7,260.00
2026-03-04,SO-004,4,72.00
2026-03-04,SO-005,1,85.00
2026-03-04,SO-006,2,95.00
2026-03-04,SO-008,4,35.00
2026-03-04,SO-009,5,78.00
2026-03-04,SO-010,1,595.00
2026-03-05,FB-001,13,131.25
2026-03-05,FB-002,79,14.70
2026-03-05,FB-003,17,25.20
2026-03-05,FB-004,8,81.90
2026-03-05,FB-005,12,120.75
2026-03-05,FB-006,27,69.30
2026-03-05,FB-007,5,288.75
2026-03-05,FB-008,9,35.70
2026-03-05,FB-009,19,71.40
2026-03-05,FB-010,4,162.75
2026-03-05,HC-001,11,57.20
2026-03-05,HC-002,7,119.60
2026-03-05,HC-003,6,43.68
2026-03-05,HC-004,6,64.48
2026-03-05,HC-005,4,101.92
2026-03-05,HC-006,3,85.28
2026-03-05,HC-007,8,29.12
2026-03-05,HC-008,4,64.48
2026-03-05,HC-009,1,140.40
2026-03-05,HC-010,17,22.88
2026-03-05,HW-001,4,89.25
2026-03-05,HW-002,8,288.75
2026-03-05,HW-003,1,102.90
2026-03-05,HW-006,1,29.40
2026-03-05,HW-010,15,16.80
2026-03-05,PC-001,12,52.00
2026-03-05,PC-002,5,32.00
2026-03-05,PC-003,5,68.00
2026-03-05,PC-004,5,38.00
2026-03-05,PC-005,5,95.00
2026-03-05,PC-007,3,38.00
2026-03-05,PC-008,2,79.00
2026-03-05,PC-009,5,49.00
2026-03-05,PC-010,1,120.00
2026-03-05,SO-001,7,30.00
2026-03-05,SO-002,3,90.00
2026-03-05,SO-003,1,260.00
2026-03-05,SO-004,3,72.00
2026-03-05,SO-005,2,85.00
2026-03-05,SO-006,5,95.00
2026-03-05,SO-007,3,45.00
2026-03-05,SO-008,2,35.00
2026-03-06,FB-001,23,131.25
2026-03-06,FB-002,82,14.70
2026-03-06,FB-003,29,25.20
2026-03-06,FB-004,8,81.90
2026-03-06,FB-005,17,120.75
2026-03-06,FB-006,35,69.30
2026-03-06,FB-007,9,288.75
2026-03-06,FB-008,15,35.70
2026-03-06,FB-009,21,71.40
2026-03-06,FB-010,6,162.75
2026-03-06,HC-001,6,57.20
2026-03-06,HC-002,15,119.60
2026-03-06,HC-003,3,43.68
2026-03-06,HC-004,7,64.48
2026-03-06,HC-005,4,101.92
2026-03-06,HC-006,3,85.28
2026-03-06,HC-007,4,29.12
2026-03-06,HC-008,9,64.48
2026-03-06,HC-009,1,140.40
2026-03-06,HC-010,8,22.88
2026-03-06,HW-001,3,89.25
2026-03-06,HW-002,7,288.75
2026-03-06,HW-003,1,102.90
2026-03-06,HW-004,2,719.25
2026-03-06,HW-005,2,50.40
2026-03-06,HW-006,6,29.40
2026-03-06,HW-007,1,39.90
2026-03-06,HW-008,1,131.25
2026-03-06,HW-009,1,624.75
2026-03-06,HW-010,15,16.80
2026-03-06,PC-001,12,52.00
2026-03-06,PC-002,8,32.00
2026-03-06,PC-003,10,68.00
2026-03-06,PC-004,3,38.00
2026-03-06,PC-005,12,95.00
2026-03-06,PC-007,3,38.00
2026-03-06,PC-008,4,79.00
2026-03-06,PC-009,3,49.00
2026-03-06,PC-010,2,120.00
2026-03-06,SO-001,11,30.00
2026-03-06,SO-002,3,90.00
2026-03-06,SO-003,2,260.00
2026-03-06,SO-004,2,72.00
2026-03-06,SO-005,3,85.00
2026-03-06,SO-006,1,95.00
2026-03-06,SO-007,2,45.00
2026-03-06,SO-008,6,35.00
2026-03-06,SO-010,1,595.00
2026-03-07,FB-001,20,131.25
2026-03-07,FB-002,94,14.70
2026-03-07,FB-003,4,25.20
2026-03-07,FB-004,17,81.90
2026-03-07,FB-005,19,120.75
2026-03-07,FB-006,27,69.30
2026-03-07,FB-007,7,288.75
2026-03-07,FB-008,13,35.70
2026-03-07,FB-009,31,71.40
2026-03-07,FB-010,8,162.75
2026-03-07,HC-001,16,57.20
2026-03-07,HC-002,16,119.60
2026-03-07,HC-003,8,43.68
2026-03-07,HC-004,2,64.48
2026-03-07,HC-005,8,101.92
2026-03-07,HC-006,5,85.28
2026-03-07,HC-007,8,29.12
2026-03-07,HC-008,12,64.48
2026-03-07,HC-009,7,140.40
2026-03-07,HC-010,11,22.88
2026-03-07,HW-001,3,89.25
2026-03-07,HW-002,8,288.75
2026-03-07,HW-004,2,719.25
2026-03-07,HW-005,1,50.40
2026-03-07,HW-006,4,29.40
2026-03-07,HW-007,1,39.90
2026-03-07,HW-009,1,624.75
2026-03-07,HW-010,16,16.80
2026-03-07,PC-001,10,52.00
2026-03-07,PC-002,4,32.00
2026-03-07,PC-003,5,68.00
2026-03-07,PC-004,5,38.00
2026-03-07,PC-005,3,95.00
2026-03-07,PC-006,2,135.00
2026-03-07,PC-007,2,38.00
2026-03-07,PC-008,3,79.00
2026-03-07,PC-009,6,49.00
2026-03-07,PC-010,4,120.00
2026-03-07,SO-001,12,30.00
2026-03-07,SO-002,2,90.00
2026-03-07,SO-003,3,260.00
2026-03-07,SO-004,1,72.00
2026-03-07,SO-005,3,85.00
2026-03-07,SO-006,1,95.00
2026-03-07,SO-007,2,45.00
2026-03-07,SO-008,6,35.00
2026-03-07,SO-009,1,78.00
2026-03-07,SO-010,1,595.00
2026-03-08,FB-001,20,131.25
2026-03-08,FB-002,81,14.70
2026-03-08,FB-003,24,25.20
2026-03-08,FB-004,8,81.90
2026-03-08,FB-005,10,120.75
2026-03-08,FB-006,17,69.30
2026-03-08,FB-007,9,288.75
2026-03-08,FB-008,5,35.70
2026-03-08,FB-009,27,71.40
2026-03-08,FB-010,6,162.75
2026-03-08,HC-001,13,57.20
2026-03-08,HC-002,12,119.60
2026-03-08,HC-003,10,43.68
2026-03-08,HC-004,10,64.48
2026-03-08,HC-005,2,101.92
2026-03-08,HC-006,2,85.28
2026-03-08,HC-007,5,29.12
2026-03-08,HC-008,14,64.48
2026-03-08,HC-009,2,140.40
2026-03-08,HC-010,6,22.88
2026-03-08,HW-001,2,89.25
2026-03-08,HW-002,3,288.75
2026-03-08,HW-004,1,719.25
2026-03-08,HW-006,1,29.40
2026-03-08,HW-007,1,39.90
2026-03-08,HW-008,1,131.25
2026-03-08,HW-009,1,624.75
2026-03-08,HW-010,7,16.80
2026-03-08,PC-001,10,52.00
2026-03-08,PC-002,10,32.00
2026-03-08,PC-003,6,68.00
2026-03-08,PC-004,4,38.00
2026-03-08,PC-005,3,95.00
2026-03-08,PC-006,3,135.00
2026-03-08,PC-007,3,38.00
2026-03-08,PC-008,2,79.00
2026-03-08,PC-009,13,49.00
2026-03-08,PC-010,1,120.00
2026-03-08,SO-001,8,30.00
2026-03-08,SO-003,2,260.00
2026-03-08,SO-006,2,95.00
2026-03-08,SO-007,2,45.00
2026-03-08,SO-008,1,35.00
2026-03-08,SO-009,4,78.00
2026-03-08,SO-010,1,595.00
2026-03-09,FB-001,23,131.25
2026-03-09,FB-002,68,14.70
2026-03-09,FB-003,23,25.20
2026-03-09,FB-004,12,81.90
2026-03-09,FB-005,9,120.75
2026-03-09,FB-006,21,69.30
2026-03-09,FB-007,6,288.75
2026-03-09,FB-008,6,35.70
2026-03-09,FB-009,21,71.40
2026-03-09,FB-010,3,162.75
2026-03-09,HC-001,11,57.20
2026-03-09,HC-002,11,119.60
2026-03-09,HC-003,13,43.68
2026-03-09,HC-004,3,64.48
2026-03-09,HC-005,2,101.92
2026-03-09,HC-006,2,85.28
2026-03-09,HC-007,1,29.12
2026-03-09,HC-009,2,140.40
2026-03-09,HC-010,8,22.88
2026-03-09,HW-002,10,288.75
2026-03-09,HW-003,2,102.90
2026-03-09,HW-004,3,719.25
2026-03-09,HW-005,4,50.40
2026-03-09,HW-006,3,29.40
2026-03-09,HW-008,3,131.25
2026-03-09,HW-009,1,624.75
2026-03-09,HW-010,16,16.80
2026-03-09,PC-001,7,52.00
2026-03-09,PC-002,11,32.00
2026-03-09,PC-003,7,68.00
2026-03-09,PC-005,4,95.00
2026-03-09,PC-007,3,38.00
2026-03-09,PC-008,5,79.00
2026-03-09,PC-009,6,49.00
2026-03-09,SO-001,12,30.00
2026-03-09,SO-002,2,90.00
2026-03-09,SO-003,2,260.00
2026-03-09,SO-004,4,72.00
2026-03-09,SO-005,6,85.00
2026-03-09,SO-008,8,35.00
2026-03-09,SO-009,3,78.00
2026-03-10,FB-001,15,131.25
2026-03-10,FB-002,40,14.70
2026-03-10,FB-003,7,25.20
2026-03-10,FB-004,6,81.90
2026-03-10,FB-005,12,120.75
2026-03-10,FB-006,23,69.30
2026-03-10,FB-007,3,288.75
2026-03-10,FB-008,5,35.70
2026-03-10,FB-009,24,71.40
2026-03-10,FB-010,6,162.75
2026-03-10,HC-001,19,57.20
2026-03-10,HC-002,11,119.60
2026-03-10,HC-003,7,43.68
2026-03-10,HC-004,3,64.48
2026-03-10,HC-005,4,101.92
2026-03-10,HC-006,2,85.28
2026-03-10,HC-007,2,29.12
2026-03-10,HC-008,7,64.48
2026-03-10,HC-009,2,140.40
2026-03-10,HC-010,12,22.88
2026-03-10,HW-002,4,288.75
2026-03-10,HW-003,3,102.90
2026-03-10,HW-004,2,719.25
2026-03-10,HW-005,2,50.40
2026-03-10,HW-006,2,29.40
2026-03-10,HW-007,1,39.90
2026-03-10,HW-008,1,131.25
2026-03-10,HW-009,2,624.75
2026-03-10,HW-010,19,16.80
2026-03-10,PC-001,16,52.00
2026-03-10,PC-002,8,32.00
2026-03-10,PC-003,7,68.00
2026-03-10,PC-004,8,38.00
2026-03-10,PC-005,2,95.00
2026-03-10,PC-006,2,135.00
2026-03-10,PC-007,2,38.00
2026-03-10,PC-008,1,79.00
2026-03-10,PC-009,7,49.00
2026-03-10,PC-010,3,120.00
2026-03-10,SO-001,14,30.00
2026-03-10,SO-002,4,90.00
2026-03-10,SO-003,3,260.00
2026-03-10,SO-004,3,72.00
2026-03-10,SO-005,1,85.00
2026-03-10,SO-007,3,45.00
2026-03-10,SO-008,3,35.00
2026-03-10,SO-009,3,78.00
2026-03-10,SO-010,2,595.00
2026-03-11,FB-001,12,131.25
2026-03-11,FB-002,48,14.70
2026-03-11,FB-003,21,25.20
2026-03-11,FB-004,7,81.90
2026-03-11,FB-005,8,120.75
2026-03-11,FB-006,24,69.30
2026-03-11,FB-007,5,288.75
2026-03-11,FB-008,3,35.70
2026-03-11,FB-009,29,71.40
2026-03-11,FB-010,8,162.75
2026-03-11,HC-001,21,57.20
2026-03-11,HC-002,8,119.60
2026-03-11,HC-003,7,43.68
2026-03-11,HC-004,4,64.48
2026-03-11,HC-005,5,101.92
2026-03-11,HC-006,3,85.28
2026-03-11,HC-007,6,29.12
2026-03-11,HC-008,4,64.48
2026-03-11,HC-009,4,140.40
2026-03-11,HC-010,12,22.88
2026-03-11,HW-001,3,89.25
2026-03-11,HW-002,7,288.75
2026-03-11,HW-003,1,102.90
2026-03-11,HW-006,1,29.40
2026-03-11,HW-007,1,39.90
2026-03-11,HW-009,1,624.75
2026-03-11,HW-010,19,16.80
2026-03-11,PC-001,12,52.00
2026-03-11,PC-002,3,32.00
2026-03-11,PC-003,4,68.00
2026-03-11,PC-004,4,38.00
2026-03-11,PC-005,5,95.00
2026-03-11,PC-007,3,38.00
2026-03-11,PC-008,3,79.00
2026-03-11,PC-009,4,49.00
2026-03-11,PC-010,3,120.00
2026-03-11,SO-001,11,30.00
2026-03-11,SO-002,7,90.00
2026-03-11,SO-003,4,260.00
2026-03-11,SO-004,5,72.00
2026-03-11,SO-005,2,85.00
2026-03-11,SO-006,2,95.00
2026-03-11,SO-007,4,45.00
2026-03-11,SO-008,3,35.00
2026-03-11,SO-009,3,78.00
2026-03-11,SO-010,1,595.00
2026-03-12,FB-001,15,131.25
2026-03-12,FB-002,60,14.70
2026-03-12,FB-003,22,25.20
2026-03-12,FB-004,4,81.90
2026-03-12,FB-005,11,120.75
2026-03-12,FB-006,19,69.30
2026-03-12,FB-007,2,288.75
2026-03-12,FB-008,9,35.70
2026-03-12,FB-009,31,71.40
2026-03-12,FB-010,12,162.75
2026-03-12,HC-001,17,57.20
2026-03-12,HC-002,7,119.60
2026-03-12,HC-003,4,43.68
2026-03-12,HC-004,9,64.48
2026-03-12,HC-005,5,101.92
2026-03-12,HC-006,6,85.28
2026-03-12,HC-007,6,29.12
2026-03-12,HC-008,9,64.48
2026-03-12,HC-009,2,140.40
2026-03-12,HC-010,13,22.88
2026-03-12,HW-001,1,89.25
2026-03-12,HW-002,6,288.75
2026-03-12,HW-003,1,102.90
2026-03-12,HW-005,2,50.40
2026-03-12,HW-007,1,39.90
2026-03-12,HW-008,3,131.25
2026-03-12,HW-009,2,624.75
2026-03-12,HW-010,15,16.80
2026-03-12,PC-001,5,52.00
2026-03-12,PC-002,11,32.00
2026-03-12,PC-003,4,68.00
2026-03-12,PC-004,2,38.00
2026-03-12,PC-005,2,95.00
2026-03-12,PC-006,1,135.00
2026-03-12,PC-007,3,38.00
2026-03-12,PC-008,3,79.00
2026-03-12,PC-009,4,49.00
2026-03-12,PC-010,1,120.00
2026-03-12,SO-001,21,30.00
2026-03-12,SO-002,7,90.00
2026-03-12,SO-003,3,260.00
2026-03-12,SO-004,8,72.00
2026-03-12,SO-005,1,85.00
2026-03-12,SO-006,1,95.00
2026-03-12,SO-007,4,45.00
2026-03-12,SO-008,1,35.00
2026-03-12,SO-009,1,78.00
2026-03-13,FB-001,15,131.25
2026-03-13,FB-002,64,14.70
2026-03-13,FB-003,8,25.20
2026-03-13,FB-004,13,81.90
2026-03-13,FB-005,14,120.75
2026-03-13,FB-006,22,69.30
2026-03-13,FB-007,7,288.75
2026-03-13,FB-008,11,35.70
2026-03-13,FB-009,24,71.40
2026-03-13,FB-010,10,162.75
2026-03-13,HC-001,20,57.20
2026-03-13,HC-002,7,119.60
2026-03-13,HC-003,5,43.68
2026-03-13,HC-004,7,64.48
2026-03-13,HC-005,4,101.92
2026-03-13,HC-006,1,85.28
2026-03-13,HC-007,5,29.12
2026-03-13,HC-008,12,64.48
2026-03-13,HC-009,5,140.40
2026-03-13,HC-010,10,22.88
2026-03-13,HW-001,2,89.25
2026-03-13,HW-002,6,288.75
2026-03-13,HW-004,1,719.25
2026-03-13,HW-006,3,29.40
2026-03-13,HW-008,1,131.25
2026-03-13,HW-009,1,624.75
2026-03-13,PC-001,15,52.00
2026-03-13,PC-002,12,32.00
2026-03-13,PC-003,8,68.00
2026-03-13,PC-004,3,38.00
2026-03-13,PC-005,1,95.00
2026-03-13,PC-006,3,135.00
2026-03-13,PC-007,2,38.00
2026-03-13,PC-008,6,79.00
2026-03-13,PC-009,4,49.00
2026-03-13,PC-010,2,120.00
2026-03-13,SO-001,14,30.00
2026-03-13,SO-002,2,90.00
2026-03-13,SO-003,1,260.00
2026-03-13,SO-004,1,72.00
2026-03-13,SO-006,2,95.00
2026-03-13,SO-007,1,45.00
2026-03-13,SO-008,1,35.00
2026-03-14,FB-001,25,131.25
2026-03-14,FB-002,103,14.70
2026-03-14,FB-003,22,25.20
2026-03-14,FB-004,14,81.90
2026-03-14,FB-005,22,120.75
2026-03-14,FB-006,37,69.30
2026-03-14,FB-007,15,288.75
2026-03-14,FB-008,11,35.70
2026-03-14,FB-009,53,71.40
2026-03-14,FB-010,11,162.75
2026-03-14,HC-001,18,57.20
2026-03-14,HC-002,13,119.60
2026-03-14,HC-003,6,43.68
2026-03-14,HC-004,13,64.48
2026-03-14,HC-005,5,101.92
2026-03-14,HC-006,6,85.28
2026-03-14,HC-007,14,29.12
2026-03-14,HC-008,11,64.48
2026-03-14,HC-009,5,140.40
2026-03-14,HC-010,20,22.88
2026-03-14,HW-001,4,89.25
2026-03-14,HW-002,13,288.75
2026-03-14,HW-003,2,102.90
2026-03-14,HW-005,3,50.40
2026-03-14,HW-006,1,29.40
2026-03-14,HW-007,2,39.90
2026-03-14,HW-008,1,131.25
2026-03-14,HW-009,2,624.75
2026-03-14,PC-001,10,52.00
2026-03-14,PC-002,13,32.00
2026-03-14,PC-003,12,68.00
2026-03-14,PC-004,2,38.00
2026-03-14,PC-005,1,95.00
2026-03-14,PC-006,2,135.00
2026-03-14,PC-007,4,38.00
2026-03-14,PC-008,3,79.00
2026-03-14,PC-009,8,49.00
2026-03-14,SO-001,7,30.00
2026-03-14,SO-002,4,90.00
2026-03-14,SO-003,4,260.00
2026-03-14,SO-004,3,72.00
2026-03-14,SO-007,1,45.00
2026-03-14,SO-008,4,35.00
2026-03-14,SO-009,1,78.00
2026-03-14,SO-010,1,595.00
2026-03-15,FB-001,10,131.25
2026-03-15,FB-002,76,14.70
2026-03-15,FB-003,30,25.20
2026-03-15,FB-004,16,81.90
2026-03-15,FB-005,14,120.75
2026-03-15,FB-006,36,69.30
2026-03-15,FB-007,7,288.75
2026-03-15,FB-008,8,35.70
2026-03-15,FB-009,32,71.40
2026-03-15,FB-010,9,162.75
2026-03-15,HC-001,22,57.20
2026-03-15,HC-002,10,119.60
2026-03-15,HC-003,4,43.68
2026-03-15,HC-004,7,64.48
2026-03-15,HC-005,9,101.92
2026-03-15,HC-006,4,85.28
2026-03-15,HC-007,5,29.12
2026-03-15,HC-008,12,64.48
2026-03-15,HC-009,4,140.40
2026-03-15,HC-010,19,22.88
2026-03-15,HW-005,2,50.40
2026-03-15,PC-001,18,52.00
2026-03-15,PC-002,11,32.00
2026-03-15,PC-003,6,68.00
2026-03-15,PC-004,2,38.00
2026-03-15,PC-005,4,95.00
2026-03-15,PC-007,4,38.00
2026-03-15,PC-008,5,79.00
2026-03-15,PC-009,8,49.00
2026-03-15,PC-010,2,120.00
2026-03-15,SO-001,11,30.00
2026-03-15,SO-002,1,90.00
2026-03-15,SO-003,5,260.00
2026-03-15,SO-004,3,72.00
2026-03-15,SO-005,2,85.00
2026-03-15,SO-006,1,95.00
2026-03-15,SO-008,2,35.00
2026-03-15,SO-009,1,78.00
2026-03-15,SO-010,1,595.00
2026-03-16,FB-001,16,131.25
2026-03-16,FB-002,75,14.70
2026-03-16,FB-003,11,25.20
2026-03-16,FB-004,9,81.90
2026-03-16,FB-005,15,120.75
2026-03-16,FB-006,26,69.30
2026-03-16,FB-007,7,288.75
2026-03-16,FB-008,9,35.70
2026-03-16,FB-010,8,162.75
2026-03-16,HC-001,18,57.20
2026-03-16,HC-002,7,119.60
2026-03-16,HC-003,6,43.68
2026-03-16,HC-004,6,64.48
2026-03-16,HC-005,6,101.92
2026-03-16,HC-006,1,85.28
2026-03-16,HC-007,7,29.12
2026-03-16,HC-008,7,64.48
2026-03-16,HC-010,17,22.88
2026-03-16,HW-001,4,89.25
2026-03-16,HW-002,6,288.75
2026-03-16,HW-004,1,719.25
2026-03-16,HW-005,2,50.40
2026-03-16,HW-006,1,29.40
2026-03-16,HW-008,1,131.25
2026-03-16,HW-009,1,624.75
2026-03-16,HW-010,15,16.80
2026-03-16,PC-001,12,52.00
2026-03-16,PC-002,14,32.00
2026-03-16,PC-003,7,68.00
2026-03-16,PC-004,2,38.00
2026-03-16,PC-005,3,95.00
2026-03-16,PC-006,3,135.00
2026-03-16,PC-007,2,38.00
2026-03-16,PC-008,3,79.00
2026-03-16,PC-009,5,49.00
2026-03-16,PC-010,2,120.00
2026-03-16,SO-001,15,30.00
2026-03-16,SO-002,3,90.00
2026-03-16,SO-003,3,260.00
2026-03-16,SO-004,4,72.00
2026-03-16,SO-005,1,85.00
2026-03-16,SO-006,2,95.00
2026-03-16,SO-007,2,45.00
2026-03-16,SO-008,4,35.00
2026-03-16,SO-009,3,78.00
2026-03-16,SO-010,2,595.00
2026-03-17,FB-001,12,131.25
2026-03-17,FB-002,40,14.70
2026-03-17,FB-003,18,25.20
2026-03-17,FB-004,5,81.90
2026-03-17,FB-005,6,120.75
2026-03-17,FB-006,25,69.30
2026-03-17,FB-007,8,288.75
2026-03-17,FB-008,4,35.70
2026-03-17,FB-009,20,71.40
2026-03-17,FB-010,5,162.75
2026-03-17,HC-001,9,57.20
2026-03-17,HC-002,6,119.60
2026-03-17,HC-003,7,43.68
2026-03-17,HC-004,3,64.48
2026-03-17,HC-005,2,101.92
2026-03-17,HC-006,5,85.28
2026-03-17,HC-007,2,29.12
2026-03-17,HC-008,7,64.48
2026-03-17,HC-009,1,140.40
2026-03-17,HC-010,10,22.88
2026-03-17,HW-001,1,89.25
2026-03-17,HW-002,8,288.75
2026-03-17,HW-003,1,102.90
2026-03-17,HW-004,2,719.25
2026-03-17,HW-005,2,50.40
2026-03-17,HW-007,1,39.90
2026-03-17,HW-010,14,16.80
2026-03-17,PC-001,11,52.00
2026-03-17,PC-002,6,32.00
2026-03-17,PC-003,3,68.00
2026-03-17,PC-004,2,38.00
2026-03-17,PC-005,7,95.00
2026-03-17,PC-006,2,135.00
2026-03-17,PC-007,2,38.00
2026-03-17,PC-008,5,79.00
2026-03-17,PC-009,2,49.00
2026-03-17,PC-010,2,120.00
2026-03-17,SO-001,17,30.00
2026-03-17,SO-002,4,90.00
2026-03-17,SO-003,2,260.00
2026-03-17,SO-004,4,72.00
2026-03-17,SO-005,2,85.00
2026-03-17,SO-006,2,95.00
2026-03-17,SO-008,6,35.00
2026-03-17,SO-009,2,78.00
2026-03-18,FB-001,8,131.25
2026-03-18,FB-002,54,14.70
2026-03-18,FB-003,21,25.20
2026-03-18,FB-004,8,81.90
2026-03-18,FB-005,10,120.75
2026-03-18,FB-006,26,69.30
2026-03-18,FB-007,5,288.75
2026-03-18,FB-008,2,35.70
2026-03-18,FB-009,20,71.40
2026-03-18,FB-010,3,162.75
2026-03-18,HC-001,12,57.20
2026-03-18,HC-002,8,119.60
2026-03-18,HC-003,4,43.68
2026-03-18,HC-004,9,64.48
2026-03-18,HC-005,3,101.92
2026-03-18,HC-006,1,85.28
2026-03-18,HC-007,7,29.12
2026-03-18,HC-008,6,64.48
2026-03-18,HC-009,3,140.40
2026-03-18,HC-010,14,22.88
2026-03-18,HW-002,7,288.75
2026-03-18,HW-003,1,102.90
2026-03-18,HW-004,2,719.25
2026-03-18,HW-005,1,50.40
2026-03-18,HW-006,2,29.40
2026-03-18,HW-008,2,131.25
2026-03-18,HW-010,15,16.80
2026-03-18,PC-001,9,52.00
2026-03-18,PC-002,12,32.00
2026-03-18,PC-003,6,68.00
2026-03-18,PC-004,5,38.00
2026-03-18,PC-005,3,95.00
2026-03-18,PC-006,1,135.00
2026-03-18,PC-007,2,38.00
2026-03-18,PC-008,4,79.00
2026-03-18,PC-009,4,49.00
2026-03-18,SO-001,16,30.00
2026-03-18,SO-002,4,90.00
2026-03-18,SO-003,2,260.00
2026-03-18,SO-004,6,72.00
2026-03-18,SO-006,5,95.00
2026-03-18,SO-007,2,45.00
2026-03-18,SO-008,1,35.00
2026-03-18,SO-009,3,78.00
2026-03-18,SO-010,1,595.00
2026-03-19,FB-001,14,131.25
2026-03-19,FB-002,40,14.70
2026-03-19,FB-003,10,25.20
2026-03-19,FB-004,7,81.90
2026-03-19,FB-005,12,120.75
2026-03-19,FB-006,31,69.30
2026-03-19,FB-007,5,288.75
2026-03-19,FB-008,3,35.70
2026-03-19,FB-009,21,71.40
2026-03-19,FB-010,4,162.75
2026-03-19,HC-002,13,119.60
2026-03-19,HC-003,4,43.68
2026-03-19,HC-004,2,64.48
2026-03-19,HC-005,3,101.92
2026-03-19,HC-006,5,85.28
2026-03-19,HC-007,5,29.12
2026-03-19,HC-008,5,64.48
2026-03-19,HC-009,2,140.40
2026-03-19,HC-010,11,22.88
2026-03-19,HW-001,3,89.25
2026-03-19,HW-002,12,288.75
2026-03-19,HW-003,2,102.90
2026-03-19,HW-004,2,719.25
2026-03-19,HW-005,2,50.40
2026-03-19,HW-006,1,29.40
2026-03-19,HW-007,1,39.90
2026-03-19,HW-009,1,624.75
2026-03-19,HW-010,9,16.80
2026-03-19,PC-001,13,52.00
2026-03-19,PC-002,4,32.00
2026-03-19,PC-003,11,68.00
2026-03-19,PC-004,2,38.00
2026-03-19,PC-005,4,95.00
2026-03-19,PC-006,1,135.00
2026-03-19,PC-007,3,38.00
2026-03-19,PC-008,1,79.00
2026-03-19,PC-009,6,49.00
2026-03-19,PC-010,3,120.00
2026-03-19,SO-001,16,30.00
2026-03-19,SO-002,5,90.00
2026-03-19,SO-003,3,260.00
2026-03-19,SO-004,6,72.00
2026-03-19,SO-005,1,85.00
2026-03-19,SO-006,4,95.00
2026-03-19,SO-008,3,35.00
2026-03-19,SO-009,2,78.00
2026-03-20,FB-001,15,131.25
2026-03-20,FB-002,61,14.70
2026-03-20,FB-003,15,25.20
2026-03-20,FB-004,8,81.90
2026-03-20,FB-005,11,120.75
2026-03-20,FB-006,31,69.30
2026-03-20,FB-007,11,288.75
2026-03-20,FB-008,8,35.70
2026-03-20,FB-009,25,71.40
2026-03-20,FB-010,5,162.75
2026-03-20,HC-002,9,119.60
2026-03-20,HC-003,7,43.68
2026-03-20,HC-004,3,64.48
2026-03-20,HC-005,7,101.92
2026-03-20,HC-006,2,85.28
2026-03-20,HC-007,9,29.12
2026-03-20,HC-008,9,64.48
2026-03-20,HC-009,1,140.40
2026-03-20,HC-010,18,22.88
2026-03-20,HW-001,3,89.25
2026-03-20,HW-002,4,288.75
2026-03-20,HW-003,2,102.90
2026-03-20,HW-004,3,719.25
2026-03-20,HW-005,1,50.40
2026-03-20,HW-006,2,29.40
2026-03-20,HW-008,1,131.25
2026-03-20,HW-009,1,624.75
2026-03-20,HW-010,13,16.80
2026-03-20,PC-001,18,52.00
2026-03-20,PC-002,15,32.00
2026-03-20,PC-003,7,68.00
2026-03-20,PC-004,1,38.00
2026-03-20,PC-005,4,95.00
2026-03-20,PC-006,5,135.00
2026-03-20,PC-007,6,38.00
2026-03-20,PC-008,1,79.00
2026-03-20,PC-009,10,49.00
2026-03-20,PC-010,4,120.00
2026-03-20,SO-001,12,30.00
2026-03-20,SO-002,8,90.00
2026-03-20,SO-003,2,260.00
2026-03-20,SO-004,6,72.00
2026-03-20,SO-005,1,85.00
2026-03-20,SO-006,1,95.00
2026-03-20,SO-008,5,35.00
2026-03-20,SO-009,4,78.00
2026-03-20,SO-010,1,595.00
2026-03-21,FB-001,14,131.25
2026-03-21,FB-002,72,14.70
2026-03-21,FB-003,31,25.20
2026-03-21,FB-004,13,81.90
2026-03-21,FB-005,12,120.75
2026-03-21,FB-006,37,69.30
2026-03-21,FB-007,11,288.75
2026-03-21,FB-008,7,35.70
2026-03-21,FB-009,47,71.40
2026-03-21,FB-010,9,162.75
2026-03-21,HC-001,16,57.20
2026-03-21,HC-002,8,119.60
2026-03-21,HC-003,8,43.68
2026-03-21,HC-004,5,64.48
2026-03-21,HC-005,1,101.92
2026-03-21,HC-006,7,85.28
2026-03-21,HC-007,6,29.12
2026-03-21,HC-008,13,64.48
2026-03-21,HC-009,2,140.40
2026-03-21,HC-010,27,22.88
2026-03-21,HW-001,6,89.25
2026-03-21,HW-002,6,288.75
2026-03-21,HW-004,2,719.25
2026-03-21,HW-005,3,50.40
2026-03-21,HW-006,1,29.40
2026-03-21,HW-008,1,131.25
2026-03-21,HW-010,13,16.80
2026-03-21,PC-001,14,52.00
2026-03-21,PC-002,5,32.00
2026-03-21,PC-003,12,68.00
2026-03-21,PC-004,8,38.00
2026-03-21,PC-005,10,95.00
2026-03-21,PC-006,1,135.00
2026-03-21,PC-007,4,38.00
2026-03-21,PC-008,2,79.00
2026-03-21,PC-009,4,49.00
2026-03-21,PC-010,3,120.00
2026-03-21,SO-001,9,30.00
2026-03-21,SO-002,5,90.00
2026-03-21,SO-003,1,260.00
2026-03-21,SO-004,4,72.00
2026-03-21,SO-005,1,85.00
2026-03-21,SO-006,3,95.00
2026-03-21,SO-007,1,45.00
2026-03-21,SO-008,6,35.00
2026-03-22,FB-001,15,131.25
2026-03-22,FB-002,62,14.70
2026-03-22,FB-003,27,25.20
2026-03-22,FB-004,13,81.90
2026-03-22,FB-005,9,120.75
2026-03-22,FB-006,20,69.30
2026-03-22,FB-007,8,288.75
2026-03-22,FB-008,8,35.70
2026-03-22,FB-009,26,71.40
2026-03-22,FB-010,5,162.75
2026-03-22,HC-001,16,57.20
2026-03-22,HC-002,8,119.60
2026-03-22,HC-003,10,43.68
2026-03-22,HC-004,4,64.48
2026-03-22,HC-005,8,101.92
2026-03-22,HC-006,3,85.28
2026-03-22,HC-007,7,29.12
2026-03-22,HC-008,12,64.48
2026-03-22,HC-009,2,140.40
2026-03-22,HC-010,15,22.88
2026-03-22,HW-001,1,89.25
2026-03-22,HW-002,5,288.75
2026-03-22,HW-006,1,29.40
2026-03-22,HW-007,1,39.90
2026-03-22,HW-010,5,16.80
2026-03-22,PC-001,15,52.00
2026-03-22,PC-002,5,32.00
2026-03-22,PC-003,8,68.00
2026-03-22,PC-004,5,38.00
2026-03-22,PC-005,4,95.00
2026-03-22,PC-006,3,135.00
2026-03-22,PC-007,3,38.00
2026-03-22,PC-008,5,79.00
2026-03-22,PC-009,4,49.00
2026-03-22,PC-010,1,120.00
2026-03-22,SO-001,7,30.00
2026-03-22,SO-002,4,90.00
2026-03-22,SO-004,1,72.00
2026-03-22,SO-005,1,85.00
2026-03-22,SO-006,1,95.00
2026-03-22,SO-008,3,35.00
2026-03-23,FB-001,15,131.25
2026-03-23,FB-002,51,14.70
2026-03-23,FB-003,24,25.20
2026-03-23,FB-004,7,81.90
2026-03-23,FB-005,11,120.75
2026-03-23,FB-006,31,69.30
2026-03-23,FB-007,7,288.75
2026-03-23,FB-008,7,35.70
2026-03-23,FB-009,18,71.40
2026-03-23,FB-010,5,162.75
2026-03-23,HC-001,10,57.20
2026-03-23,HC-002,6,119.60
2026-03-23,HC-003,5,43.68
2026-03-23,HC-004,2,64.48
2026-03-23,HC-005,6,101.92
2026-03-23,HC-006,3,85.28
2026-03-23,HC-007,3,29.12
2026-03-23,HC-008,6,64.48
2026-03-23,HC-009,1,140.40
2026-03-23,HC-010,13,22.88
2026-03-23,HW-001,2,89.25
2026-03-23,HW-003,2,102.90
2026-03-23,HW-004,2,719.25
2026-03-23,HW-006,1,29.40
2026-03-23,HW-007,1,39.90
2026-03-23,HW-008,1,131.25
2026-03-23,HW-010,18,16.80
2026-03-23,PC-001,13,52.00
2026-03-23,PC-002,13,32.00
2026-03-23,PC-003,4,68.00
2026-03-23,PC-004,3,38.00
2026-03-23,PC-005,5,95.00
2026-03-23,PC-006,5,135.00
2026-03-23,PC-007,1,38.00
2026-03-23,PC-008,8,79.00
2026-03-23,PC-009,8,49.00
2026-03-23,PC-010,3,120.00
2026-03-23,SO-001,14,30.00
2026-03-23,SO-003,1,260.00
2026-03-23,SO-004,4,72.00
2026-03-23,SO-005,4,85.00
2026-03-23,SO-006,5,95.00
2026-03-23,SO-008,6,35.00
2026-03-23,SO-009,3,78.00
2026-03-24,FB-001,15,131.25
2026-03-24,FB-002,53,14.70
2026-03-24,FB-003,10,25.20
2026-03-24,FB-004,10,81.90
2026-03-24,FB-005,7,120.75
2026-03-24,FB-006,31,69.30
2026-03-24,FB-007,2,288.75
2026-03-24,FB-008,7,35.70
2026-03-24,FB-009,15,71.40
2026-03-24,FB-010,6,162.75
2026-03-24,HC-001,20,57.20
2026-03-24,HC-002,14,119.60
2026-03-24,HC-003,6,43.68
2026-03-24,HC-004,3,64.48
2026-03-24,HC-005,2,101.92
2026-03-24,HC-006,1,85.28
2026-03-24,HC-007,2,29.12
2026-03-24,HC-008,6,64.48
2026-03-24,HC-009,3,140.40
2026-03-24,HC-010,15,22.88
2026-03-24,HW-001,2,89.25
2026-03-24,HW-002,5,288.75
2026-03-24,HW-004,2,719.25
2026-03-24,HW-006,2,29.40
2026-03-24,HW-009,1,624.75
2026-03-24,HW-010,14,16.80
2026-03-24,PC-001,5,52.00
2026-03-24,PC-002,10,32.00
2026-03-24,PC-003,1,68.00
2026-03-24,PC-004,5,38.00
2026-03-24,PC-005,2,95.00
2026-03-24,PC-006,1,135.00
2026-03-24,PC-007,4,38.00
2026-03-24,PC-008,3,79.00
2026-03-24,PC-009,14,49.00
2026-03-24,SO-001,10,30.00
2026-03-24,SO-002,5,90.00
2026-03-24,SO-003,1,260.00
2026-03-24,SO-004,3,72.00
2026-03-24,SO-005,2,85.00
2026-03-24,SO-006,4,95.00
2026-03-24,SO-007,2,45.00
2026-03-24,SO-008,5,35.00
2026-03-24,SO-009,3,78.00
2026-03-25,FB-001,17,131.25
2026-03-25,FB-002,45,14.70
2026-03-25,FB-003,13,25.20
2026-03-25,FB-004,8,81.90
2026-03-25,FB-005,17,120.75
2026-03-25,FB-006,26,69.30
2026-03-25,FB-007,11,288.75
2026-03-25,FB-008,7,35.70
2026-03-25,FB-009,16,71.40
2026-03-25,FB-010,3,162.75
2026-03-25,HC-001,17,57.20
2026-03-25,HC-002,6,119.60
2026-03-25,HC-003,5,43.68
2026-03-25,HC-004,7,64.48
2026-03-25,HC-005,4,101.92
2026-03-25,HC-006,5,85.28
2026-03-25,HC-007,8,29.12
2026-03-25,HC-008,5,64.48
2026-03-25,HC-009,1,140.40
2026-03-25,HC-010,21,22.88
2026-03-25,HW-001,2,89.25
2026-03-25,HW-002,4,288.75
2026-03-25,HW-003,2,102.90
2026-03-25,HW-004,2,719.25
2026-03-25,HW-005,2,50.40
2026-03-25,HW-006,3,29.40
2026-03-25,HW-008,1,131.25
2026-03-25,HW-009,2,624.75
2026-03-25,HW-010,17,16.80
2026-03-25,PC-001,10,52.00
2026-03-25,PC-002,7,32.00
2026-03-25,PC-004,1,38.00
2026-03-25,PC-005,7,95.00
2026-03-25,PC-006,1,135.00
2026-03-25,PC-007,3,38.00
2026-03-25,PC-008,5,79.00
2026-03-25,PC-009,5,49.00
2026-03-25,SO-001,10,30.00
2026-03-25,SO-002,6,90.00
2026-03-25,SO-003,2,260.00
2026-03-25,SO-004,3,72.00
2026-03-25,SO-006,1,95.00
2026-03-25,SO-007,1,45.00
2026-03-25,SO-008,1,35.00
2026-03-25,SO-009,1,78.00
2026-03-26,FB-001,21,131.25
2026-03-26,FB-002,64,14.70
2026-03-26,FB-003,17,25.20
2026-03-26,FB-004,7,81.90
2026-03-26,FB-005,4,120.75
2026-03-26,FB-006,23,69.30
2026-03-26,FB-007,6,288.75
2026-03-26,FB-008,5,35.70
2026-03-26,FB-009,24,71.40
2026-03-26,FB-010,5,162.75
2026-03-26,HC-001,15,57.20
2026-03-26,HC-002,5,119.60
2026-03-26,HC-003,5,43.68
2026-03-26,HC-004,5,64.48
2026-03-26,HC-005,3,101.92
2026-03-26,HC-007,6,29.12
2026-03-26,HC-008,4,64.48
2026-03-26,HC-009,1,140.40
2026-03-26,HC-010,12,22.88
2026-03-26,HW-001,5,89.25
2026-03-26,HW-002,9,288.75
2026-03-26,HW-003,3,102.90
2026-03-26,HW-005,1,50.40
2026-03-26,HW-006,1,29.40
2026-03-26,HW-010,16,16.80
2026-03-26,PC-001,7,52.00
2026-03-26,PC-002,7,32.00
2026-03-26,PC-003,10,68.00
2026-03-26,PC-004,2,38.00
2026-03-26,PC-005,8,95.00
2026-03-26,PC-006,4,135.00
2026-03-26,PC-007,6,38.00
2026-03-26,PC-008,2,79.00
2026-03-26,PC-009,11,49.00
2026-03-26,PC-010,2,120.00
2026-03-26,SO-001,16,30.00
2026-03-26,SO-002,5,90.00
2026-03-26,SO-003,2,260.00
2026-03-26,SO-004,7,72.00
2026-03-26,SO-005,5,85.00
2026-03-26,SO-006,3,95.00
2026-03-26,SO-007,2,45.00
2026-03-26,SO-008,3,35.00
2026-03-26,SO-009,2,78.00
2026-03-27,FB-001,22,131.25
2026-03-27,FB-002,71,14.70
2026-03-27,FB-003,18,25.20
2026-03-27,FB-004,14,81.90
2026-03-27,FB-005,18,120.75
2026-03-27,FB-006,28,69.30
2026-03-27,FB-007,2,288.75
2026-03-27,FB-008,7,35.70
2026-03-27,FB-009,23,71.40
2026-03-27,FB-010,9,162.75
2026-03-27,HC-001,13,57.20
2026-03-27,HC-002,12,119.60
2026-03-27,HC-003,1,43.68
2026-03-27,HC-004,6,64.48
2026-03-27,HC-005,2,101.92
2026-03-27,HC-006,3,85.28
2026-03-27,HC-007,7,29.12
2026-03-27,HC-008,11,64.48
2026-03-27,HC-009,2,140.40
2026-03-27,HC-010,13,22.88
2026-03-27,HW-001,6,89.25
2026-03-27,HW-002,6,288.75
2026-03-27,HW-003,1,102.90
2026-03-27,HW-008,1,131.25
2026-03-27,HW-009,1,624.75
2026-03-27,HW-010,1,16.80
2026-03-27,PC-001,12,52.00
2026-03-27,PC-002,8,32.00
2026-03-27,PC-003,5,68.00
2026-03-27,PC-004,7,38.00
2026-03-27,PC-005,2,95.00
2026-03-27,PC-007,1,38.00
2026-03-27,PC-008,7,79.00
2026-03-27,PC-009,9,49.00
2026-03-27,PC-010,3,120.00
2026-03-27,SO-001,15,30.00
2026-03-27,SO-002,5,90.00
2026-03-27,SO-003,3,260.00
2026-03-27,SO-004,5,72.00
2026-03-27,SO-005,2,85.00
2026-03-27,SO-007,4,45.00
2026-03-27,SO-008,5,35.00
2026-03-27,SO-009,3,78.00
2026-03-28,FB-001,34,131.25
2026-03-28,FB-002,83,14.70
2026-03-28,FB-003,26,25.20
2026-03-28,FB-004,7,81.90
2026-03-28,FB-005,12,120.75
2026-03-28,FB-006,35,69.30
2026-03-28,FB-007,10,288.75
2026-03-28,FB-008,14,35.70
2026-03-28,FB-009,29,71.40
2026-03-28,FB-010,8,162.75
2026-03-28,HC-001,20,57.20
2026-03-28,HC-002,11,119.60
2026-03-28,HC-003,15,43.68
2026-03-28,HC-004,5,64.48
2026-03-28,HC-005,3,101.92
2026-03-28,HC-006,4,85.28
2026-03-28,HC-007,8,29.12
2026-03-28,HC-008,13,64.48
2026-03-28,HC-009,1,140.40
2026-03-28,HC-010,15,22.88
2026-03-28,HW-001,3,89.25
2026-03-28,HW-002,8,288.75
2026-03-28,HW-003,2,102.90
2026-03-28,HW-004,2,719.25
2026-03-28,HW-005,3,50.40
2026-03-28,HW-006,2,29.40
2026-03-28,HW-009,3,624.75
2026-03-28,PC-001,21,52.00
2026-03-28,PC-002,6,32.00
2026-03-28,PC-003,3,68.00
2026-03-28,PC-004,2,38.00
2026-03-28,PC-005,6,95.00
2026-03-28,PC-007,4,38.00
2026-03-28,PC-008,5,79.00
2026-03-28,PC-009,8,49.00
2026-03-28,PC-010,2,120.00
2026-03-28,SO-001,7,30.00
2026-03-28,SO-002,2,90.00
2026-03-28,SO-003,2,260.00
2026-03-28,SO-004,2,72.00
2026-03-28,SO-005,2,85.00
2026-03-28,SO-006,1,95.00
2026-03-28,SO-007,3,45.00
2026-03-28,SO-008,1,35.00
2026-03-29,FB-001,16,131.25
2026-03-29,FB-002,68,14.70
2026-03-29,FB-003,19,25.20
2026-03-29,FB-004,13,81.90
2026-03-29,FB-005,17,120.75
2026-03-29,FB-006,30,69.30
2026-03-29,FB-007,11,288.75
2026-03-29,FB-008,3,35.70
2026-03-29,FB-009,18,71.40
2026-03-29,FB-010,3,162.75
2026-03-29,HC-001,17,57.20
2026-03-29,HC-002,8,119.60
2026-03-29,HC-003,8,43.68
2026-03-29,HC-004,4,64.48
2026-03-29,HC-005,2,101.92
2026-03-29,HC-006,5,85.28
2026-03-29,HC-007,7,29.12
2026-03-29,HC-008,7,64.48
2026-03-29,HC-009,2,140.40
2026-03-29,HC-010,18,22.88
2026-03-29,HW-001,2,89.25
2026-03-29,HW-002,7,288.75
2026-03-29,HW-003,1,102.90
2026-03-29,HW-004,2,719.25
2026-03-29,HW-005,1,50.40
2026-03-29,HW-006,1,29.40
2026-03-29,HW-008,1,131.25
2026-03-29,HW-010,12,16.80
2026-03-29,PC-001,3,52.00
2026-03-29,PC-002,10,32.00
2026-03-29,PC-003,4,68.00
2026-03-29,PC-004,4,38.00
2026-03-29,PC-005,5,95.00
2026-03-29,PC-006,1,135.00
2026-03-29,PC-007,4,38.00
2026-03-29,PC-008,4,79.00
2026-03-29,PC-009,8,49.00
2026-03-29,PC-010,2,120.00
2026-03-29,SO-001,9,30.00
2026-03-29,SO-003,3,260.00
2026-03-29,SO-004,3,72.00
2026-03-29,SO-005,1,85.00
2026-03-29,SO-008,3,35.00
2026-03-29,SO-010,1,595.00
2026-03-30,FB-001,27,131.25
2026-03-30,FB-002,72,14.70
2026-03-30,FB-003,20,25.20
2026-03-30,FB-004,13,81.90
2026-03-30,FB-005,6,120.75
2026-03-30,FB-006,28,69.30
2026-03-30,FB-007,12,288.75
2026-03-30,FB-008,15,35.70
2026-03-30,FB-009,29,71.40
2026-03-30,FB-010,7,162.75
2026-03-30,HC-001,13,57.20
2026-03-30,HC-002,7,119.60
2026-03-30,HC-003,4,43.68
2026-03-30,HC-004,2,64.48
2026-03-30,HC-005,4,101.92
2026-03-30,HC-006,2,85.28
2026-03-30,HC-007,3,29.12
2026-03-30,HC-008,9,64.48
2026-03-30,HC-009,6,140.40
2026-03-30,HC-010,16,22.88
2026-03-30,HW-001,5,89.25
2026-03-30,HW-002,14,288.75
2026-03-30,HW-003,3,102.90
2026-03-30,HW-004,1,719.25
2026-03-30,HW-005,2,50.40
2026-03-30,HW-007,2,39.90
2026-03-30,HW-008,3,131.25
2026-03-30,HW-010,17,16.80
2026-03-30,PC-001,10,52.00
2026-03-30,PC-002,6,32.00
2026-03-30,PC-003,6,68.00
2026-03-30,PC-004,2,38.00
2026-03-30,PC-005,4,95.00
2026-03-30,PC-006,3,135.00
2026-03-30,PC-007,3,38.00
2026-03-30,PC-008,4,79.00
2026-03-30,PC-009,10,49.00
2026-03-30,PC-010,5,120.00
2026-03-30,SO-001,17,30.00
2026-03-30,SO-002,5,90.00
2026-03-30,SO-003,5,260.00
2026-03-30,SO-004,3,72.00
2026-03-30,SO-005,3,85.00
2026-03-30,SO-006,1,95.00
2026-03-30,SO-007,1,45.00
2026-03-30,SO-008,1,35.00
2026-03-30,SO-010,2,595.00
2026-03-31,FB-002,52,14.70
2026-03-31,FB-003,24,25.20
2026-03-31,FB-004,8,81.90
2026-03-31,FB-005,18,120.75
2026-03-31,FB-006,24,69.30
2026-03-31,FB-007,9,288.75
2026-03-31,FB-008,12,35.70
2026-03-31,FB-009,35,71.40
2026-03-31,FB-010,7,162.75
2026-03-31,HC-001,13,57.20
2026-03-31,HC-002,11,119.60
2026-03-31,HC-003,3,43.68
2026-03-31,HC-004,6,64.48
2026-03-31,HC-005,4,101.92
2026-03-31,HC-006,2,85.28
2026-03-31,HC-007,10,29.12
2026-03-31,HC-008,8,64.48
2026-03-31,HC-009,3,140.40
2026-03-31,HC-010,9,22.88
2026-03-31,HW-001,4,89.25
2026-03-31,HW-002,7,288.75
2026-03-31,HW-003,1,102.90
2026-03-31,HW-005,4,50.40
2026-03-31,HW-006,3,29.40
2026-03-31,HW-007,1,39.90
2026-03-31,HW-010,17,16.80
2026-03-31,PC-001,8,52.00
2026-03-31,PC-002,11,32.00
2026-03-31,PC-003,4,68.00
2026-03-31,PC-004,8,38.00
2026-03-31,PC-005,4,95.00
2026-03-31,PC-006,2,135.00
2026-03-31,PC-007,3,38.00
2026-03-31,PC-008,5,79.00
2026-03-31,PC-009,6,49.00
2026-03-31,PC-010,2,120.00
2026-03-31,SO-001,17,30.00
2026-03-31,SO-002,4,90.00
2026-03-31,SO-003,5,260.00
2026-03-31,SO-004,4,72.00
2026-03-31,SO-005,4,85.00
2026-03-31,SO-006,3,95.00
2026-03-31,SO-007,1,45.00
2026-03-31,SO-008,2,35.00
2026-03-31,SO-009,2,78.00
2026-04-01,FB-002,79,14.70
2026-04-01,FB-003,31,25.20
2026-04-01,FB-004,8,81.90
2026-04-01,FB-005,13,120.75
2026-04-01,FB-006,29,69.30
2026-04-01,FB-007,8,288.75
2026-04-01,FB-008,9,35.70
2026-04-01,FB-009,32,71.40
2026-04-01,FB-010,8,162.75
2026-04-01,HC-001,12,57.20
2026-04-01,HC-002,12,119.60
2026-04-01,HC-003,4,43.68
2026-04-01,HC-004,5,64.48
2026-04-01,HC-005,3,101.92
2026-04-01,HC-006,3,85.28
2026-04-01,HC-007,6,29.12
2026-04-01,HC-008,10,64.48
2026-04-01,HC-009,1,140.40
2026-04-01,HC-010,7,22.88
2026-04-01,HW-001,3,89.25
2026-04-01,HW-003,2,102.90
2026-04-01,HW-004,2,719.25
2026-04-01,HW-005,1,50.40
2026-04-01,HW-006,3,29.40
2026-04-01,HW-007,1,39.90
2026-04-01,HW-008,2,131.25
2026-04-01,HW-009,1,624.75
2026-04-01,HW-010,19,16.80
2026-04-01,PC-001,11,52.00
2026-04-01,PC-002,8,32.00
2026-04-01,PC-003,8,68.00
2026-04-01,PC-004,3,38.00
2026-04-01,PC-005,2,95.00
2026-04-01,PC-006,3,135.00
2026-04-01,PC-007,2,38.00
2026-04-01,PC-008,6,79.00
2026-04-01,PC-009,11,49.00
2026-04-01,SO-001,19,30.00
2026-04-01,SO-002,3,90.00
2026-04-01,SO-003,2,260.00
2026-04-01,SO-004,4,72.00
2026-04-01,SO-005,1,85.00
2026-04-01,SO-007,4,45.00
2026-04-01,SO-008,4,35.00
2026-04-01,SO-009,4,78.00
2026-04-01,SO-010,2,595.00
2026-04-02,FB-001,21,131.25
2026-04-02,FB-002,57,14.70
2026-04-02,FB-003,20,25.20
2026-04-02,FB-004,6,81.90
2026-04-02,FB-005,12,120.75
2026-04-02,FB-006,3,69.30
2026-04-02,FB-007,5,288.75
2026-04-02,FB-008,7,35.70
2026-04-02,FB-009,27,71.40
2026-04-02,FB-010,4,162.75
2026-04-02,HC-001,9,57.20
2026-04-02,HC-002,6,119.60
2026-04-02,HC-003,2,43.68
2026-04-02,HC-004,2,64.48
2026-04-02,HC-005,7,101.92
2026-04-02,HC-006,4,85.28
2026-04-02,HC-007,7,29.12
2026-04-02,HC-008,4,64.48
2026-04-02,HC-010,19,22.88
2026-04-02,HW-001,6,89.25
2026-04-02,HW-004,1,719.25
2026-04-02,HW-005,3,50.40
2026-04-02,HW-006,2,29.40
2026-04-02,HW-009,1,624.75
2026-04-02,HW-010,13,16.80
2026-04-02,PC-001,8,52.00
2026-04-02,PC-002,7,32.00
2026-04-02,PC-003,6,68.00
2026-04-02,PC-004,2,38.00
2026-04-02,PC-005,5,95.00
2026-04-02,PC-006,1,135.00
2026-04-02,PC-007,6,38.00
2026-04-02,PC-008,4,79.00
2026-04-02,PC-009,9,49.00
2026-04-02,PC-010,1,120.00
2026-04-02,SO-001,20,30.00
2026-04-02,SO-002,4,90.00
2026-04-02,SO-003,3,260.00
2026-04-02,SO-004,5,72.00
2026-04-02,SO-005,2,85.00
2026-04-02,SO-006,3,95.00
2026-04-02,SO-007,3,45.00
2026-04-02,SO-008,4,35.00
2026-04-03,FB-001,19,131.25
2026-04-03,FB-002,60,14.70
2026-04-03,FB-003,19,25.20
2026-04-03,FB-004,9,81.90
2026-04-03,FB-005,15,120.75
2026-04-03,FB-006,20,69.30
2026-04-03,FB-007,8,288.75
2026-04-03,FB-008,7,35.70
2026-04-03,FB-009,24,71.40
2026-04-03,FB-010,4,162.75
2026-04-03,HC-001,9,57.20
2026-04-03,HC-002,8,119.60
2026-04-03,HC-003,9,43.68
2026-04-03,HC-004,6,64.48
2026-04-03,HC-005,3,101.92
2026-04-03,HC-006,4,85.28
2026-04-03,HC-007,8,29.12
2026-04-03,HC-008,7,64.48
2026-04-03,HC-009,1,140.40
2026-04-03,HC-010,16,22.88
2026-04-03,HW-001,1,89.25
2026-04-03,HW-004,1,719.25
2026-04-03,HW-005,1,50.40
2026-04-03,HW-006,5,29.40
2026-04-03,HW-007,4,39.90
2026-04-03,HW-010,14,16.80
2026-04-03,PC-001,7,52.00
2026-04-03,PC-002,5,32.00
2026-04-03,PC-003,8,68.00
2026-04-03,PC-004,2,38.00
2026-04-03,PC-005,4,95.00
2026-04-03,PC-006,2,135.00
2026-04-03,PC-007,4,38.00
2026-04-03,PC-008,6,79.00
2026-04-03,PC-009,8,49.00
2026-04-03,PC-010,1,120.00
2026-04-03,SO-001,17,30.00
2026-04-03,SO-002,3,90.00
2026-04-03,SO-003,2,260.00
2026-04-03,SO-004,4,72.00
2026-04-03,SO-005,4,85.00
2026-04-03,SO-006,5,95.00
2026-04-03,SO-007,1,45.00
2026-04-03,SO-008,3,35.00
2026-04-03,SO-009,2,78.00
2026-04-03,SO-010,1,595.00
2026-04-04,FB-001,33,131.25
2026-04-04,FB-002,67,14.70
2026-04-04,FB-003,30,25.20
2026-04-04,FB-004,12,81.90
2026-04-04,FB-005,15,120.75
2026-04-04,FB-006,25,69.30
2026-04-04,FB-007,10,288.75
2026-04-04,FB-008,9,35.70
2026-04-04,FB-009,37,71.40
2026-04-04,FB-010,5,162.75
2026-04-04,HC-001,7,57.20
2026-04-04,HC-002,9,119.60
2026-04-04,HC-003,4,43.68
2026-04-04,HC-004,8,64.48
2026-04-04,HC-005,6,101.92
2026-04-04,HC-006,3,85.28
2026-04-04,HC-007,11,29.12
2026-04-04,HC-008,8,64.48
2026-04-04,HC-009,5,140.40
2026-04-04,HC-010,18,22.88
2026-04-04,HW-001,4,89.25
2026-04-04,HW-002,11,288.75
2026-04-04,HW-006,3,29.40
2026-04-04,HW-007,1,39.90
2026-04-04,HW-008,1,131.25
2026-04-04,HW-009,2,624.75
2026-04-04,HW-010,24,16.80
2026-04-04,PC-001,12,52.00
2026-04-04,PC-002,7,32.00
2026-04-04,PC-003,10,68.00
2026-04-04,PC-004,4,38.00
2026-04-04,PC-005,5,95.00
2026-04-04,PC-006,2,135.00
2026-04-04,PC-007,7,38.00
2026-04-04,PC-008,4,79.00
2026-04-04,PC-009,14,49.00
2026-04-04,SO-001,9,30.00
2026-04-04,SO-002,3,90.00
2026-04-04,SO-003,3,260.00
2026-04-04,SO-004,4,72.00
2026-04-04,SO-005,2,85.00
2026-04-04,SO-006,3,95.00
2026-04-04,SO-008,1,35.00
2026-04-04,SO-009,1,78.00
2026-04-04,SO-010,1,595.00
2026-04-05,FB-001,22,131.25
2026-04-05,FB-002,64,14.70
2026-04-05,FB-003,24,25.20
2026-04-05,FB-004,10,81.90
2026-04-05,FB-005,11,120.75
2026-04-05,FB-006,21,69.30
2026-04-05,FB-007,9,288.75
2026-04-05,FB-008,9,35.70
2026-04-05,FB-009,24,71.40
2026-04-05,FB-010,7,162.75
2026-04-05,HC-001,12,57.20
2026-04-05,HC-002,18,119.60
2026-04-05,HC-003,8,43.68
2026-04-05,HC-004,4,64.48
2026-04-05,HC-005,5,101.92
2026-04-05,HC-006,3,85.28
2026-04-05,HC-007,3,29.12
2026-04-05,HC-008,9,64.48
2026-04-05,HC-009,3,140.40
2026-04-05,HC-010,14,22.88
2026-04-05,HW-001,2,89.25
2026-04-05,HW-002,3,288.75
2026-04-05,HW-003,1,102.90
2026-04-05,HW-005,1,50.40
2026-04-05,HW-006,1,29.40
2026-04-05,HW-010,10,16.80
2026-04-05,PC-001,6,52.00
2026-04-05,PC-002,5,32.00
2026-04-05,PC-003,5,68.00
2026-04-05,PC-004,4,38.00
2026-04-05,PC-005,3,95.00
2026-04-05,PC-006,2,135.00
2026-04-05,PC-007,3,38.00
2026-04-05,PC-009,5,49.00
2026-04-05,PC-010,1,120.00
2026-04-05,SO-001,4,30.00
2026-04-05,SO-002,3,90.00
2026-04-05,SO-004,1,72.00
2026-04-05,SO-005,1,85.00
2026-04-05,SO-006,2,95.00
2026-04-05,SO-008,1,35.00
2026-04-05,SO-009,2,78.00
2026-04-05,SO-010,1,595.00
2026-04-06,FB-001,19,131.25
2026-04-06,FB-002,56,14.70
2026-04-06,FB-003,17,25.20
2026-04-06,FB-004,5,81.90
2026-04-06,FB-005,16,120.75
2026-04-06,FB-006,27,69.30
2026-04-06,FB-007,1,288.75
2026-04-06,FB-008,5,35.70
2026-04-06,FB-009,19,71.40
2026-04-06,HC-001,8,57.20
2026-04-06,HC-002,7,119.60
2026-04-06,HC-003,3,43.68
2026-04-06,HC-004,5,64.48
2026-04-06,HC-005,3,101.92
2026-04-06,HC-006,2,85.28
2026-04-06,HC-007,7,29.12
2026-04-06,HC-008,4,64.48
2026-04-06,HC-009,5,140.40
2026-04-06,HC-010,13,22.88
2026-04-06,HW-001,2,89.25
2026-04-06,HW-002,7,288.75
2026-04-06,HW-004,1,719.25
2026-04-06,HW-005,2,50.40
2026-04-06,HW-006,1,29.40
2026-04-06,HW-008,1,131.25
2026-04-06,HW-010,12,16.80
2026-04-06,PC-001,17,52.00
2026-04-06,PC-002,12,32.00
2026-04-06,PC-003,11,68.00
2026-04-06,PC-004,4,38.00
2026-04-06,PC-005,6,95.00
2026-04-06,PC-006,1,135.00
2026-04-06,PC-007,8,38.00
2026-04-06,PC-008,1,79.00
2026-04-06,PC-009,6,49.00
2026-04-06,PC-010,3,120.00
2026-04-06,SO-001,20,30.00
2026-04-06,SO-002,5,90.00
2026-04-06,SO-003,2,260.00
2026-04-06,SO-004,5,72.00
2026-04-06,SO-005,2,85.00
2026-04-06,SO-006,2,95.00
2026-04-06,SO-007,3,45.00
2026-04-06,SO-008,8,35.00
2026-04-06,SO-009,5,78.00
2026-04-06,SO-010,1,595.00
2026-04-07,FB-001,16,131.25
2026-04-07,FB-002,65,14.70
2026-04-07,FB-003,18,25.20
2026-04-07,FB-004,9,81.90
2026-04-07,FB-005,6,120.75
2026-04-07,FB-006,24,69.30
2026-04-07,FB-007,5,288.75
2026-04-07,FB-008,9,35.70
2026-04-07,FB-009,18,71.40
2026-04-07,FB-010,5,162.75
2026-04-07,HC-001,11,57.20
2026-04-07,HC-002,5,119.60
2026-04-07,HC-003,5,43.68
2026-04-07,HC-004,2,64.48
2026-04-07,HC-005,9,101.92
2026-04-07,HC-006,2,85.28
2026-04-07,HC-007,2,29.12
2026-04-07,HC-008,2,64.48
2026-04-07,HC-009,4,140.40
2026-04-07,HC-010,15,22.88
2026-04-07,HW-001,1,89.25
2026-04-07,HW-002,6,288.75
2026-04-07,HW-003,1,102.90
2026-04-07,HW-004,2,719.25
2026-04-07,HW-005,1,50.40
2026-04-07,HW-006,1,29.40
2026-04-07,HW-007,2,39.90
2026-04-07,HW-008,2,131.25
2026-04-07,HW-010,12,16.80
2026-04-07,PC-001,9,52.00
2026-04-07,PC-002,12,32.00
2026-04-07,PC-003,4,68.00
2026-04-07,PC-004,3,38.00
2026-04-07,PC-005,3,95.00
2026-04-07,PC-006,2,135.00
2026-04-07,PC-007,2,38.00
2026-04-07,PC-008,3,79.00
2026-04-07,PC-009,7,49.00
2026-04-07,SO-001,10,30.00
2026-04-07,SO-002,8,90.00
2026-04-07,SO-003,6,260.00
2026-04-07,SO-004,7,72.00
2026-04-07,SO-005,2,85.00
2026-04-07,SO-006,1,95.00
2026-04-07,SO-007,2,45.00
2026-04-07,SO-008,5,35.00
2026-04-07,SO-009,3,78.00
2026-04-07,SO-010,1,595.00
2026-04-08,FB-001,7,131.25
2026-04-08,FB-002,67,14.70
2026-04-08,FB-003,21,25.20
2026-04-08,FB-004,10,81.90
2026-04-08,FB-005,14,120.75
2026-04-08,FB-006,21,69.30
2026-04-08,FB-007,6,288.75
2026-04-08,FB-008,13,35.70
2026-04-08,FB-009,19,71.40
2026-04-08,FB-010,5,162.75
2026-04-08,HC-001,14,57.20
2026-04-08,HC-002,6,119.60
2026-04-08,HC-003,4,43.68
2026-04-08,HC-004,7,64.48
2026-04-08,HC-005,6,101.92
2026-04-08,HC-006,3,85.28
2026-04-08,HC-007,10,29.12
2026-04-08,HC-008,5,64.48
2026-04-08,HC-009,2,140.40
2026-04-08,HC-010,12,22.88
2026-04-08,HW-001,2,89.25
2026-04-08,HW-002,3,288.75
2026-04-08,HW-004,1,719.25
2026-04-08,HW-005,1,50.40
2026-04-08,HW-010,17,16.80
2026-04-08,PC-001,17,52.00
2026-04-08,PC-002,9,32.00
2026-04-08,PC-003,9,68.00
2026-04-08,PC-004,3,38.00
2026-04-08,PC-005,6,95.00
2026-04-08,PC-007,4,38.00
2026-04-08,PC-008,6,79.00
2026-04-08,PC-009,9,49.00
2026-04-08,SO-001,12,30.00
2026-04-08,SO-002,1,90.00
2026-04-08,SO-003,1,260.00
2026-04-08,SO-004,3,72.00
2026-04-08,SO-005,2,85.00
2026-04-08,SO-006,5,95.00
2026-04-08,SO-007,3,45.00
2026-04-08,SO-008,3,35.00
2026-04-08,SO-010,1,595.00
2026-04-09,FB-001,17,131.25
2026-04-09,FB-002,66,14.70
2026-04-09,FB-003,21,25.20
2026-04-09,FB-004,10,81.90
2026-04-09,FB-005,12,120.75
2026-04-09,FB-006,22,69.30
2026-04-09,FB-007,5,288.75
2026-04-09,FB-008,10,35.70
2026-04-09,FB-009,14,71.40
2026-04-09,FB-010,4,162.75
2026-04-09,HC-001,17,57.20
2026-04-09,HC-002,10,119.60
2026-04-09,HC-003,5,43.68
2026-04-09,HC-004,5,64.48
2026-04-09,HC-005,3,101.92
2026-04-09,HC-006,3,85.28
2026-04-09,HC-007,8,29.12
2026-04-09,HC-008,13,64.48
2026-04-09,HC-009,1,140.40
2026-04-09,HC-010,15,22.88
2026-04-09,HW-002,4,288.75
2026-04-09,HW-003,2,102.90
2026-04-09,HW-004,1,719.25
2026-04-09,HW-006,3,29.40
2026-04-09,HW-007,1,39.90
2026-04-09,HW-008,2,131.25
2026-04-09,HW-009,1,624.75
2026-04-09,HW-010,14,16.80
2026-04-09,PC-001,12,52.00
2026-04-09,PC-002,9,32.00
2026-04-09,PC-003,4,68.00
2026-04-09,PC-004,3,38.00
2026-04-09,PC-005,11,95.00
2026-04-09,PC-006,1,135.00
2026-04-09,PC-007,1,38.00
2026-04-09,PC-008,5,79.00
2026-04-09,PC-009,10,49.00
2026-04-09,SO-001,17,30.00
2026-04-09,SO-002,4,90.00
2026-04-09,SO-003,2,260.00
2026-04-09,SO-004,7,72.00
2026-04-09,SO-005,1,85.00
2026-04-09,SO-006,4,95.00
2026-04-09,SO-007,1,45.00
2026-04-09,SO-008,7,35.00
2026-04-09,SO-010,1,595.00
2026-04-10,FB-001,21,131.25
2026-04-10,FB-002,90,14.70
2026-04-10,FB-003,23,25.20
2026-04-10,FB-004,13,81.90
2026-04-10,FB-005,11,120.75
2026-04-10,FB-006,36,69.30
2026-04-10,FB-007,12,288.75
2026-04-10,FB-008,12,35.70
2026-04-10,FB-009,12,71.40
2026-04-10,FB-010,11,162.75
2026-04-10,HC-001,12,57.20
2026-04-10,HC-002,11,119.60
2026-04-10,HC-003,9,43.68
2026-04-10,HC-004,8,64.48
2026-04-10,HC-005,3,101.92
2026-04-10,HC-006,3,85.28
2026-04-10,HC-007,8,29.12
2026-04-10,HC-008,12,64.48
2026-04-10,HC-009,5,140.40
2026-04-10,HC-010,19,22.88
2026-04-10,HW-001,2,89.25
2026-04-10,HW-002,13,288.75
2026-04-10,HW-003,4,102.90
2026-04-10,HW-004,1,719.25
2026-04-10,HW-005,2,50.40
2026-04-10,HW-006,4,29.40
2026-04-10,HW-008,3,131.25
2026-04-10,HW-010,19,16.80
2026-04-10,PC-001,13,52.00
2026-04-10,PC-002,7,32.00
2026-04-10,PC-003,5,68.00
2026-04-10,PC-004,2,38.00
2026-04-10,PC-005,2,95.00
2026-04-10,PC-006,1,135.00
2026-04-10,PC-007,3,38.00
2026-04-10,PC-008,6,79.00
2026-04-10,PC-009,16,49.00
2026-04-10,PC-010,1,120.00
2026-04-10,SO-001,12,30.00
2026-04-10,SO-002,3,90.00
2026-04-10,SO-003,1,260.00
2026-04-10,SO-004,2,72.00
2026-04-10,SO-005,2,85.00
2026-04-10,SO-006,3,95.00
2026-04-10,SO-007,2,45.00
2026-04-10,SO-008,5,35.00
2026-04-10,SO-009,1,78.00
2026-04-11,FB-001,21,131.25
2026-04-11,FB-002,25,14.70
2026-04-11,FB-003,15,25.20
2026-04-11,FB-004,8,81.90
2026-04-11,FB-005,12,120.75
2026-04-11,FB-006,34,69.30
2026-04-11,FB-007,7,288.75
2026-04-11,FB-008,12,35.70
2026-04-11,FB-009,33,71.40
2026-04-11,FB-010,9,162.75
2026-04-11,HC-001,16,57.20
2026-04-11,HC-002,13,119.60
2026-04-11,HC-003,6,43.68
2026-04-11,HC-004,6,64.48
2026-04-11,HC-005,9,101.92
2026-04-11,HC-006,4,85.28
2026-04-11,HC-007,4,29.12
2026-04-11,HC-008,7,64.48
2026-04-11,HC-010,21,22.88
2026-04-11,HW-001,1,89.25
2026-04-11,HW-002,5,288.75
2026-04-11,HW-003,4,102.90
2026-04-11,HW-004,2,719.25
2026-04-11,HW-005,3,50.40
2026-04-11,HW-006,3,29.40
2026-04-11,HW-008,2,131.25
2026-04-11,HW-010,16,16.80
2026-04-11,PC-001,12,52.00
2026-04-11,PC-002,13,32.00
2026-04-11,PC-003,6,68.00
2026-04-11,PC-004,5,38.00
2026-04-11,PC-005,9,95.00
2026-04-11,PC-006,6,135.00
2026-04-11,PC-007,5,38.00
2026-04-11,PC-008,3,79.00
2026-04-11,PC-009,10,49.00
2026-04-11,PC-010,4,120.00
2026-04-11,SO-001,20,30.00
2026-04-11,SO-002,3,90.00
2026-04-11,SO-003,3,260.00
2026-04-11,SO-005,4,85.00
2026-04-11,SO-006,3,95.00
2026-04-11,SO-008,4,35.00
2026-04-11,SO-009,2,78.00
2026-04-12,FB-001,19,131.25
2026-04-12,FB-002,69,14.70
2026-04-12,FB-003,14,25.20
2026-04-12,FB-004,17,81.90
2026-04-12,FB-005,8,120.75
2026-04-12,FB-006,33,69.30
2026-04-12,FB-007,5,288.75
2026-04-12,FB-008,10,35.70
2026-04-12,FB-009,31,71.40
2026-04-12,FB-010,12,162.75
2026-04-12,HC-001,17,57.20
2026-04-12,HC-002,9,119.60
2026-04-12,HC-003,2,43.68
2026-04-12,HC-004,6,64.48
2026-04-12,HC-005,7,101.92
2026-04-12,HC-006,3,85.28
2026-04-12,HC-007,6,29.12
2026-04-12,HC-008,13,64.48
2026-04-12,HC-009,4,140.40
2026-04-12,HC-010,17,22.88
2026-04-12,HW-002,5,288.75
2026-04-12,HW-004,1,719.25
2026-04-12,HW-005,1,50.40
2026-04-12,HW-006,1,29.40
2026-04-12,HW-007,1,39.90
2026-04-12,HW-010,10,16.80
2026-04-12,PC-001,12,52.00
2026-04-12,PC-002,6,32.00
2026-04-12,PC-003,8,68.00
2026-04-12,PC-004,8,38.00
2026-04-12,PC-005,7,95.00
2026-04-12,PC-006,1,135.00
2026-04-12,PC-007,2,38.00
2026-04-12,PC-008,2,79.00
2026-04-12,PC-009,3,49.00
2026-04-12,SO-001,8,30.00
2026-04-12,SO-004,2,72.00
2026-04-12,SO-005,4,85.00
2026-04-12,SO-006,4,95.00
2026-04-12,SO-007,4,45.00
2026-04-12,SO-008,3,35.00
2026-04-12,SO-009,1,78.00
2026-04-13,FB-001,15,131.25
2026-04-13,FB-002,61,14.70
2026-04-13,FB-003,20,25.20
2026-04-13,FB-004,9,81.90
2026-04-13,FB-005,12,120.75
2026-04-13,FB-006,23,69.30
2026-04-13,FB-007,10,288.75
2026-04-13,FB-008,9,35.70
2026-04-13,FB-009,17,71.40
2026-04-13,FB-010,5,162.75
2026-04-13,HC-001,9,57.20
2026-04-13,HC-002,5,119.60
2026-04-13,HC-003,2,43.68
2026-04-13,HC-004,2,64.48
2026-04-13,HC-005,6,101.92
2026-04-13,HC-006,4,85.28
2026-04-13,HC-007,4,29.12
2026-04-13,HC-008,3,64.48
2026-04-13,HC-009,1,140.40
2026-04-13,HC-010,14,22.88
2026-04-13,HW-001,3,89.25
2026-04-13,HW-002,10,288.75
2026-04-13,HW-003,4,102.90
2026-04-13,HW-004,1,719.25
2026-04-13,HW-005,2,50.40
2026-04-13,HW-006,3,29.40
2026-04-13,HW-010,9,16.80
2026-04-13,PC-001,12,52.00
2026-04-13,PC-002,10,32.00
2026-04-13,PC-003,10,68.00
2026-04-13,PC-004,3,38.00
2026-04-13,PC-005,6,95.00
2026-04-13,PC-006,3,135.00
2026-04-13,PC-007,4,38.00
2026-04-13,PC-008,5,79.00
2026-04-13,PC-009,7,49.00
2026-04-13,SO-001,17,30.00
2026-04-13,SO-002,6,90.00
2026-04-13,SO-003,2,260.00
2026-04-13,SO-004,7,72.00
2026-04-13,SO-005,1,85.00
2026-04-13,SO-006,2,95.00
2026-04-13,SO-008,7,35.00
2026-04-13,SO-009,2,78.00
2026-04-14,FB-001,15,131.25
2026-04-14,FB-002,52,14.70
2026-04-14,FB-003,18,25.20
2026-04-14,FB-004,15,81.90
2026-04-14,FB-005,10,120.75
2026-04-14,FB-006,19,69.30
2026-04-14,FB-007,13,288.75
2026-04-14,FB-008,10,35.70
2026-04-14,FB-009,25,71.40
2026-04-14,FB-010,8,162.75
2026-04-14,HC-001,18,57.20
2026-04-14,HC-002,13,119.60
2026-04-14,HC-003,8,43.68
2026-04-14,HC-004,2,64.48
2026-04-14,HC-005,3,101.92
2026-04-14,HC-006,6,85.28
2026-04-14,HC-007,8,29.12
2026-04-14,HC-008,9,64.48
2026-04-14,HC-009,4,140.40
2026-04-14,HC-010,10,22.88
2026-04-14,HW-001,2,89.25
2026-04-14,HW-002,8,288.75
2026-04-14,HW-003,1,102.90
2026-04-14,HW-006,3,29.40
2026-04-14,HW-007,1,39.90
2026-04-14,HW-010,13,16.80
2026-04-14,PC-002,11,32.00
2026-04-14,PC-003,7,68.00
2026-04-14,PC-004,6,38.00
2026-04-14,PC-005,5,95.00
2026-04-14,PC-006,2,135.00
2026-04-14,PC-007,1,38.00
2026-04-14,PC-008,6,79.00
2026-04-14,PC-009,12,49.00
2026-04-14,SO-001,14,30.00
2026-04-14,SO-002,5,90.00
2026-04-14,SO-003,5,260.00
2026-04-14,SO-004,10,72.00
2026-04-14,SO-005,4,85.00
2026-04-14,SO-006,3,95.00
2026-04-14,SO-007,7,45.00
2026-04-14,SO-008,8,35.00
2026-04-14,SO-009,6,78.00
2026-04-14,SO-010,2,595.00
2026-04-15,FB-001,18,131.25
2026-04-15,FB-002,71,14.70
2026-04-15,FB-003,19,25.20
2026-04-15,FB-004,6,81.90
2026-04-15,FB-005,15,120.75
2026-04-15,FB-006,33,69.30
2026-04-15,FB-007,13,288.75
2026-04-15,FB-008,23,35.70
2026-04-15,FB-009,22,71.40
2026-04-15,FB-010,6,162.75
2026-04-15,HC-001,19,57.20
2026-04-15,HC-002,6,119.60
2026-04-15,HC-003,9,43.68
2026-04-15,HC-004,7,64.48
2026-04-15,HC-005,7,101.92
2026-04-15,HC-006,3,85.28
2026-04-15,HC-007,5,29.12
2026-04-15,HC-008,8,64.48
2026-04-15,HC-009,1,140.40
2026-04-15,HC-010,18,22.88
2026-04-15,HW-001,5,89.25
2026-04-15,HW-002,10,288.75
2026-04-15,HW-003,4,102.90
2026-04-15,HW-004,3,719.25
2026-04-15,HW-006,1,29.40
2026-04-15,HW-007,1,39.90
2026-04-15,HW-008,1,131.25
2026-04-15,HW-009,3,624.75
2026-04-15,HW-010,17,16.80
2026-04-15,PC-001,5,52.00
2026-04-15,PC-002,6,32.00
2026-04-15,PC-003,4,68.00
2026-04-15,PC-004,9,38.00
2026-04-15,PC-005,5,95.00
2026-04-15,PC-006,1,135.00
2026-04-15,PC-007,8,38.00
2026-04-15,PC-008,2,79.00
2026-04-15,PC-009,8,49.00
2026-04-15,PC-010,3,120.00
2026-04-15,SO-001,10,30.00
2026-04-15,SO-002,6,90.00
2026-04-15,SO-003,2,260.00
2026-04-15,SO-004,8,72.00
2026-04-15,SO-005,3,85.00
2026-04-15,SO-006,3,95.00
2026-04-15,SO-007,4,45.00
2026-04-15,SO-008,5,35.00
2026-04-16,FB-001,25,131.25
2026-04-16,FB-002,78,14.70
2026-04-16,FB-003,28,25.20
2026-04-16,FB-004,15,81.90
2026-04-16,FB-005,12,120.75
2026-04-16,FB-006,32,69.30
2026-04-16,FB-007,10,288.75
2026-04-16,FB-008,13,35.70
2026-04-16,FB-009,30,71.40
2026-04-16,FB-010,6,162.75
2026-04-16,HC-001,22,57.20
2026-04-16,HC-002,10,119.60
2026-04-16,HC-003,10,43.68
2026-04-16,HC-004,3,64.48
2026-04-16,HC-005,3,101.92
2026-04-16,HC-006,4,85.28
2026-04-16,HC-007,7,29.12
2026-04-16,HC-008,8,64.48
2026-04-16,HC-009,5,140.40
2026-04-16,HC-010,14,22.88
2026-04-16,HW-001,6,89.25
2026-04-16,HW-002,6,288.75
2026-04-16,HW-003,3,102.90
2026-04-16,HW-005,2,50.40
2026-04-16,HW-006,3,29.40
2026-04-16,HW-010,20,16.80
2026-04-16,PC-001,10,52.00
2026-04-16,PC-002,13,32.00
2026-04-16,PC-003,5,68.00
2026-04-16,PC-004,7,38.00
2026-04-16,PC-005,6,95.00
2026-04-16,PC-006,3,135.00
2026-04-16,PC-007,4,38.00
2026-04-16,PC-008,6,79.00
2026-04-16,PC-009,6,49.00
2026-04-16,PC-010,3,120.00
2026-04-16,SO-001,11,30.00
2026-04-16,SO-002,8,90.00
2026-04-16,SO-003,3,260.00
2026-04-16,SO-004,5,72.00
2026-04-16,SO-005,5,85.00
2026-04-16,SO-006,6,95.00
2026-04-16,SO-007,5,45.00
2026-04-16,SO-008,5,35.00
2026-04-16,SO-009,2,78.00
2026-04-16,SO-010,2,595.00
2026-04-17,FB-001,11,131.25
2026-04-17,FB-002,68,14.70
2026-04-17,FB-003,32,25.20
2026-04-17,FB-004,11,81.90
2026-04-17,FB-005,18,120.75
2026-04-17,FB-006,22,69.30
2026-04-17,FB-007,11,288.75
2026-04-17,FB-008,8,35.70
2026-04-17,FB-009,27,71.40
2026-04-17,FB-010,4,162.75
2026-04-17,HC-001,14,57.20
2026-04-17,HC-002,8,119.60
2026-04-17,HC-003,10,43.68
2026-04-17,HC-004,9,64.48
2026-04-17,HC-005,7,101.92
2026-04-17,HC-006,3,85.28
2026-04-17,HC-007,4,29.12
2026-04-17,HC-008,8,64.48
2026-04-17,HC-010,16,22.88
2026-04-17,HW-001,2,89.25
2026-04-17,HW-002,4,288.75
2026-04-17,HW-003,1,102.90
2026-04-17,HW-004,2,719.25
2026-04-17,HW-005,2,50.40
2026-04-17,HW-006,4,29.40
2026-04-17,HW-008,1,131.25
2026-04-17,HW-010,20,16.80
2026-04-17,PC-001,13,52.00
2026-04-17,PC-002,13,32.00
2026-04-17,PC-003,9,68.00
2026-04-17,PC-004,4,38.00
2026-04-17,PC-005,3,95.00
2026-04-17,PC-006,3,135.00
2026-04-17,PC-007,4,38.00
2026-04-17,PC-008,3,79.00
2026-04-17,PC-009,3,49.00
2026-04-17,PC-010,2,120.00
2026-04-17,SO-001,12,30.00
2026-04-17,SO-002,4,90.00
2026-04-17,SO-003,6,260.00
2026-04-17,SO-004,4,72.00
2026-04-17,SO-005,1,85.00
2026-04-17,SO-006,2,95.00
2026-04-17,SO-007,2,45.00
2026-04-17,SO-008,2,35.00
2026-04-17,SO-010,2,595.00
2026-04-18,FB-001,28,131.25
2026-04-18,FB-002,106,14.70
2026-04-18,FB-003,21,25.20
2026-04-18,FB-004,16,81.90
2026-04-18,FB-005,22,120.75
2026-04-18,FB-006,30,69.30
2026-04-18,FB-007,12,288.75
2026-04-18,FB-009,31,71.40
2026-04-18,FB-010,9,162.75
2026-04-18,HC-001,12,57.20
2026-04-18,HC-002,8,119.60
2026-04-18,HC-003,7,43.68
2026-04-18,HC-004,5,64.48
2026-04-18,HC-005,9,101.92
2026-04-18,HC-006,3,85.28
2026-04-18,HC-007,6,29.12
2026-04-18,HC-008,11,64.48
2026-04-18,HC-009,3,140.40
2026-04-18,HC-010,12,22.88
2026-04-18,HW-001,4,89.25
2026-04-18,HW-002,4,288.75
2026-04-18,HW-003,1,102.90
2026-04-18,HW-004,1,719.25
2026-04-18,HW-006,5,29.40
2026-04-18,HW-008,1,131.25
2026-04-18,HW-009,1,624.75
2026-04-18,HW-010,22,16.80
2026-04-18,PC-001,12,52.00
2026-04-18,PC-002,3,32.00
2026-04-18,PC-003,12,68.00
2026-04-18,PC-004,3,38.00
2026-04-18,PC-005,3,95.00
2026-04-18,PC-006,1,135.00
2026-04-18,PC-007,3,38.00
2026-04-18,PC-008,3,79.00
2026-04-18,PC-009,12,49.00
2026-04-18,PC-010,4,120.00
2026-04-18,SO-001,3,30.00
2026-04-18,SO-002,5,90.00
2026-04-18,SO-004,5,72.00
2026-04-18,SO-006,1,95.00
2026-04-18,SO-007,2,45.00
2026-04-18,SO-008,2,35.00
2026-04-18,SO-009,5,78.00
2026-04-18,SO-010,1,595.00
2026-04-19,FB-001,17,131.25
2026-04-19,FB-002,87,14.70
2026-04-19,FB-003,15,25.20
2026-04-19,FB-004,15,81.90
2026-04-19,FB-005,10,120.75
2026-04-19,FB-006,22,69.30
2026-04-19,FB-008,9,35.70
2026-04-19,FB-009,41,71.40
2026-04-19,FB-010,3,162.75
2026-04-19,HC-002,12,119.60
2026-04-19,HC-003,4,43.68
2026-04-19,HC-004,7,64.48
2026-04-19,HC-005,1,101.92
2026-04-19,HC-006,6,85.28
2026-04-19,HC-007,5,29.12
2026-04-19,HC-008,7,64.48
2026-04-19,HC-009,5,140.40
2026-04-19,HC-010,15,22.88
2026-04-19,HW-001,1,89.25
2026-04-19,HW-002,4,288.75
2026-04-19,HW-003,1,102.90
2026-04-19,HW-006,1,29.40
2026-04-19,HW-009,1,624.75
2026-04-19,HW-010,9,16.80
2026-04-19,PC-001,11,52.00
2026-04-19,PC-002,7,32.00
2026-04-19,PC-003,5,68.00
2026-04-19,PC-004,4,38.00
2026-04-19,PC-005,4,95.00
2026-04-19,PC-006,1,135.00
2026-04-19,PC-007,2,38.00
2026-04-19,PC-008,2,79.00
2026-04-19,PC-009,11,49.00
2026-04-19,PC-010,1,120.00
2026-04-19,SO-001,6,30.00
2026-04-19,SO-002,2,90.00
2026-04-19,SO-004,3,72.00
2026-04-19,SO-005,1,85.00
2026-04-19,SO-006,2,95.00
2026-04-19,SO-007,2,45.00
2026-04-19,SO-008,4,35.00
2026-04-19,SO-009,2,78.00
2026-04-20,FB-001,15,131.25
2026-04-20,FB-002,61,14.70
2026-04-20,FB-003,20,25.20
2026-04-20,FB-004,11,81.90
2026-04-20,FB-005,12,120.75
2026-04-20,FB-006,13,69.30
2026-04-20,FB-007,6,288.75
2026-04-20,FB-008,11,35.70
2026-04-20,FB-009,16,71.40
2026-04-20,FB-010,6,162.75
2026-04-20,HC-002,9,119.60
2026-04-20,HC-003,11,43.68
2026-04-20,HC-004,7,64.48
2026-04-20,HC-005,5,101.92
2026-04-20,HC-006,5,85.28
2026-04-20,HC-007,5,29.12
2026-04-20,HC-008,9,64.48
2026-04-20,HC-009,4,140.40
2026-04-20,HC-010,15,22.88
2026-04-20,HW-001,5,89.25
2026-04-20,HW-002,10,288.75
2026-04-20,HW-003,2,102.90
2026-04-20,HW-006,2,29.40
2026-04-20,HW-010,12,16.80
2026-04-20,PC-001,8,52.00
2026-04-20,PC-002,10,32.00
2026-04-20,PC-004,2,38.00
2026-04-20,PC-005,2,95.00
2026-04-20,PC-007,1,38.00
2026-04-20,PC-008,2,79.00
2026-04-20,PC-009,5,49.00
2026-04-20,PC-010,1,120.00
2026-04-20,SO-001,10,30.00
2026-04-20,SO-002,4,90.00
2026-04-20,SO-003,4,260.00
2026-04-20,SO-004,5,72.00
2026-04-20,SO-005,1,85.00
2026-04-20,SO-006,9,95.00
2026-04-20,SO-007,2,45.00
2026-04-20,SO-008,5,35.00
2026-04-20,SO-009,1,78.00
2026-04-20,SO-010,1,595.00
2026-04-21,FB-001,18,131.25
2026-04-21,FB-002,48,14.70
2026-04-21,FB-003,15,25.20
2026-04-21,FB-004,7,81.90
2026-04-21,FB-005,7,120.75
2026-04-21,FB-006,24,69.30
2026-04-21,FB-007,6,288.75
2026-04-21,FB-008,8,35.70
2026-04-21,FB-009,22,71.40
2026-04-21,FB-010,6,162.75
2026-04-21,HC-001,14,57.20
2026-04-21,HC-002,9,119.60
2026-04-21,HC-003,5,43.68
2026-04-21,HC-004,5,64.48
2026-04-21,HC-005,2,101.92
2026-04-21,HC-006,6,85.28
2026-04-21,HC-007,5,29.12
2026-04-21,HC-008,5,64.48
2026-04-21,HC-009,1,140.40
2026-04-21,HC-010,11,22.88
2026-04-21,HW-001,3,89.25
2026-04-21,HW-002,5,288.75
2026-04-21,HW-005,1,50.40
2026-04-21,HW-006,2,29.40
2026-04-21,HW-007,1,39.90
2026-04-21,HW-008,2,131.25
2026-04-21,HW-009,1,624.75
2026-04-21,HW-010,2,16.80
2026-04-21,PC-001,8,52.00
2026-04-21,PC-002,8,32.00
2026-04-21,PC-003,4,68.00
2026-04-21,PC-004,3,38.00
2026-04-21,PC-005,3,95.00
2026-04-21,PC-006,7,135.00
2026-04-21,PC-007,2,38.00
2026-04-21,PC-008,5,79.00
2026-04-21,PC-009,5,49.00
2026-04-21,PC-010,1,120.00
2026-04-21,SO-001,12,30.00
2026-04-21,SO-002,4,90.00
2026-04-21,SO-003,5,260.00
2026-04-21,SO-004,3,72.00
2026-04-21,SO-005,4,85.00
2026-04-21,SO-006,1,95.00
2026-04-21,SO-007,1,45.00
2026-04-21,SO-008,2,35.00
2026-04-21,SO-009,1,78.00
2026-04-22,FB-001,13,131.25
2026-04-22,FB-002,42,14.70
2026-04-22,FB-003,18,25.20
2026-04-22,FB-004,5,81.90
2026-04-22,FB-005,10,120.75
2026-04-22,FB-006,28,69.30
2026-04-22,FB-007,6,288.75
2026-04-22,FB-008,13,35.70
2026-04-22,FB-009,31,71.40
2026-04-22,FB-010,2,162.75
2026-04-22,HC-001,12,57.20
2026-04-22,HC-002,3,119.60
2026-04-22,HC-003,10,43.68
2026-04-22,HC-004,5,64.48
2026-04-22,HC-005,4,101.92
2026-04-22,HC-006,2,85.28
2026-04-22,HC-007,8,29.12
2026-04-22,HC-008,5,64.48
2026-04-22,HC-009,1,140.40
2026-04-22,HC-010,6,22.88
2026-04-22,HW-001,2,89.25
2026-04-22,HW-002,6,288.75
2026-04-22,HW-003,1,102.90
2026-04-22,HW-004,1,719.25
2026-04-22,HW-005,2,50.40
2026-04-22,HW-006,2,29.40
2026-04-22,HW-009,1,624.75
2026-04-22,PC-001,8,52.00
2026-04-22,PC-002,3,32.00
2026-04-22,PC-003,4,68.00
2026-04-22,PC-004,3,38.00
2026-04-22,PC-005,4,95.00
2026-04-22,PC-006,1,135.00
2026-04-22,PC-007,5,38.00
2026-04-22,PC-008,7,79.00
2026-04-22,PC-009,9,49.00
2026-04-22,PC-010,1,120.00
2026-04-22,SO-001,19,30.00
2026-04-22,SO-002,5,90.00
2026-04-22,SO-003,9,260.00
2026-04-22,SO-004,5,72.00
2026-04-22,SO-005,2,85.00
2026-04-22,SO-006,2,95.00
2026-04-22,SO-007,3,45.00
2026-04-22,SO-008,2,35.00
2026-04-22,SO-009,2,78.00
2026-04-23,FB-001,21,131.25
2026-04-23,FB-002,55,14.70
2026-04-23,FB-003,14,25.20
2026-04-23,FB-004,12,81.90
2026-04-23,FB-005,12,120.75
2026-04-23,FB-006,28,69.30
2026-04-23,FB-007,7,288.75
2026-04-23,FB-008,5,35.70
2026-04-23,FB-009,31,71.40
2026-04-23,FB-010,5,162.75
2026-04-23,HC-001,6,57.20
2026-04-23,HC-002,11,119.60
2026-04-23,HC-003,7,43.68
2026-04-23,HC-004,7,64.48
2026-04-23,HC-005,1,101.92
2026-04-23,HC-006,2,85.28
2026-04-23,HC-007,6,29.12
2026-04-23,HC-008,8,64.48
2026-04-23,HC-009,1,140.40
2026-04-23,HC-010,10,22.88
2026-04-23,HW-001,1,89.25
2026-04-23,HW-002,4,288.75
2026-04-23,HW-003,1,102.90
2026-04-23,HW-004,2,719.25
2026-04-23,HW-005,1,50.40
2026-04-23,HW-006,2,29.40
2026-04-23,HW-008,1,131.25
2026-04-23,HW-009,4,624.75
2026-04-23,HW-010,9,16.80
2026-04-23,PC-001,18,52.00
2026-04-23,PC-002,9,32.00
2026-04-23,PC-003,7,68.00
2026-04-23,PC-004,5,38.00
2026-04-23,PC-005,5,95.00
2026-04-23,PC-006,2,135.00
2026-04-23,PC-007,6,38.00
2026-04-23,PC-008,5,79.00
2026-04-23,PC-009,2,49.00
2026-04-23,PC-010,2,120.00
2026-04-23,SO-001,18,30.00
2026-04-23,SO-002,7,90.00
2026-04-23,SO-003,4,260.00
2026-04-23,SO-004,6,72.00
2026-04-23,SO-005,4,85.00
2026-04-23,SO-006,5,95.00
2026-04-23,SO-007,1,45.00
2026-04-23,SO-008,2,35.00
2026-04-23,SO-009,3,78.00
2026-04-23,SO-010,1,595.00
2026-04-24,FB-001,18,131.25
2026-04-24,FB-002,56,14.70
2026-04-24,FB-003,22,25.20
2026-04-24,FB-004,10,81.90
2026-04-24,FB-005,23,120.75
2026-04-24,FB-006,23,69.30
2026-04-24,FB-007,5,288.75
2026-04-24,FB-008,7,35.70
2026-04-24,FB-009,30,71.40
2026-04-24,FB-010,8,162.75
2026-04-24,HC-001,10,57.20
2026-04-24,HC-002,9,119.60
2026-04-24,HC-003,5,43.68
2026-04-24,HC-004,1,64.48
2026-04-24,HC-005,4,101.92
2026-04-24,HC-006,5,85.28
2026-04-24,HC-007,6,29.12
2026-04-24,HC-008,3,64.48
2026-04-24,HC-010,16,22.88
2026-04-24,HW-001,4,89.25
2026-04-24,HW-002,10,288.75
2026-04-24,HW-003,3,102.90
2026-04-24,HW-004,3,719.25
2026-04-24,HW-005,3,50.40
2026-04-24,HW-006,4,29.40
2026-04-24,HW-007,1,39.90
2026-04-24,HW-008,2,131.25
2026-04-24,HW-009,1,624.75
2026-04-24,HW-010,9,16.80
2026-04-24,PC-001,19,52.00
2026-04-24,PC-002,9,32.00
2026-04-24,PC-003,12,68.00
2026-04-24,PC-004,4,38.00
2026-04-24,PC-005,1,95.00
2026-04-24,PC-006,3,135.00
2026-04-24,PC-007,3,38.00
2026-04-24,PC-008,1,79.00
2026-04-24,PC-009,13,49.00
2026-04-24,SO-001,20,30.00
2026-04-24,SO-002,5,90.00
2026-04-24,SO-003,7,260.00
2026-04-24,SO-004,4,72.00
2026-04-24,SO-005,3,85.00
2026-04-24,SO-006,5,95.00
2026-04-24,SO-008,7,35.00
2026-04-24,SO-009,3,78.00
2026-04-24,SO-010,2,595.00
2026-04-25,FB-001,12,131.25
2026-04-25,FB-002,69,14.70
2026-04-25,FB-003,23,25.20
2026-04-25,FB-004,11,81.90
2026-04-25,FB-005,15,120.75
2026-04-25,FB-006,46,69.30
2026-04-25,FB-007,5,288.75
2026-04-25,FB-008,10,35.70
2026-04-25,FB-009,39,71.40
2026-04-25,FB-010,6,162.75
2026-04-25,HC-001,17,57.20
2026-04-25,HC-002,10,119.60
2026-04-25,HC-003,7,43.68
2026-04-25,HC-004,11,64.48
2026-04-25,HC-005,8,101.92
2026-04-25,HC-006,5,85.28
2026-04-25,HC-007,7,29.12
2026-04-25,HC-008,11,64.48
2026-04-25,HC-009,3,140.40
2026-04-25,HC-010,17,22.88
2026-04-25,HW-001,2,89.25
2026-04-25,HW-002,17,288.75
2026-04-25,HW-004,2,719.25
2026-04-25,HW-006,2,29.40
2026-04-25,HW-009,1,624.75
2026-04-25,HW-010,14,16.80
2026-04-25,PC-001,8,52.00
2026-04-25,PC-002,9,32.00
2026-04-25,PC-003,7,68.00
2026-04-25,PC-004,7,38.00
2026-04-25,PC-005,1,95.00
2026-04-25,PC-006,4,135.00
2026-04-25,PC-007,4,38.00
2026-04-25,PC-008,2,79.00
2026-04-25,PC-009,6,49.00
2026-04-25,SO-001,9,30.00
2026-04-25,SO-002,4,90.00
2026-04-25,SO-003,1,260.00
2026-04-25,SO-004,4,72.00
2026-04-25,SO-005,3,85.00
2026-04-25,SO-006,4,95.00
2026-04-25,SO-007,2,45.00
2026-04-25,SO-008,3,35.00
2026-04-25,SO-009,2,78.00
2026-04-26,FB-001,20,131.25
2026-04-26,FB-002,56,14.70
2026-04-26,FB-003,24,25.20
2026-04-26,FB-004,16,81.90
2026-04-26,FB-005,14,120.75
2026-04-26,FB-006,26,69.30
2026-04-26,FB-007,10,288.75
2026-04-26,FB-008,12,35.70
2026-04-26,FB-009,41,71.40
2026-04-26,FB-010,11,162.75
2026-04-26,HC-001,12,57.20
2026-04-26,HC-002,3,119.60
2026-04-26,HC-003,4,43.68
2026-04-26,HC-004,5,64.48
2026-04-26,HC-005,6,101.92
2026-04-26,HC-006,5,85.28
2026-04-26,HC-007,8,29.12
2026-04-26,HC-008,3,64.48
2026-04-26,HC-009,3,140.40
2026-04-26,HC-010,14,22.88
2026-04-26,HW-002,3,288.75
2026-04-26,HW-003,1,102.90
2026-04-26,HW-004,2,719.25
2026-04-26,HW-006,2,29.40
2026-04-26,HW-009,1,624.75
2026-04-26,HW-010,7,16.80
2026-04-26,PC-001,14,52.00
2026-04-26,PC-002,9,32.00
2026-04-26,PC-003,5,68.00
2026-04-26,PC-004,1,38.00
2026-04-26,PC-005,6,95.00
2026-04-26,PC-006,1,135.00
2026-04-26,PC-007,5,38.00
2026-04-26,PC-008,3,79.00
2026-04-26,PC-009,7,49.00
2026-04-26,SO-001,9,30.00
2026-04-26,SO-002,2,90.00
2026-04-26,SO-003,9,260.00
2026-04-26,SO-004,5,72.00
2026-04-26,SO-005,3,85.00
2026-04-26,SO-006,3,95.00
2026-04-26,SO-007,1,45.00
2026-04-26,SO-008,4,35.00
2026-04-26,SO-009,1,78.00
2026-04-27,FB-001,16,131.25
2026-04-27,FB-002,39,14.70
2026-04-27,FB-003,21,25.20
2026-04-27,FB-004,8,81.90
2026-04-27,FB-005,6,120.75
2026-04-27,FB-006,4,69.30
2026-04-27,FB-007,6,288.75
2026-04-27,FB-008,6,35.70
2026-04-27,FB-009,23,71.40
2026-04-27,FB-010,8,162.75
2026-04-27,HC-001,17,57.20
2026-04-27,HC-002,8,119.60
2026-04-27,HC-003,4,43.68
2026-04-27,HC-004,8,64.48
2026-04-27,HC-005,2,101.92
2026-04-27,HC-006,2,85.28
2026-04-27,HC-007,8,29.12
2026-04-27,HC-008,5,64.48
2026-04-27,HC-009,3,140.40
2026-04-27,HC-010,10,22.88
2026-04-27,HW-001,6,89.25
2026-04-27,HW-002,4,288.75
2026-04-27,HW-005,1,50.40
2026-04-27,HW-006,1,29.40
2026-04-27,HW-010,14,16.80
2026-04-27,PC-001,8,52.00
2026-04-27,PC-002,6,32.00
2026-04-27,PC-003,5,68.00
2026-04-27,PC-004,4,38.00
2026-04-27,PC-005,2,95.00
2026-04-27,PC-006,1,135.00
2026-04-27,PC-007,3,38.00
2026-04-27,PC-008,4,79.00
2026-04-27,PC-009,5,49.00
2026-04-27,PC-010,3,120.00
2026-04-27,SO-001,14,30.00
2026-04-27,SO-002,5,90.00
2026-04-27,SO-003,3,260.00
2026-04-27,SO-004,4,72.00
2026-04-27,SO-005,4,85.00
2026-04-27,SO-006,7,95.00
2026-04-27,SO-007,1,45.00
2026-04-27,SO-008,7,35.00
2026-04-27,SO-009,2,78.00
2026-04-27,SO-010,2,595.00
2026-04-28,FB-001,16,131.25
2026-04-28,FB-002,43,14.70
2026-04-28,FB-003,14,25.20
2026-04-28,FB-004,9,81.90
2026-04-28,FB-005,7,120.75
2026-04-28,FB-006,16,69.30
2026-04-28,FB-007,11,288.75
2026-04-28,FB-008,4,35.70
2026-04-28,FB-009,40,71.40
2026-04-28,FB-010,10,162.75
2026-04-28,HC-001,14,57.20
2026-04-28,HC-002,9,119.60
2026-04-28,HC-003,7,43.68
2026-04-28,HC-004,4,64.48
2026-04-28,HC-005,3,101.92
2026-04-28,HC-006,2,85.28
2026-04-28,HC-007,5,29.12
2026-04-28,HC-008,9,64.48
2026-04-28,HC-010,11,22.88
2026-04-28,HW-001,2,89.25
2026-04-28,HW-002,9,288.75
2026-04-28,HW-004,1,719.25
2026-04-28,HW-005,5,50.40
2026-04-28,HW-006,6,29.40
2026-04-28,HW-007,1,39.90
2026-04-28,HW-010,15,16.80
2026-04-28,PC-001,10,52.00
2026-04-28,PC-002,8,32.00
2026-04-28,PC-003,4,68.00
2026-04-28,PC-004,3,38.00
2026-04-28,PC-005,4,95.00
2026-04-28,PC-007,4,38.00
2026-04-28,PC-008,5,79.00
2026-04-28,PC-009,9,49.00
2026-04-28,SO-001,25,30.00
2026-04-28,SO-002,6,90.00
2026-04-28,SO-003,8,260.00
2026-04-28,SO-004,14,72.00
2026-04-28,SO-005,5,85.00
2026-04-28,SO-006,4,95.00
2026-04-28,SO-007,4,45.00
2026-04-28,SO-008,4,35.00
2026-04-28,SO-009,5,78.00
2026-04-28,SO-010,1,595.00
2026-04-29,FB-001,23,131.25
2026-04-29,FB-002,51,14.70
2026-04-29,FB-003,21,25.20
2026-04-29,FB-004,5,81.90
2026-04-29,FB-005,13,120.75
2026-04-29,FB-006,28,69.30
2026-04-29,FB-007,11,288.75
2026-04-29,FB-008,6,35.70
2026-04-29,FB-009,41,71.40
2026-04-29,FB-010,12,162.75
2026-04-29,HC-001,13,57.20
2026-04-29,HC-002,7,119.60
2026-04-29,HC-003,6,43.68
2026-04-29,HC-004,4,64.48
2026-04-29,HC-005,9,101.92
2026-04-29,HC-006,3,85.28
2026-04-29,HC-007,8,29.12
2026-04-29,HC-008,5,64.48
2026-04-29,HC-009,2,140.40
2026-04-29,HC-010,11,22.88
2026-04-29,HW-001,5,89.25
2026-04-29,HW-002,5,288.75
2026-04-29,HW-003,1,102.90
2026-04-29,HW-005,2,50.40
2026-04-29,HW-006,2,29.40
2026-04-29,HW-007,2,39.90
2026-04-29,HW-008,3,131.25
2026-04-29,HW-010,13,16.80
2026-04-29,PC-001,22,52.00
2026-04-29,PC-002,13,32.00
2026-04-29,PC-003,6,68.00
2026-04-29,PC-004,1,38.00
2026-04-29,PC-005,3,95.00
2026-04-29,PC-006,3,135.00
2026-04-29,PC-007,3,38.00
2026-04-29,PC-009,8,49.00
2026-04-29,SO-001,23,30.00
2026-04-29,SO-002,5,90.00
2026-04-29,SO-003,3,260.00
2026-04-29,SO-004,10,72.00
2026-04-29,SO-006,8,95.00
2026-04-29,SO-007,3,45.00
2026-04-29,SO-008,5,35.00
2026-04-29,SO-009,6,78.00
2026-04-29,SO-010,1,595.00
2026-04-30,FB-001,24,131.25
2026-04-30,FB-002,75,14.70
2026-04-30,FB-003,27,25.20
2026-04-30,FB-004,11,81.90
2026-04-30,FB-005,14,120.75
2026-04-30,FB-006,20,69.30
2026-04-30,FB-007,5,288.75
2026-04-30,FB-008,15,35.70
2026-04-30,FB-009,41,71.40
2026-04-30,FB-010,7,162.75
2026-04-30,HC-001,12,57.20
2026-04-30,HC-002,1,119.60
2026-04-30,HC-003,4,43.68
2026-04-30,HC-004,2,64.48
2026-04-30,HC-005,6,101.92
2026-04-30,HC-006,3,85.28
2026-04-30,HC-007,7,29.12
2026-04-30,HC-008,16,64.48
2026-04-30,HC-009,4,140.40
2026-04-30,HC-010,13,22.88
2026-04-30,HW-001,4,89.25
2026-04-30,HW-002,7,288.75
2026-04-30,HW-003,2,102.90
2026-04-30,HW-004,2,719.25
2026-04-30,HW-005,1,50.40
2026-04-30,HW-006,1,29.40
2026-04-30,HW-008,1,131.25
2026-04-30,HW-009,1,624.75
2026-04-30,HW-010,15,16.80
2026-04-30,PC-001,14,52.00
2026-04-30,PC-002,10,32.00
2026-04-30,PC-003,8,68.00
2026-04-30,PC-004,1,38.00
2026-04-30,PC-006,3,135.00
2026-04-30,PC-007,3,38.00
2026-04-30,PC-008,2,79.00
2026-04-30,PC-009,11,49.00
2026-04-30,PC-010,1,120.00
2026-04-30,SO-001,18,30.00
2026-04-30,SO-002,7,90.00
2026-04-30,SO-003,2,260.00
2026-04-30,SO-004,7,72.00
2026-04-30,SO-005,2,85.00
2026-04-30,SO-006,3,95.00
2026-04-30,SO-007,4,45.00
2026-04-30,SO-008,5,35.00
2026-04-30,SO-009,4,78.00
2026-04-30,SO-010,4,595.00
2026-05-01,FB-001,26,131.25
2026-05-01,FB-002,80,14.70
2026-05-01,FB-003,28,25.20
2026-05-01,FB-004,30,81.90
2026-05-01,FB-005,17,120.75
2026-05-01,FB-006,22,69.30
2026-05-01,FB-007,13,288.75
2026-05-01,FB-008,5,35.70
2026-05-01,FB-009,32,71.40
2026-05-01,FB-010,17,162.75
2026-05-01,HC-001,8,57.20
2026-05-01,HC-002,13,119.60
2026-05-01,HC-003,6,43.68
2026-05-01,HC-004,11,64.48
2026-05-01,HC-005,10,101.92
2026-05-01,HC-006,6,85.28
2026-05-01,HC-007,8,29.12
2026-05-01,HC-008,7,64.48
2026-05-01,HC-010,13,22.88
2026-05-01,HW-001,3,89.25
2026-05-01,HW-002,9,288.75
2026-05-01,HW-003,1,102.90
2026-05-01,HW-004,3,719.25
2026-05-01,HW-005,2,50.40
2026-05-01,HW-006,1,29.40
2026-05-01,HW-007,1,39.90
2026-05-01,HW-008,1,131.25
2026-05-01,HW-009,1,624.75
2026-05-01,HW-010,15,16.80
2026-05-01,PC-001,10,52.00
2026-05-01,PC-002,9,32.00
2026-05-01,PC-003,1,68.00
2026-05-01,PC-004,5,38.00
2026-05-01,PC-005,2,95.00
2026-05-01,PC-006,3,135.00
2026-05-01,PC-007,6,38.00
2026-05-01,PC-008,2,79.00
2026-05-01,PC-009,12,49.00
2026-05-01,PC-010,1,120.00
2026-05-01,SO-001,26,30.00
2026-05-01,SO-002,6,90.00
2026-05-01,SO-003,3,260.00
2026-05-01,SO-004,5,72.00
2026-05-01,SO-005,3,85.00
2026-05-01,SO-006,4,95.00
2026-05-01,SO-007,1,45.00
2026-05-01,SO-008,4,35.00
2026-05-01,SO-009,1,78.00
2026-05-02,FB-001,20,131.25
2026-05-02,FB-002,66,14.70
2026-05-02,FB-003,19,25.20
2026-05-02,FB-004,13,81.90
2026-05-02,FB-005,21,120.75
2026-05-02,FB-006,21,69.30
2026-05-02,FB-007,8,288.75
2026-05-02,FB-008,10,35.70
2026-05-02,FB-010,11,162.75
2026-05-02,HC-001,21,57.20
2026-05-02,HC-002,6,119.60
2026-05-02,HC-003,3,43.68
2026-05-02,HC-004,1,64.48
2026-05-02,HC-005,1,101.92
2026-05-02,HC-006,5,85.28
2026-05-02,HC-007,6,29.12
2026-05-02,HC-008,11,64.48
2026-05-02,HC-010,11,22.88
2026-05-02,HW-001,5,89.25
2026-05-02,HW-002,8,288.75
2026-05-02,HW-003,4,102.90
2026-05-02,HW-005,3,50.40
2026-05-02,HW-006,3,29.40
2026-05-02,HW-007,3,39.90
2026-05-02,HW-009,1,624.75
2026-05-02,HW-010,19,16.80
2026-05-02,PC-001,18,52.00
2026-05-02,PC-002,15,32.00
2026-05-02,PC-003,6,68.00
2026-05-02,PC-004,9,38.00
2026-05-02,PC-005,4,95.00
2026-05-02,PC-006,2,135.00
2026-05-02,PC-007,7,38.00
2026-05-02,PC-008,5,79.00
2026-05-02,PC-009,11,49.00
2026-05-02,PC-010,3,120.00
2026-05-02,SO-001,11,30.00
2026-05-02,SO-002,3,90.00
2026-05-02,SO-003,8,260.00
2026-05-02,SO-004,5,72.00
2026-05-02,SO-005,3,85.00
2026-05-02,SO-006,5,95.00
2026-05-02,SO-007,1,45.00
2026-05-02,SO-008,5,35.00
2026-05-02,SO-009,2,78.00
2026-05-02,SO-010,1,595.00
2026-05-03,FB-001,22,131.25
2026-05-03,FB-002,49,14.70
2026-05-03,FB-003,28,25.20
2026-05-03,FB-004,15,81.90
2026-05-03,FB-005,4,120.75
2026-05-03,FB-006,26,69.30
2026-05-03,FB-007,6,288.75
2026-05-03,FB-008,6,35.70
2026-05-03,FB-010,8,162.75
2026-05-03,HC-001,12,57.20
2026-05-03,HC-002,6,119.60
2026-05-03,HC-003,6,43.68
2026-05-03,HC-004,6,64.48
2026-05-03,HC-005,7,101.92
2026-05-03,HC-006,5,85.28
2026-05-03,HC-007,6,29.12
2026-05-03,HC-008,9,64.48
2026-05-03,HC-009,1,140.40
2026-05-03,HC-010,16,22.88
2026-05-03,HW-007,1,39.90
2026-05-03,HW-010,5,16.80
2026-05-03,PC-001,20,52.00
2026-05-03,PC-002,4,32.00
2026-05-03,PC-003,7,68.00
2026-05-03,PC-004,4,38.00
2026-05-03,PC-005,3,95.00
2026-05-03,PC-006,2,135.00
2026-05-03,PC-007,3,38.00
2026-05-03,PC-008,3,79.00
2026-05-03,PC-009,8,49.00
2026-05-03,PC-010,3,120.00
2026-05-03,SO-001,8,30.00
2026-05-03,SO-002,4,90.00
2026-05-03,SO-003,3,260.00
2026-05-03,SO-004,3,72.00
2026-05-03,SO-006,2,95.00
2026-05-03,SO-007,2,45.00
2026-05-03,SO-008,7,35.00
2026-05-03,SO-010,2,595.00
2026-05-04,FB-001,23,131.25
2026-05-04,FB-002,41,14.70
2026-05-04,FB-003,22,25.20
2026-05-04,FB-004,12,81.90
2026-05-04,FB-005,19,120.75
2026-05-04,FB-006,15,69.30
2026-05-04,FB-007,4,288.75
2026-05-04,FB-008,6,35.70
2026-05-04,FB-009,29,71.40
2026-05-04,FB-010,13,162.75
2026-05-04,HC-001,17,57.20
2026-05-04,HC-002,5,119.60
2026-05-04,HC-003,4,43.68
2026-05-04,HC-004,2,64.48
2026-05-04,HC-005,6,101.92
2026-05-04,HC-006,5,85.28
2026-05-04,HC-007,5,29.12
2026-05-04,HC-008,6,64.48
2026-05-04,HC-009,1,140.40
2026-05-04,HC-010,8,22.88
2026-05-04,HW-002,6,288.75
2026-05-04,HW-003,3,102.90
2026-05-04,HW-004,3,719.25
2026-05-04,HW-006,1,29.40
2026-05-04,HW-007,1,39.90
2026-05-04,HW-010,10,16.80
2026-05-04,PC-001,7,52.00
2026-05-04,PC-002,11,32.00
2026-05-04,PC-003,6,68.00
2026-05-04,PC-004,4,38.00
2026-05-04,PC-005,3,95.00
2026-05-04,PC-006,4,135.00
2026-05-04,PC-007,2,38.00
2026-05-04,PC-008,3,79.00
2026-05-04,PC-009,7,49.00
2026-05-04,SO-001,25,30.00
2026-05-04,SO-002,6,90.00
2026-05-04,SO-003,5,260.00
2026-05-04,SO-004,9,72.00
2026-05-04,SO-005,6,85.00
2026-05-04,SO-007,5,45.00
2026-05-04,SO-008,8,35.00
2026-05-04,SO-009,2,78.00
2026-05-04,SO-010,1,595.00
2026-05-05,FB-001,16,131.25
2026-05-05,FB-002,45,14.70
2026-05-05,FB-003,15,25.20
2026-05-05,FB-004,15,81.90
2026-05-05,FB-005,8,120.75
2026-05-05,FB-006,30,69.30
2026-05-05,FB-007,4,288.75
2026-05-05,FB-008,3,35.70
2026-05-05,FB-009,21,71.40
2026-05-05,FB-010,11,162.75
2026-05-05,HC-001,16,57.20
2026-05-05,HC-002,8,119.60
2026-05-05,HC-003,2,43.68
2026-05-05,HC-004,7,64.48
2026-05-05,HC-005,3,101.92
2026-05-05,HC-006,4,85.28
2026-05-05,HC-007,5,29.12
2026-05-05,HC-008,9,64.48
2026-05-05,HC-009,2,140.40
2026-05-05,HC-010,11,22.88
2026-05-05,HW-001,2,89.25
2026-05-05,HW-002,10,288.75
2026-05-05,HW-003,1,102.90
2026-05-05,HW-004,1,719.25
2026-05-05,HW-006,2,29.40
2026-05-05,HW-010,18,16.80
2026-05-05,PC-001,9,52.00
2026-05-05,PC-002,9,32.00
2026-05-05,PC-003,7,68.00
2026-05-05,PC-004,6,38.00
2026-05-05,PC-005,3,95.00
2026-05-05,PC-006,2,135.00
2026-05-05,PC-007,4,38.00
2026-05-05,PC-008,5,79.00
2026-05-05,PC-009,7,49.00
2026-05-05,SO-001,28,30.00
2026-05-05,SO-002,6,90.00
2026-05-05,SO-003,9,260.00
2026-05-05,SO-004,10,72.00
2026-05-05,SO-005,3,85.00
2026-05-05,SO-007,4,45.00
2026-05-05,SO-008,4,35.00
2026-05-05,SO-009,5,78.00
2026-05-05,SO-010,1,595.00
2026-05-06,FB-001,12,131.25
2026-05-06,FB-002,52,14.70
2026-05-06,FB-003,17,25.20
2026-05-06,FB-004,4,81.90
2026-05-06,FB-005,12,120.75
2026-05-06,FB-006,30,69.30
2026-05-06,FB-007,3,288.75
2026-05-06,FB-008,5,35.70
2026-05-06,FB-009,20,71.40
2026-05-06,FB-010,6,162.75
2026-05-06,HC-001,16,57.20
2026-05-06,HC-002,6,119.60
2026-05-06,HC-003,5,43.68
2026-05-06,HC-004,2,64.48
2026-05-06,HC-005,2,101.92
2026-05-06,HC-007,5,29.12
2026-05-06,HC-008,7,64.48
2026-05-06,HC-009,2,140.40
2026-05-06,HC-010,10,22.88
2026-05-06,HW-001,8,89.25
2026-05-06,HW-002,8,288.75
2026-05-06,HW-003,2,102.90
2026-05-06,HW-005,1,50.40
2026-05-06,HW-006,2,29.40
2026-05-06,HW-007,2,39.90
2026-05-06,HW-008,1,131.25
2026-05-06,HW-009,1,624.75
2026-05-06,HW-010,21,16.80
2026-05-06,PC-002,8,32.00
2026-05-06,PC-003,6,68.00
2026-05-06,PC-004,8,38.00
2026-05-06,PC-005,2,95.00
2026-05-06,PC-006,3,135.00
2026-05-06,PC-007,6,38.00
2026-05-06,PC-008,2,79.00
2026-05-06,PC-009,5,49.00
2026-05-06,PC-010,1,120.00
2026-05-06,SO-001,6,30.00
2026-05-06,SO-002,6,90.00
2026-05-06,SO-003,10,260.00
2026-05-06,SO-004,10,72.00
2026-05-06,SO-005,5,85.00
2026-05-06,SO-006,3,95.00
2026-05-06,SO-007,1,45.00
2026-05-06,SO-008,8,35.00
2026-05-06,SO-009,4,78.00
2026-05-07,FB-001,8,131.25
2026-05-07,FB-002,66,14.70
2026-05-07,FB-003,19,25.20
2026-05-07,FB-004,9,81.90
2026-05-07,FB-005,13,120.75
2026-05-07,FB-006,37,69.30
2026-05-07,FB-007,4,288.75
2026-05-07,FB-008,3,35.70
2026-05-07,FB-009,20,71.40
2026-05-07,FB-010,2,162.75
2026-05-07,HC-001,9,57.20
2026-05-07,HC-002,6,119.60
2026-05-07,HC-003,6,43.68
2026-05-07,HC-004,4,64.48
2026-05-07,HC-006,1,85.28
2026-05-07,HC-007,4,29.12
2026-05-07,HC-008,11,64.48
2026-05-07,HC-009,3,140.40
2026-05-07,HC-010,10,22.88
2026-05-07,HW-001,6,89.25
2026-05-07,HW-002,5,288.75
2026-05-07,HW-004,2,719.25
2026-05-07,HW-005,2,50.40
2026-05-07,HW-006,3,29.40
2026-05-07,HW-007,1,39.90
2026-05-07,HW-008,1,131.25
2026-05-07,HW-009,1,624.75
2026-05-07,HW-010,15,16.80
2026-05-07,PC-002,3,32.00
2026-05-07,PC-003,10,68.00
2026-05-07,PC-004,3,38.00
2026-05-07,PC-005,9,95.00
2026-05-07,PC-006,1,135.00
2026-05-07,PC-007,2,38.00
2026-05-07,PC-008,3,79.00
2026-05-07,PC-009,11,49.00
2026-05-07,PC-010,2,120.00
2026-05-07,SO-002,3,90.00
2026-05-07,SO-003,9,260.00
2026-05-07,SO-004,8,72.00
2026-05-07,SO-005,4,85.00
2026-05-07,SO-006,8,95.00
2026-05-07,SO-007,2,45.00
2026-05-07,SO-008,2,35.00
2026-05-07,SO-009,3,78.00
2026-05-07,SO-010,1,595.00
2026-05-08,FB-001,16,131.25
2026-05-08,FB-002,59,14.70
2026-05-08,FB-003,20,25.20
2026-05-08,FB-004,5,81.90
2026-05-08,FB-005,20,120.75
2026-05-08,FB-006,37,69.30
2026-05-08,FB-007,7,288.75
2026-05-08,FB-008,4,35.70
2026-05-08,FB-009,19,71.40
2026-05-08,FB-010,7,162.75
2026-05-08,HC-001,13,57.20
2026-05-08,HC-002,13,119.60
2026-05-08,HC-003,8,43.68
2026-05-08,HC-004,4,64.48
2026-05-08,HC-005,4,101.92
2026-05-08,HC-006,3,85.28
2026-05-08,HC-007,5,29.12
2026-05-08,HC-008,10,64.48
2026-05-08,HC-009,1,140.40
2026-05-08,HC-010,16,22.88
2026-05-08,HW-001,2,89.25
2026-05-08,HW-002,5,288.75
2026-05-08,HW-003,2,102.90
2026-05-08,HW-005,2,50.40
2026-05-08,HW-006,2,29.40
2026-05-08,HW-010,11,16.80
2026-05-08,PC-001,15,52.00
2026-05-08,PC-002,6,32.00
2026-05-08,PC-003,5,68.00
2026-05-08,PC-004,4,38.00
2026-05-08,PC-005,8,95.00
2026-05-08,PC-007,6,38.00
2026-05-08,PC-008,4,79.00
2026-05-08,PC-009,11,49.00
2026-05-08,PC-010,3,120.00
2026-05-08,SO-001,36,30.00
2026-05-08,SO-002,6,90.00
2026-05-08,SO-003,4,260.00
2026-05-08,SO-004,10,72.00
2026-05-08,SO-005,4,85.00
2026-05-08,SO-006,8,95.00
2026-05-08,SO-007,2,45.00
2026-05-08,SO-008,4,35.00
2026-05-08,SO-009,5,78.00
2026-05-08,SO-010,1,595.00
2026-05-09,FB-001,23,131.25
2026-05-09,FB-002,84,14.70
2026-05-09,FB-003,22,25.20
2026-05-09,FB-004,8,81.90
2026-05-09,FB-005,22,120.75
2026-05-09,FB-006,30,69.30
2026-05-09,FB-007,9,288.75
2026-05-09,FB-008,8,35.70
2026-05-09,FB-009,30,71.40
2026-05-09,FB-010,8,162.75
2026-05-09,HC-001,21,57.20
2026-05-09,HC-002,12,119.60
2026-05-09,HC-003,7,43.68
2026-05-09,HC-004,7,64.48
2026-05-09,HC-005,4,101.92
2026-05-09,HC-006,4,85.28
2026-05-09,HC-007,6,29.12
2026-05-09,HC-008,11,64.48
2026-05-09,HC-009,2,140.40
2026-05-09,HC-010,21,22.88
2026-05-09,HW-002,10,288.75
2026-05-09,HW-003,5,102.90
2026-05-09,HW-004,4,719.25
2026-05-09,HW-005,1,50.40
2026-05-09,HW-006,2,29.40
2026-05-09,HW-007,1,39.90
2026-05-09,HW-010,20,16.80
2026-05-09,PC-001,12,52.00
2026-05-09,PC-002,8,32.00
2026-05-09,PC-003,6,68.00
2026-05-09,PC-004,9,38.00
2026-05-09,PC-005,6,95.00
2026-05-09,PC-006,2,135.00
2026-05-09,PC-007,7,38.00
2026-05-09,PC-008,7,79.00
2026-05-09,PC-009,12,49.00
2026-05-09,SO-001,31,30.00
2026-05-09,SO-002,12,90.00
2026-05-09,SO-003,5,260.00
2026-05-09,SO-004,3,72.00
2026-05-09,SO-005,4,85.00
2026-05-09,SO-006,4,95.00
2026-05-09,SO-007,1,45.00
2026-05-09,SO-008,6,35.00
2026-05-09,SO-009,4,78.00
2026-05-10,FB-001,19,131.25
2026-05-10,FB-002,65,14.70
2026-05-10,FB-003,17,25.20
2026-05-10,FB-004,10,81.90
2026-05-10,FB-005,17,120.75
2026-05-10,FB-006,25,69.30
2026-05-10,FB-007,8,288.75
2026-05-10,FB-008,6,35.70
2026-05-10,FB-009,29,71.40
2026-05-10,FB-010,10,162.75
2026-05-10,HC-001,11,57.20
2026-05-10,HC-002,10,119.60
2026-05-10,HC-003,8,43.68
2026-05-10,HC-004,12,64.48
2026-05-10,HC-005,3,101.92
2026-05-10,HC-006,4,85.28
2026-05-10,HC-007,4,29.12
2026-05-10,HC-008,11,64.48
2026-05-10,HC-009,1,140.40
2026-05-10,HC-010,22,22.88
2026-05-10,HW-001,4,89.25
2026-05-10,HW-002,3,288.75
2026-05-10,HW-003,2,102.90
2026-05-10,HW-005,1,50.40
2026-05-10,HW-006,2,29.40
2026-05-10,HW-010,8,16.80
2026-05-10,PC-001,17,52.00
2026-05-10,PC-002,17,32.00
2026-05-10,PC-003,4,68.00
2026-05-10,PC-004,5,38.00
2026-05-10,PC-005,3,95.00
2026-05-10,PC-006,3,135.00
2026-05-10,PC-007,3,38.00
2026-05-10,PC-008,2,79.00
2026-05-10,PC-009,4,49.00
2026-05-10,PC-010,1,120.00
2026-05-10,SO-001,28,30.00
2026-05-10,SO-002,5,90.00
2026-05-10,SO-003,9,260.00
2026-05-10,SO-006,3,95.00
2026-05-10,SO-007,2,45.00
2026-05-10,SO-008,5,35.00
2026-05-10,SO-009,4,78.00
2026-05-10,SO-010,1,595.00
2026-05-11,FB-001,12,131.25
2026-05-11,FB-002,62,14.70
2026-05-11,FB-003,17,25.20
2026-05-11,FB-004,6,81.90
2026-05-11,FB-005,13,120.75
2026-05-11,FB-006,24,69.30
2026-05-11,FB-007,10,288.75
2026-05-11,FB-008,6,35.70
2026-05-11,FB-009,22,71.40
2026-05-11,FB-010,7,162.75
2026-05-11,HC-001,15,57.20
2026-05-11,HC-002,8,119.60
2026-05-11,HC-003,6,43.68
2026-05-11,HC-004,8,64.48
2026-05-11,HC-005,2,101.92
2026-05-11,HC-006,4,85.28
2026-05-11,HC-007,2,29.12
2026-05-11,HC-008,8,64.48
2026-05-11,HC-009,1,140.40
2026-05-11,HC-010,11,22.88
2026-05-11,HW-001,4,89.25
2026-05-11,HW-002,5,288.75
2026-05-11,HW-003,1,102.90
2026-05-11,HW-005,3,50.40
2026-05-11,HW-006,1,29.40
2026-05-11,HW-007,1,39.90
2026-05-11,HW-008,1,131.25
2026-05-11,HW-010,15,16.80
2026-05-11,PC-001,7,52.00
2026-05-11,PC-002,9,32.00
2026-05-11,PC-003,5,68.00
2026-05-11,PC-004,6,38.00
2026-05-11,PC-005,5,95.00
2026-05-11,PC-006,2,135.00
2026-05-11,PC-007,1,38.00
2026-05-11,PC-008,5,79.00
2026-05-11,PC-009,8,49.00
2026-05-11,PC-010,3,120.00
2026-05-11,SO-001,30,30.00
2026-05-11,SO-002,7,90.00
2026-05-11,SO-003,6,260.00
2026-05-11,SO-004,11,72.00
2026-05-11,SO-005,9,85.00
2026-05-11,SO-006,3,95.00
2026-05-11,SO-007,7,45.00
2026-05-11,SO-008,13,35.00
2026-05-11,SO-009,3,78.00
2026-05-11,SO-010,1,595.00
2026-05-12,FB-001,5,131.25
2026-05-12,FB-002,48,14.70
2026-05-12,FB-003,19,25.20
2026-05-12,FB-004,13,81.90
2026-05-12,FB-005,14,120.75
2026-05-12,FB-006,22,69.30
2026-05-12,FB-007,7,288.75
2026-05-12,FB-008,11,35.70
2026-05-12,FB-009,19,71.40
2026-05-12,FB-010,8,162.75
2026-05-12,HC-001,2,57.20
2026-05-12,HC-002,12,119.60
2026-05-12,HC-003,5,43.68
2026-05-12,HC-004,2,64.48
2026-05-12,HC-005,8,101.92
2026-05-12,HC-006,2,85.28
2026-05-12,HC-007,9,29.12
2026-05-12,HC-008,3,64.48
2026-05-12,HC-009,1,140.40
2026-05-12,HC-010,15,22.88
2026-05-12,HW-001,3,89.25
2026-05-12,HW-002,4,288.75
2026-05-12,HW-003,1,102.90
2026-05-12,HW-006,3,29.40
2026-05-12,HW-007,1,39.90
2026-05-12,HW-009,1,624.75
2026-05-12,HW-010,16,16.80
2026-05-12,PC-001,6,52.00
2026-05-12,PC-002,3,32.00
2026-05-12,PC-003,7,68.00
2026-05-12,PC-004,3,38.00
2026-05-12,PC-005,7,95.00
2026-05-12,PC-006,1,135.00
2026-05-12,PC-007,5,38.00
2026-05-12,PC-008,1,79.00
2026-05-12,PC-009,8,49.00
2026-05-12,PC-010,1,120.00
2026-05-12,SO-001,31,30.00
2026-05-12,SO-002,8,90.00
2026-05-12,SO-004,5,72.00
2026-05-12,SO-005,7,85.00
2026-05-12,SO-006,2,95.00
2026-05-12,SO-007,4,45.00
2026-05-12,SO-008,6,35.00
2026-05-12,SO-009,2,78.00
2026-05-12,SO-010,1,595.00
2026-05-13,FB-001,11,131.25
2026-05-13,FB-002,59,14.70
2026-05-13,FB-003,18,25.20
2026-05-13,FB-004,10,81.90
2026-05-13,FB-005,17,120.75
2026-05-13,FB-006,22,69.30
2026-05-13,FB-007,6,288.75
2026-05-13,FB-008,5,35.70
2026-05-13,FB-009,22,71.40
2026-05-13,FB-010,8,162.75
2026-05-13,HC-001,13,57.20
2026-05-13,HC-002,12,119.60
2026-05-13,HC-003,7,43.68
2026-05-13,HC-004,4,64.48
2026-05-13,HC-005,4,101.92
2026-05-13,HC-006,5,85.28
2026-05-13,HC-007,5,29.12
2026-05-13,HC-008,7,64.48
2026-05-13,HC-009,2,140.40
2026-05-13,HC-010,9,22.88
2026-05-13,HW-001,6,89.25
2026-05-13,HW-002,4,288.75
2026-05-13,HW-003,3,102.90
2026-05-13,HW-004,3,719.25
2026-05-13,HW-005,1,50.40
2026-05-13,HW-006,2,29.40
2026-05-13,HW-008,3,131.25
2026-05-13,HW-009,1,624.75
2026-05-13,HW-010,19,16.80
2026-05-13,PC-001,11,52.00
2026-05-13,PC-002,8,32.00
2026-05-13,PC-003,3,68.00
2026-05-13,PC-005,6,95.00
2026-05-13,PC-006,2,135.00
2026-05-13,PC-007,5,38.00
2026-05-13,PC-008,2,79.00
2026-05-13,PC-009,6,49.00
2026-05-13,PC-010,5,120.00
2026-05-13,SO-001,21,30.00
2026-05-13,SO-002,7,90.00
2026-05-13,SO-004,8,72.00
2026-05-13,SO-005,15,85.00
2026-05-13,SO-006,9,95.00
2026-05-13,SO-007,4,45.00
2026-05-13,SO-008,5,35.00
2026-05-13,SO-009,1,78.00
2026-05-14,FB-001,22,131.25
2026-05-14,FB-002,79,14.70
2026-05-14,FB-003,16,25.20
2026-05-14,FB-004,16,81.90
2026-05-14,FB-005,1,120.75
2026-05-14,FB-006,29,69.30
2026-05-14,FB-007,9,288.75
2026-05-14,FB-008,7,35.70
2026-05-14,FB-009,19,71.40
2026-05-14,FB-010,8,162.75
2026-05-14,HC-001,14,57.20
2026-05-14,HC-002,6,119.60
2026-05-14,HC-003,10,43.68
2026-05-14,HC-004,3,64.48
2026-05-14,HC-005,9,101.92
2026-05-14,HC-006,4,85.28
2026-05-14,HC-007,8,29.12
2026-05-14,HC-008,1,64.48
2026-05-14,HC-009,4,140.40
2026-05-14,HC-010,14,22.88
2026-05-14,HW-001,4,89.25
2026-05-14,HW-002,9,288.75
2026-05-14,HW-003,4,102.90
2026-05-14,HW-004,3,719.25
2026-05-14,HW-005,4,50.40
2026-05-14,HW-006,2,29.40
2026-05-14,HW-007,1,39.90
2026-05-14,HW-008,3,131.25
2026-05-14,HW-010,28,16.80
2026-05-14,PC-001,17,52.00
2026-05-14,PC-002,13,32.00
2026-05-14,PC-003,6,68.00
2026-05-14,PC-004,2,38.00
2026-05-14,PC-005,9,95.00
2026-05-14,PC-006,3,135.00
2026-05-14,PC-007,6,38.00
2026-05-14,PC-008,4,79.00
2026-05-14,PC-009,10,49.00
2026-05-14,PC-010,4,120.00
2026-05-14,SO-001,3,30.00
2026-05-14,SO-002,4,90.00
2026-05-14,SO-004,12,72.00
2026-05-14,SO-005,5,85.00
2026-05-14,SO-007,5,45.00
2026-05-14,SO-008,7,35.00
2026-05-14,SO-009,3,78.00
2026-05-14,SO-010,2,595.00
2026-05-15,FB-001,30,131.25
2026-05-15,FB-002,69,14.70
2026-05-15,FB-003,32,25.20
2026-05-15,FB-004,10,81.90
2026-05-15,FB-006,28,69.30
2026-05-15,FB-007,8,288.75
2026-05-15,FB-008,6,35.70
2026-05-15,FB-009,47,71.40
2026-05-15,FB-010,18,162.75
2026-05-15,HC-001,16,57.20
2026-05-15,HC-002,9,119.60
2026-05-15,HC-003,4,43.68
2026-05-15,HC-004,4,64.48
2026-05-15,HC-005,4,101.92
2026-05-15,HC-006,1,85.28
2026-05-15,HC-007,10,29.12
2026-05-15,HC-008,14,64.48
2026-05-15,HC-009,1,140.40
2026-05-15,HC-010,19,22.88
2026-05-15,HW-001,2,89.25
2026-05-15,HW-002,7,288.75
2026-05-15,HW-003,4,102.90
2026-05-15,HW-004,2,719.25
2026-05-15,HW-005,1,50.40
2026-05-15,HW-006,3,29.40
2026-05-15,HW-010,18,16.80
2026-05-15,PC-001,9,52.00
2026-05-15,PC-002,10,32.00
2026-05-15,PC-003,6,68.00
2026-05-15,PC-004,4,38.00
2026-05-15,PC-005,3,95.00
2026-05-15,PC-006,1,135.00
2026-05-15,PC-007,2,38.00
2026-05-15,PC-008,1,79.00
2026-05-15,PC-009,6,49.00
2026-05-15,PC-010,2,120.00
2026-05-15,SO-002,6,90.00
2026-05-15,SO-003,15,260.00
2026-05-15,SO-004,8,72.00
2026-05-15,SO-006,9,95.00
2026-05-15,SO-007,6,45.00
2026-05-15,SO-009,1,78.00
2026-05-15,SO-010,4,595.00
2026-05-16,FB-001,24,131.25
2026-05-16,FB-002,99,14.70
2026-05-16,FB-003,25,25.20
2026-05-16,FB-004,16,81.90
2026-05-16,FB-005,29,120.75
2026-05-16,FB-006,40,69.30
2026-05-16,FB-007,15,288.75
2026-05-16,FB-008,8,35.70
2026-05-16,FB-009,37,71.40
2026-05-16,FB-010,11,162.75
2026-05-16,HC-001,19,57.20
2026-05-16,HC-003,13,43.68
2026-05-16,HC-004,8,64.48
2026-05-16,HC-005,12,101.92
2026-05-16,HC-006,4,85.28
2026-05-16,HC-007,7,29.12
2026-05-16,HC-008,6,64.48
2026-05-16,HC-009,4,140.40
2026-05-16,HC-010,24,22.88
2026-05-16,HW-001,5,89.25
2026-05-16,HW-002,11,288.75
2026-05-16,HW-003,2,102.90
2026-05-16,HW-004,1,719.25
2026-05-16,HW-005,2,50.40
2026-05-16,HW-006,2,29.40
2026-05-16,HW-007,1,39.90
2026-05-16,HW-008,2,131.25
2026-05-16,HW-010,16,16.80
2026-05-16,PC-001,12,52.00
2026-05-16,PC-002,9,32.00
2026-05-16,PC-003,8,68.00
2026-05-16,PC-004,8,38.00
2026-05-16,PC-006,2,135.00
2026-05-16,PC-007,4,38.00
2026-05-16,PC-008,1,79.00
2026-05-16,PC-009,8,49.00
2026-05-16,PC-010,3,120.00
2026-05-16,SO-002,6,90.00
2026-05-16,SO-003,8,260.00
2026-05-16,SO-004,6,72.00
2026-05-16,SO-006,4,95.00
2026-05-16,SO-007,3,45.00
2026-05-16,SO-009,5,78.00
2026-05-16,SO-010,2,595.00
2026-05-17,FB-001,20,131.25
2026-05-17,FB-002,63,14.70
2026-05-17,FB-003,23,25.20
2026-05-17,FB-004,13,81.90
2026-05-17,FB-005,20,120.75
2026-05-17,FB-006,30,69.30
2026-05-17,FB-007,9,288.75
2026-05-17,FB-008,5,35.70
2026-05-17,FB-009,33,71.40
2026-05-17,FB-010,8,162.75
2026-05-17,HC-001,10,57.20
2026-05-17,HC-002,10,119.60
2026-05-17,HC-003,3,43.68
2026-05-17,HC-004,5,64.48
2026-05-17,HC-005,3,101.92
2026-05-17,HC-006,2,85.28
2026-05-17,HC-007,11,29.12
2026-05-17,HC-008,8,64.48
2026-05-17,HC-009,6,140.40
2026-05-17,HC-010,18,22.88
2026-05-17,HW-001,1,89.25
2026-05-17,HW-002,3,288.75
2026-05-17,HW-003,1,102.90
2026-05-17,HW-004,1,719.25
2026-05-17,HW-005,1,50.40
2026-05-17,HW-006,2,29.40
2026-05-17,PC-001,9,52.00
2026-05-17,PC-002,6,32.00
2026-05-17,PC-003,5,68.00
2026-05-17,PC-004,3,38.00
2026-05-17,PC-007,4,38.00
2026-05-17,PC-008,2,79.00
2026-05-17,PC-009,10,49.00
2026-05-17,PC-010,2,120.00
2026-05-17,SO-001,23,30.00
2026-05-17,SO-002,10,90.00
2026-05-17,SO-003,4,260.00
2026-05-17,SO-004,9,72.00
2026-05-17,SO-006,3,95.00
2026-05-17,SO-007,4,45.00
2026-05-17,SO-010,1,595.00
2026-05-18,FB-001,20,131.25
2026-05-18,FB-002,31,14.70
2026-05-18,FB-003,20,25.20
2026-05-18,FB-004,4,81.90
2026-05-18,FB-005,14,120.75
2026-05-18,FB-006,21,69.30
2026-05-18,FB-007,6,288.75
2026-05-18,FB-008,9,35.70
2026-05-18,FB-009,23,71.40
2026-05-18,FB-010,4,162.75
2026-05-18,HC-001,8,57.20
2026-05-18,HC-002,11,119.60
2026-05-18,HC-003,6,43.68
2026-05-18,HC-005,3,101.92
2026-05-18,HC-007,8,29.12
2026-05-18,HC-008,2,64.48
2026-05-18,HC-009,1,140.40
2026-05-18,HC-010,8,22.88
2026-05-18,HW-001,5,89.25
2026-05-18,HW-002,9,288.75
2026-05-18,HW-003,3,102.90
2026-05-18,HW-004,3,719.25
2026-05-18,HW-005,1,50.40
2026-05-18,HW-006,3,29.40
2026-05-18,PC-001,16,52.00
2026-05-18,PC-002,15,32.00
2026-05-18,PC-003,4,68.00
2026-05-18,PC-004,2,38.00
2026-05-18,PC-006,2,135.00
2026-05-18,PC-007,1,38.00
2026-05-18,PC-008,6,79.00
2026-05-18,PC-009,8,49.00
2026-05-18,SO-001,43,30.00
2026-05-18,SO-002,14,90.00
2026-05-18,SO-003,12,260.00
2026-05-18,SO-004,11,72.00
2026-05-18,SO-006,12,95.00
2026-05-18,SO-007,5,45.00
2026-05-18,SO-008,10,35.00
2026-05-18,SO-009,5,78.00
2026-05-18,SO-010,3,595.00
2026-05-19,FB-001,15,131.25
2026-05-19,FB-003,13,25.20
2026-05-19,FB-004,7,81.90
2026-05-19,FB-005,15,120.75
2026-05-19,FB-006,26,69.30
2026-05-19,FB-007,6,288.75
2026-05-19,FB-008,12,35.70
2026-05-19,FB-009,23,71.40
2026-05-19,FB-010,6,162.75
2026-05-19,HC-001,6,57.20
2026-05-19,HC-002,10,119.60
2026-05-19,HC-003,6,43.68
2026-05-19,HC-004,2,64.48
2026-05-19,HC-005,3,101.92
2026-05-19,HC-006,6,85.28
2026-05-19,HC-007,9,29.12
2026-05-19,HC-008,6,64.48
2026-05-19,HC-009,3,140.40
2026-05-19,HC-010,8,22.88
2026-05-19,HW-002,1,288.75
2026-05-19,HW-003,1,102.90
2026-05-19,HW-005,1,50.40
2026-05-19,HW-006,4,29.40
2026-05-19,HW-007,1,39.90
2026-05-19,HW-009,1,624.75
2026-05-19,PC-001,10,52.00
2026-05-19,PC-002,9,32.00
2026-05-19,PC-003,6,68.00
2026-05-19,PC-004,3,38.00
2026-05-19,PC-005,4,95.00
2026-05-19,PC-006,1,135.00
2026-05-19,PC-007,7,38.00
2026-05-19,PC-008,5,79.00
2026-05-19,PC-009,9,49.00
2026-05-19,PC-010,3,120.00
2026-05-19,SO-001,46,30.00
2026-05-19,SO-002,17,90.00
2026-05-19,SO-003,11,260.00
2026-05-19,SO-005,7,85.00
2026-05-19,SO-006,7,95.00
2026-05-19,SO-007,7,45.00
2026-05-19,SO-008,12,35.00
2026-05-19,SO-009,6,78.00
2026-05-19,SO-010,2,595.00
2026-05-20,FB-001,17,131.25
2026-05-20,FB-002,57,14.70
2026-05-20,FB-003,17,25.20
2026-05-20,FB-004,12,81.90
2026-05-20,FB-005,11,120.75
2026-05-20,FB-006,24,69.30
2026-05-20,FB-007,5,288.75
2026-05-20,FB-008,13,35.70
2026-05-20,FB-009,20,71.40
2026-05-20,FB-010,5,162.75
2026-05-20,HC-001,7,57.20
2026-05-20,HC-002,7,119.60
2026-05-20,HC-003,3,43.68
2026-05-20,HC-004,1,64.48
2026-05-20,HC-005,1,101.92
2026-05-20,HC-006,2,85.28
2026-05-20,HC-007,7,29.12
2026-05-20,HC-008,14,64.48
2026-05-20,HC-009,5,140.40
2026-05-20,HC-010,9,22.88
2026-05-20,HW-002,8,288.75
2026-05-20,HW-003,2,102.90
2026-05-20,HW-004,2,719.25
2026-05-20,HW-008,1,131.25
2026-05-20,HW-010,11,16.80
2026-05-20,PC-001,11,52.00
2026-05-20,PC-002,7,32.00
2026-05-20,PC-003,2,68.00
2026-05-20,PC-004,3,38.00
2026-05-20,PC-005,3,95.00
2026-05-20,PC-006,4,135.00
2026-05-20,PC-007,5,38.00
2026-05-20,PC-008,2,79.00
2026-05-20,PC-009,7,49.00
2026-05-20,PC-010,1,120.00
2026-05-20,SO-001,34,30.00
2026-05-20,SO-002,10,90.00
2026-05-20,SO-005,6,85.00
2026-05-20,SO-006,5,95.00
2026-05-20,SO-007,4,45.00
2026-05-20,SO-008,8,35.00
2026-05-20,SO-009,3,78.00
2026-05-20,SO-010,2,595.00
2026-05-21,FB-001,22,131.25
2026-05-21,FB-002,47,14.70
2026-05-21,FB-003,14,25.20
2026-05-21,FB-004,12,81.90
2026-05-21,FB-005,17,120.75
2026-05-21,FB-006,39,69.30
2026-05-21,FB-007,4,288.75
2026-05-21,FB-008,4,35.70
2026-05-21,FB-009,26,71.40
2026-05-21,FB-010,7,162.75
2026-05-21,HC-001,11,57.20
2026-05-21,HC-002,6,119.60
2026-05-21,HC-003,7,43.68
2026-05-21,HC-004,5,64.48
2026-05-21,HC-005,2,101.92
2026-05-21,HC-006,6,85.28
2026-05-21,HC-007,6,29.12
2026-05-21,HC-008,9,64.48
2026-05-21,HC-009,3,140.40
2026-05-21,HC-010,11,22.88
2026-05-21,HW-001,4,89.25
2026-05-21,HW-002,4,288.75
2026-05-21,HW-003,1,102.90
2026-05-21,HW-004,4,719.25
2026-05-21,HW-005,1,50.40
2026-05-21,HW-006,2,29.40
2026-05-21,HW-007,1,39.90
2026-05-21,HW-008,1,131.25
2026-05-21,HW-010,9,16.80
2026-05-21,PC-001,11,52.00
2026-05-21,PC-002,7,32.00
2026-05-21,PC-003,1,68.00
2026-05-21,PC-004,2,38.00
2026-05-21,PC-005,1,95.00
2026-05-21,PC-007,2,38.00
2026-05-21,PC-008,3,79.00
2026-05-21,PC-009,6,49.00
2026-05-21,PC-010,1,120.00
2026-05-21,SO-001,35,30.00
2026-05-21,SO-005,8,85.00
2026-05-21,SO-007,5,45.00
2026-05-21,SO-008,4,35.00
2026-05-21,SO-009,4,78.00
2026-05-21,SO-010,1,595.00
2026-05-22,FB-001,13,131.25
2026-05-22,FB-002,77,14.70
2026-05-22,FB-003,16,25.20
2026-05-22,FB-004,19,81.90
2026-05-22,FB-005,13,120.75
2026-05-22,FB-006,33,69.30
2026-05-22,FB-007,8,288.75
2026-05-22,FB-008,8,35.70
2026-05-22,FB-009,43,71.40
2026-05-22,FB-010,7,162.75
2026-05-22,HC-001,5,57.20
2026-05-22,HC-002,10,119.60
2026-05-22,HC-003,2,43.68
2026-05-22,HC-004,2,64.48
2026-05-22,HC-005,3,101.92
2026-05-22,HC-006,3,85.28
2026-05-22,HC-007,7,29.12
2026-05-22,HC-008,9,64.48
2026-05-22,HC-009,4,140.40
2026-05-22,HC-010,25,22.88
2026-05-22,HW-001,4,89.25
2026-05-22,HW-002,7,288.75
2026-05-22,HW-003,3,102.90
2026-05-22,HW-004,4,719.25
2026-05-22,HW-008,1,131.25
2026-05-22,HW-009,3,624.75
2026-05-22,HW-010,7,16.80
2026-05-22,PC-001,10,52.00
2026-05-22,PC-002,11,32.00
2026-05-22,PC-003,3,68.00
2026-05-22,PC-004,7,38.00
2026-05-22,PC-005,5,95.00
2026-05-22,PC-006,3,135.00
2026-05-22,PC-007,8,38.00
2026-05-22,PC-008,3,79.00
2026-05-22,PC-009,8,49.00
2026-05-22,PC-010,1,120.00
2026-05-22,SO-001,19,30.00
2026-05-22,SO-003,13,260.00
2026-05-22,SO-005,7,85.00
2026-05-22,SO-007,8,45.00
2026-05-22,SO-008,13,35.00
2026-05-22,SO-009,6,78.00
2026-05-22,SO-010,3,595.00
2026-05-23,FB-001,23,131.25
2026-05-23,FB-002,72,14.70
2026-05-23,FB-003,29,25.20
2026-05-23,FB-004,22,81.90
2026-05-23,FB-005,20,120.75
2026-05-23,FB-006,45,69.30
2026-05-23,FB-007,11,288.75
2026-05-23,FB-008,13,35.70
2026-05-23,FB-009,34,71.40
2026-05-23,FB-010,7,162.75
2026-05-23,HC-001,14,57.20
2026-05-23,HC-002,14,119.60
2026-05-23,HC-003,6,43.68
2026-05-23,HC-004,2,64.48
2026-05-23,HC-005,3,101.92
2026-05-23,HC-006,3,85.28
2026-05-23,HC-007,7,29.12
2026-05-23,HC-008,7,64.48
2026-05-23,HC-009,1,140.40
2026-05-23,HC-010,18,22.88
2026-05-23,HW-001,4,89.25
2026-05-23,HW-002,4,288.75
2026-05-23,HW-003,1,102.90
2026-05-23,HW-004,3,719.25
2026-05-23,HW-005,1,50.40
2026-05-23,HW-006,3,29.40
2026-05-23,HW-007,1,39.90
2026-05-23,HW-008,3,131.25
2026-05-23,HW-010,9,16.80
2026-05-23,PC-001,12,52.00
2026-05-23,PC-002,7,32.00
2026-05-23,PC-003,7,68.00
2026-05-23,PC-004,8,38.00
2026-05-23,PC-005,5,95.00
2026-05-23,PC-006,4,135.00
2026-05-23,PC-007,5,38.00
2026-05-23,PC-008,4,79.00
2026-05-23,PC-009,4,49.00
2026-05-23,PC-010,1,120.00
2026-05-23,SO-003,7,260.00
2026-05-23,SO-004,7,72.00
2026-05-23,SO-005,2,85.00
2026-05-23,SO-006,4,95.00
2026-05-23,SO-007,5,45.00
2026-05-23,SO-008,9,35.00
2026-05-23,SO-009,1,78.00
2026-05-24,FB-001,19,131.25
2026-05-24,FB-002,81,14.70
2026-05-24,FB-003,20,25.20
2026-05-24,FB-004,14,81.90
2026-05-24,FB-005,16,120.75
2026-05-24,FB-006,34,69.30
2026-05-24,FB-007,9,288.75
2026-05-24,FB-008,10,35.70
2026-05-24,FB-009,27,71.40
2026-05-24,FB-010,8,162.75
2026-05-24,HC-001,11,57.20
2026-05-24,HC-002,9,119.60
2026-05-24,HC-003,4,43.68
2026-05-24,HC-004,9,64.48
2026-05-24,HC-005,9,101.92
2026-05-24,HC-006,1,85.28
2026-05-24,HC-007,7,29.12
2026-05-24,HC-008,10,64.48
2026-05-24,HC-009,2,140.40
2026-05-24,HC-010,14,22.88
2026-05-24,HW-002,7,288.75
2026-05-24,HW-003,1,102.90
2026-05-24,HW-004,1,719.25
2026-05-24,HW-010,3,16.80
2026-05-24,PC-001,7,52.00
2026-05-24,PC-002,12,32.00
2026-05-24,PC-003,6,68.00
2026-05-24,PC-004,4,38.00
2026-05-24,PC-007,4,38.00
2026-05-24,PC-008,4,79.00
2026-05-24,PC-009,8,49.00
2026-05-24,PC-010,2,120.00
2026-05-24,SO-003,9,260.00
2026-05-24,SO-004,6,72.00
2026-05-24,SO-005,2,85.00
2026-05-24,SO-006,2,95.00
2026-05-24,SO-007,2,45.00
2026-05-24,SO-008,4,35.00
2026-05-24,SO-009,4,78.00
2026-05-24,SO-010,2,595.00
2026-05-25,FB-002,54,14.70
2026-05-25,FB-003,23,25.20
2026-05-25,FB-004,19,81.90
2026-05-25,FB-005,12,120.75
2026-05-25,FB-006,26,69.30
2026-05-25,FB-007,3,288.75
2026-05-25,FB-008,8,35.70
2026-05-25,FB-009,22,71.40
2026-05-25,FB-010,3,162.75
2026-05-25,HC-001,8,57.20
2026-05-25,HC-002,5,119.60
2026-05-25,HC-003,3,43.68
2026-05-25,HC-004,2,64.48
2026-05-25,HC-005,6,101.92
2026-05-25,HC-006,3,85.28
2026-05-25,HC-007,6,29.12
2026-05-25,HC-008,18,64.48
2026-05-25,HC-009,2,140.40
2026-05-25,HC-010,11,22.88
2026-05-25,HW-001,3,89.25
2026-05-25,HW-002,6,288.75
2026-05-25,HW-003,1,102.90
2026-05-25,HW-004,2,719.25
2026-05-25,HW-006,1,29.40
2026-05-25,HW-008,1,131.25
2026-05-25,HW-009,1,624.75
2026-05-25,HW-010,13,16.80
2026-05-25,PC-001,6,52.00
2026-05-25,PC-002,9,32.00
2026-05-25,PC-003,6,68.00
2026-05-25,PC-004,1,38.00
2026-05-25,PC-005,6,95.00
2026-05-25,PC-006,3,135.00
2026-05-25,PC-007,2,38.00
2026-05-25,PC-008,4,79.00
2026-05-25,PC-009,6,49.00
2026-05-25,PC-010,2,120.00
2026-05-25,SO-003,17,260.00
2026-05-25,SO-004,16,72.00
2026-05-25,SO-005,7,85.00
2026-05-25,SO-006,11,95.00
2026-05-25,SO-008,17,35.00
2026-05-25,SO-009,3,78.00
2026-05-25,SO-010,3,595.00
2026-05-26,FB-001,9,131.25
2026-05-26,FB-002,55,14.70
2026-05-26,FB-003,18,25.20
2026-05-26,FB-004,7,81.90
2026-05-26,FB-005,11,120.75
2026-05-26,FB-006,31,69.30
2026-05-26,FB-007,2,288.75
2026-05-26,FB-008,5,35.70
2026-05-26,FB-009,22,71.40
2026-05-26,FB-010,7,162.75
2026-05-26,HC-001,8,57.20
2026-05-26,HC-002,9,119.60
2026-05-26,HC-003,4,43.68
2026-05-26,HC-005,4,101.92
2026-05-26,HC-006,1,85.28
2026-05-26,HC-007,2,29.12
2026-05-26,HC-008,5,64.48
2026-05-26,HC-009,1,140.40
2026-05-26,HC-010,18,22.88
2026-05-26,HW-001,3,89.25
2026-05-26,HW-002,5,288.75
2026-05-26,HW-003,3,102.90
2026-05-26,HW-005,2,50.40
2026-05-26,HW-007,1,39.90
2026-05-26,HW-010,15,16.80
2026-05-26,PC-001,14,52.00
2026-05-26,PC-002,6,32.00
2026-05-26,PC-003,8,68.00
2026-05-26,PC-004,7,38.00
2026-05-26,PC-005,2,95.00
2026-05-26,PC-006,1,135.00
2026-05-26,PC-007,3,38.00
2026-05-26,PC-008,4,79.00
2026-05-26,PC-009,5,49.00
2026-05-26,PC-010,2,120.00
2026-05-26,SO-003,4,260.00
2026-05-26,SO-004,15,72.00
2026-05-26,SO-005,3,85.00
2026-05-26,SO-006,3,95.00
2026-05-26,SO-008,12,35.00
2026-05-26,SO-009,7,78.00
2026-05-27,FB-001,8,131.25
2026-05-27,FB-002,56,14.70
2026-05-27,FB-003,22,25.20
2026-05-27,FB-004,10,81.90
2026-05-27,FB-005,13,120.75
2026-05-27,FB-006,24,69.30
2026-05-27,FB-007,7,288.75
2026-05-27,FB-008,5,35.70
2026-05-27,FB-009,15,71.40
2026-05-27,FB-010,12,162.75
2026-05-27,HC-001,12,57.20
2026-05-27,HC-002,9,119.60
2026-05-27,HC-003,10,43.68
2026-05-27,HC-004,8,64.48
2026-05-27,HC-005,2,101.92
2026-05-27,HC-006,1,85.28
2026-05-27,HC-007,7,29.12
2026-05-27,HC-008,10,64.48
2026-05-27,HC-009,4,140.40
2026-05-27,HC-010,16,22.88
2026-05-27,HW-001,3,89.25
2026-05-27,HW-002,8,288.75
2026-05-27,HW-003,1,102.90
2026-05-27,HW-004,2,719.25
2026-05-27,HW-005,3,50.40
2026-05-27,HW-006,1,29.40
2026-05-27,HW-010,8,16.80
2026-05-27,PC-001,9,52.00
2026-05-27,PC-002,10,32.00
2026-05-27,PC-003,6,68.00
2026-05-27,PC-004,2,38.00
2026-05-27,PC-005,8,95.00
2026-05-27,PC-006,4,135.00
2026-05-27,PC-007,1,38.00
2026-05-27,PC-008,4,79.00
2026-05-27,PC-009,12,49.00
2026-05-27,PC-010,1,120.00
2026-05-27,SO-001,46,30.00
2026-05-27,SO-004,13,72.00
2026-05-27,SO-006,6,95.00
2026-05-27,SO-008,12,35.00
2026-05-27,SO-009,5,78.00
2026-05-27,SO-010,2,595.00
2026-05-28,FB-001,9,131.25
2026-05-28,FB-002,68,14.70
2026-05-28,FB-003,21,25.20
2026-05-28,FB-004,8,81.90
2026-05-28,FB-005,12,120.75
2026-05-28,FB-006,27,69.30
2026-05-28,FB-007,4,288.75
2026-05-28,FB-008,15,35.70
2026-05-28,FB-009,23,71.40
2026-05-28,FB-010,5,162.75
2026-05-28,HC-001,11,57.20
2026-05-28,HC-002,14,119.60
2026-05-28,HC-003,4,43.68
2026-05-28,HC-004,6,64.48
2026-05-28,HC-005,3,101.92
2026-05-28,HC-006,1,85.28
2026-05-28,HC-007,7,29.12
2026-05-28,HC-008,6,64.48
2026-05-28,HC-009,1,140.40
2026-05-28,HC-010,16,22.88
2026-05-28,HW-001,4,89.25
2026-05-28,HW-002,9,288.75
2026-05-28,HW-003,1,102.90
2026-05-28,HW-004,2,719.25
2026-05-28,HW-006,4,29.40
2026-05-28,HW-007,2,39.90
2026-05-28,HW-010,13,16.80
2026-05-28,PC-001,14,52.00
2026-05-28,PC-002,9,32.00
2026-05-28,PC-003,11,68.00
2026-05-28,PC-004,11,38.00
2026-05-28,PC-005,3,95.00
2026-05-28,PC-006,1,135.00
2026-05-28,PC-007,3,38.00
2026-05-28,PC-008,3,79.00
2026-05-28,PC-009,6,49.00
2026-05-28,PC-010,3,120.00
2026-05-28,SO-001,48,30.00
2026-05-28,SO-002,15,90.00
2026-05-28,SO-004,11,72.00
2026-05-28,SO-005,12,85.00
2026-05-28,SO-006,6,95.00
2026-05-28,SO-008,6,35.00
2026-05-28,SO-009,4,78.00
2026-05-28,SO-010,3,595.00
2026-05-29,FB-001,14,131.25
2026-05-29,FB-002,80,14.70
2026-05-29,FB-003,27,25.20
2026-05-29,FB-004,6,81.90
2026-05-29,FB-005,17,120.75
2026-05-29,FB-006,36,69.30
2026-05-29,FB-007,14,288.75
2026-05-29,FB-008,18,35.70
2026-05-29,FB-009,18,71.40
2026-05-29,FB-010,7,162.75
2026-05-29,HC-001,11,57.20
2026-05-29,HC-002,10,119.60
2026-05-29,HC-003,5,43.68
2026-05-29,HC-004,5,64.48
2026-05-29,HC-005,7,101.92
2026-05-29,HC-007,7,29.12
2026-05-29,HC-008,10,64.48
2026-05-29,HC-009,2,140.40
2026-05-29,HC-010,16,22.88
2026-05-29,HW-001,2,89.25
2026-05-29,HW-002,10,288.75
2026-05-29,HW-003,1,102.90
2026-05-29,HW-004,2,719.25
2026-05-29,HW-005,1,50.40
2026-05-29,HW-006,3,29.40
2026-05-29,HW-007,2,39.90
2026-05-29,HW-008,1,131.25
2026-05-29,HW-010,15,16.80
2026-05-29,PC-001,12,52.00
2026-05-29,PC-002,10,32.00
2026-05-29,PC-003,6,68.00
2026-05-29,PC-004,6,38.00
2026-05-29,PC-005,4,95.00
2026-05-29,PC-006,1,135.00
2026-05-29,PC-007,4,38.00
2026-05-29,PC-008,6,79.00
2026-05-29,PC-009,10,49.00
2026-05-29,SO-001,46,30.00
2026-05-29,SO-002,14,90.00
2026-05-29,SO-004,2,72.00
2026-05-29,SO-005,8,85.00
2026-05-29,SO-006,4,95.00
2026-05-29,SO-007,3,45.00
2026-05-29,SO-008,1,35.00
2026-05-29,SO-009,7,78.00
2026-05-29,SO-010,2,595.00
2026-05-30,FB-001,27,131.25
2026-05-30,FB-002,108,14.70
2026-05-30,FB-003,53,25.20
2026-05-30,FB-004,22,81.90
2026-05-30,FB-005,18,120.75
2026-05-30,FB-006,58,69.30
2026-05-30,FB-007,16,288.75
2026-05-30,FB-008,21,35.70
2026-05-30,FB-009,36,71.40
2026-05-30,FB-010,16,162.75
2026-05-30,HC-001,20,57.20
2026-05-30,HC-002,14,119.60
2026-05-30,HC-003,4,43.68
2026-05-30,HC-004,5,64.48
2026-05-30,HC-005,5,101.92
2026-05-30,HC-006,3,85.28
2026-05-30,HC-007,10,29.12
2026-05-30,HC-008,17,64.48
2026-05-30,HC-009,5,140.40
2026-05-30,HC-010,26,22.88
2026-05-30,HW-001,10,89.25
2026-05-30,HW-002,12,288.75
2026-05-30,HW-003,2,102.90
2026-05-30,HW-004,2,719.25
2026-05-30,HW-005,1,50.40
2026-05-30,HW-006,2,29.40
2026-05-30,HW-007,1,39.90
2026-05-30,HW-009,1,624.75
2026-05-30,HW-010,26,16.80
2026-05-30,PC-001,18,52.00
2026-05-30,PC-002,11,32.00
2026-05-30,PC-003,5,68.00
2026-05-30,PC-004,5,38.00
2026-05-30,PC-005,5,95.00
2026-05-30,PC-006,3,135.00
2026-05-30,PC-007,5,38.00
2026-05-30,PC-008,6,79.00
2026-05-30,PC-009,5,49.00
2026-05-30,PC-010,3,120.00
2026-05-30,SO-001,38,30.00
2026-05-30,SO-002,9,90.00
2026-05-30,SO-003,9,260.00
2026-05-30,SO-004,14,72.00
2026-05-30,SO-005,7,85.00
2026-05-30,SO-006,4,95.00
2026-05-30,SO-007,6,45.00
2026-05-30,SO-009,3,78.00
2026-05-30,SO-010,2,595.00
2026-05-31,FB-001,25,131.25
2026-05-31,FB-002,13,14.70
2026-05-31,FB-003,43,25.20
2026-05-31,FB-004,19,81.90
2026-05-31,FB-005,10,120.75
2026-05-31,FB-006,48,69.30
2026-05-31,FB-007,12,288.75
2026-05-31,FB-008,15,35.70
2026-05-31,FB-009,52,71.40
2026-05-31,FB-010,12,162.75
2026-05-31,HC-001,27,57.20
2026-05-31,HC-002,10,119.60
2026-05-31,HC-003,10,43.68
2026-05-31,HC-004,8,64.48
2026-05-31,HC-005,9,101.92
2026-05-31,HC-006,7,85.28
2026-05-31,HC-007,7,29.12
2026-05-31,HC-008,12,64.48
2026-05-31,HC-009,3,140.40
2026-05-31,HC-010,21,22.88
2026-05-31,HW-001,2,89.25
2026-05-31,HW-004,1,719.25
2026-05-31,HW-005,1,50.40
2026-05-31,HW-006,2,29.40
2026-05-31,HW-010,8,16.80
2026-05-31,PC-001,13,52.00
2026-05-31,PC-002,7,32.00
2026-05-31,PC-003,4,68.00
2026-05-31,PC-004,6,38.00
2026-05-31,PC-005,10,95.00
2026-05-31,PC-006,3,135.00
2026-05-31,PC-007,3,38.00
2026-05-31,PC-008,7,79.00
2026-05-31,PC-009,8,49.00
2026-05-31,PC-010,2,120.00
2026-05-31,SO-001,22,30.00
2026-05-31,SO-002,8,90.00
2026-05-31,SO-003,9,260.00
2026-05-31,SO-004,15,72.00
2026-05-31,SO-005,3,85.00
2026-05-31,SO-009,2,78.00
2026-06-01,FB-001,21,131.25
2026-06-01,FB-002,72,14.70
2026-06-01,FB-003,28,25.20
2026-06-01,FB-004,8,81.90
2026-06-01,FB-005,22,120.75
2026-06-01,FB-006,43,69.30
2026-06-01,FB-007,11,288.75
2026-06-01,FB-008,10,35.70
2026-06-01,FB-009,13,71.40
2026-06-01,FB-010,7,162.75
2026-06-01,HC-001,10,57.20
2026-06-01,HC-002,10,119.60
2026-06-01,HC-003,5,43.68
2026-06-01,HC-004,3,64.48
2026-06-01,HC-005,3,101.92
2026-06-01,HC-006,5,85.28
2026-06-01,HC-007,7,29.12
2026-06-01,HC-009,3,140.40
2026-06-01,HC-010,17,22.88
2026-06-01,HW-001,2,89.25
2026-06-01,HW-002,11,288.75
2026-06-01,HW-003,4,102.90
2026-06-01,HW-007,2,39.90
2026-06-01,HW-010,11,16.80
2026-06-01,PC-001,19,52.00
2026-06-01,PC-002,7,32.00
2026-06-01,PC-003,7,68.00
2026-06-01,PC-004,7,38.00
2026-06-01,PC-005,7,95.00
2026-06-01,PC-006,5,135.00
2026-06-01,PC-007,4,38.00
2026-06-01,PC-008,2,79.00
2026-06-01,PC-009,9,49.00
2026-06-01,SO-002,12,90.00
2026-06-01,SO-003,11,260.00
2026-06-01,SO-004,25,72.00
2026-06-01,SO-005,15,85.00
2026-06-01,SO-007,5,45.00
2026-06-01,SO-009,2,78.00
2026-06-01,SO-010,5,595.00
2026-06-02,FB-001,15,131.25
2026-06-02,FB-002,55,14.70
2026-06-02,FB-003,17,25.20
2026-06-02,FB-004,9,81.90
2026-06-02,FB-005,13,120.75
2026-06-02,FB-006,15,69.30
2026-06-02,FB-007,2,288.75
2026-06-02,FB-008,14,35.70
2026-06-02,FB-009,23,71.40
2026-06-02,FB-010,5,162.75
2026-06-02,HC-001,11,57.20
2026-06-02,HC-002,7,119.60
2026-06-02,HC-003,8,43.68
2026-06-02,HC-004,2,64.48
2026-06-02,HC-005,4,101.92
2026-06-02,HC-006,2,85.28
2026-06-02,HC-007,7,29.12
2026-06-02,HC-009,1,140.40
2026-06-02,HC-010,13,22.88
2026-06-02,HW-001,1,89.25
2026-06-02,HW-002,3,288.75
2026-06-02,HW-003,3,102.90
2026-06-02,HW-004,1,719.25
2026-06-02,HW-009,1,624.75
2026-06-02,HW-010,2,16.80
2026-06-02,PC-001,10,52.00
2026-06-02,PC-002,10,32.00
2026-06-02,PC-003,5,68.00
2026-06-02,PC-004,3,38.00
2026-06-02,PC-005,3,95.00
2026-06-02,PC-006,3,135.00
2026-06-02,PC-007,1,38.00
2026-06-02,PC-008,3,79.00
2026-06-02,PC-009,11,49.00
2026-06-02,PC-010,2,120.00
2026-06-02,SO-002,12,90.00
2026-06-02,SO-003,18,260.00
2026-06-02,SO-004,12,72.00
2026-06-02,SO-005,9,85.00
2026-06-02,SO-007,8,45.00
2026-06-02,SO-010,1,595.00
2026-06-03,FB-001,16,131.25
2026-06-03,FB-002,53,14.70
2026-06-03,FB-004,17,81.90
2026-06-03,FB-005,7,120.75
2026-06-03,FB-006,15,69.30
2026-06-03,FB-007,7,288.75
2026-06-03,FB-008,6,35.70
2026-06-03,FB-009,13,71.40
2026-06-03,FB-010,2,162.75
2026-06-03,HC-001,13,57.20
2026-06-03,HC-002,9,119.60
2026-06-03,HC-003,6,43.68
2026-06-03,HC-004,5,64.48
2026-06-03,HC-005,3,101.92
2026-06-03,HC-006,4,85.28
2026-06-03,HC-007,4,29.12
2026-06-03,HC-008,6,64.48
2026-06-03,HC-009,7,140.40
2026-06-03,HC-010,14,22.88
2026-06-03,HW-001,3,89.25
2026-06-03,HW-002,5,288.75
2026-06-03,HW-003,1,102.90
2026-06-03,HW-004,3,719.25
2026-06-03,HW-006,2,29.40
2026-06-03,HW-007,1,39.90
2026-06-03,HW-008,1,131.25
2026-06-03,HW-009,4,624.75
2026-06-03,PC-001,7,52.00
2026-06-03,PC-002,8,32.00
2026-06-03,PC-003,6,68.00
2026-06-03,PC-004,2,38.00
2026-06-03,PC-005,1,95.00
2026-06-03,PC-006,1,135.00
2026-06-03,PC-007,2,38.00
2026-06-03,PC-008,3,79.00
2026-06-03,PC-009,15,49.00
2026-06-03,PC-010,1,120.00
2026-06-03,SO-001,41,30.00
2026-06-03,SO-003,3,260.00
2026-06-03,SO-004,4,72.00
2026-06-03,SO-006,10,95.00
2026-06-03,SO-007,8,45.00
2026-06-03,SO-010,2,595.00
2026-06-04,FB-001,18,131.25
2026-06-04,FB-002,74,14.70
2026-06-04,FB-004,11,81.90
2026-06-04,FB-005,12,120.75
2026-06-04,FB-006,13,69.30
2026-06-04,FB-007,3,288.75
2026-06-04,FB-008,9,35.70
2026-06-04,FB-009,31,71.40
2026-06-04,FB-010,5,162.75
2026-06-04,HC-001,11,57.20
2026-06-04,HC-002,2,119.60
2026-06-04,HC-003,6,43.68
2026-06-04,HC-004,1,64.48
2026-06-04,HC-005,2,101.92
2026-06-04,HC-006,4,85.28
2026-06-04,HC-007,8,29.12
2026-06-04,HC-008,3,64.48
2026-06-04,HC-010,15,22.88
2026-06-04,HW-001,3,89.25
2026-06-04,HW-002,8,288.75
2026-06-04,HW-003,2,102.90
2026-06-04,HW-005,1,50.40
2026-06-04,HW-006,1,29.40
2026-06-04,HW-010,14,16.80
2026-06-04,PC-001,15,52.00
2026-06-04,PC-002,9,32.00
2026-06-04,PC-003,3,68.00
2026-06-04,PC-004,4,38.00
2026-06-04,PC-005,1,95.00
2026-06-04,PC-006,2,135.00
2026-06-04,PC-007,3,38.00
2026-06-04,PC-008,4,79.00
2026-06-04,PC-009,6,49.00
2026-06-04,PC-010,1,120.00
2026-06-04,SO-001,36,30.00
2026-06-04,SO-002,14,90.00
2026-06-04,SO-006,10,95.00
2026-06-04,SO-007,6,45.00
2026-06-04,SO-010,1,595.00
2026-06-05,FB-001,13,131.25
2026-06-05,FB-002,88,14.70
2026-06-05,FB-004,8,81.90
2026-06-05,FB-005,18,120.75
2026-06-05,FB-006,22,69.30
2026-06-05,FB-007,9,288.75
2026-06-05,FB-008,12,35.70
2026-06-05,FB-009,26,71.40
2026-06-05,FB-010,4,162.75
2026-06-05,HC-002,11,119.60
2026-06-05,HC-003,7,43.68
2026-06-05,HC-004,4,64.48
2026-06-05,HC-005,3,101.92
2026-06-05,HC-006,7,85.28
2026-06-05,HC-007,10,29.12
2026-06-05,HC-008,6,64.48
2026-06-05,HC-009,4,140.40
2026-06-05,HC-010,9,22.88
2026-06-05,HW-001,1,89.25
2026-06-05,HW-002,11,288.75
2026-06-05,HW-003,3,102.90
2026-06-05,HW-004,3,719.25
2026-06-05,HW-005,2,50.40
2026-06-05,HW-009,1,624.75
2026-06-05,HW-010,9,16.80
2026-06-05,PC-001,10,52.00
2026-06-05,PC-002,13,32.00
2026-06-05,PC-003,8,68.00
2026-06-05,PC-004,4,38.00
2026-06-05,PC-005,5,95.00
2026-06-05,PC-007,5,38.00
2026-06-05,PC-008,4,79.00
2026-06-05,PC-010,1,120.00
2026-06-05,SO-001,42,30.00
2026-06-05,SO-002,14,90.00
2026-06-05,SO-003,9,260.00
2026-06-05,SO-006,12,95.00
2026-06-05,SO-008,18,35.00
2026-06-05,SO-009,3,78.00
2026-06-05,SO-010,3,595.00
2026-06-06,FB-001,24,131.25
2026-06-06,FB-002,87,14.70
2026-06-06,FB-003,22,25.20
2026-06-06,FB-004,20,81.90
2026-06-06,FB-005,12,120.75
2026-06-06,FB-006,24,69.30
2026-06-06,FB-007,5,288.75
2026-06-06,FB-008,8,35.70
2026-06-06,FB-009,36,71.40
2026-06-06,FB-010,6,162.75
2026-06-06,HC-002,3,119.60
2026-06-06,HC-003,10,43.68
2026-06-06,HC-004,17,64.48
2026-06-06,HC-005,4,101.92
2026-06-06,HC-006,1,85.28
2026-06-06,HC-007,7,29.12
2026-06-06,HC-008,8,64.48
2026-06-06,HC-009,2,140.40
2026-06-06,HC-010,27,22.88
2026-06-06,HW-001,4,89.25
2026-06-06,HW-002,6,288.75
2026-06-06,HW-004,2,719.25
2026-06-06,HW-005,3,50.40
2026-06-06,HW-006,1,29.40
2026-06-06,HW-008,1,131.25
2026-06-06,HW-010,7,16.80
2026-06-06,PC-001,18,52.00
2026-06-06,PC-002,10,32.00
2026-06-06,PC-003,10,68.00
2026-06-06,PC-004,3,38.00
2026-06-06,PC-005,7,95.00
2026-06-06,PC-006,3,135.00
2026-06-06,PC-007,2,38.00
2026-06-06,PC-008,7,79.00
2026-06-06,PC-009,5,49.00
2026-06-06,PC-010,1,120.00
2026-06-06,SO-001,36,30.00
2026-06-06,SO-002,13,90.00
2026-06-06,SO-003,7,260.00
2026-06-06,SO-006,6,95.00
2026-06-06,SO-007,1,45.00
2026-06-06,SO-008,10,35.00
2026-06-06,SO-009,2,78.00
2026-06-06,SO-010,3,595.00
2026-06-07,FB-001,29,131.25
2026-06-07,FB-002,58,14.70
2026-06-07,FB-003,20,25.20
2026-06-07,FB-004,11,81.90
2026-06-07,FB-005,18,120.75
2026-06-07,FB-006,23,69.30
2026-06-07,FB-007,12,288.75
2026-06-07,FB-008,5,35.70
2026-06-07,FB-009,31,71.40
2026-06-07,FB-010,4,162.75
2026-06-07,HC-001,13,57.20
2026-06-07,HC-002,9,119.60
2026-06-07,HC-003,7,43.68
2026-06-07,HC-004,11,64.48
2026-06-07,HC-005,5,101.92
2026-06-07,HC-006,4,85.28
2026-06-07,HC-007,12,29.12
2026-06-07,HC-008,13,64.48
2026-06-07,HC-009,1,140.40
2026-06-07,HC-010,12,22.88
2026-06-07,HW-001,2,89.25
2026-06-07,HW-002,4,288.75
2026-06-07,HW-003,1,102.90
2026-06-07,HW-006,1,29.40
2026-06-07,HW-008,1,131.25
2026-06-07,HW-010,9,16.80
2026-06-07,PC-001,10,52.00
2026-06-07,PC-002,9,32.00
2026-06-07,PC-003,4,68.00
2026-06-07,PC-004,3,38.00
2026-06-07,PC-005,7,95.00
2026-06-07,PC-006,3,135.00
2026-06-07,PC-007,1,38.00
2026-06-07,PC-008,4,79.00
2026-06-07,PC-009,10,49.00
2026-06-07,SO-001,30,30.00
2026-06-07,SO-002,7,90.00
2026-06-07,SO-003,9,260.00
2026-06-07,SO-006,2,95.00
2026-06-07,SO-007,4,45.00
2026-06-07,SO-008,13,35.00
2026-06-07,SO-009,3,78.00
2026-06-07,SO-010,2,595.00
2026-06-08,FB-001,19,131.25
2026-06-08,FB-002,77,14.70
2026-06-08,FB-003,19,25.20
2026-06-08,FB-004,9,81.90
2026-06-08,FB-005,13,120.75
2026-06-08,FB-006,17,69.30
2026-06-08,FB-007,5,288.75
2026-06-08,FB-008,4,35.70
2026-06-08,FB-009,20,71.40
2026-06-08,FB-010,4,162.75
2026-06-08,HC-001,12,57.20
2026-06-08,HC-002,8,119.60
2026-06-08,HC-003,2,43.68
2026-06-08,HC-004,6,64.48
2026-06-08,HC-005,5,101.92
2026-06-08,HC-006,1,85.28
2026-06-08,HC-007,9,29.12
2026-06-08,HC-008,5,64.48
2026-06-08,HC-009,2,140.40
2026-06-08,HC-010,18,22.88
2026-06-08,HW-001,3,89.25
2026-06-08,HW-002,3,288.75
2026-06-08,HW-003,1,102.90
2026-06-08,HW-005,1,50.40
2026-06-08,HW-006,1,29.40
2026-06-08,HW-009,1,624.75
2026-06-08,HW-010,10,16.80
2026-06-08,PC-001,6,52.00
2026-06-08,PC-002,6,32.00
2026-06-08,PC-003,8,68.00
2026-06-08,PC-004,6,38.00
2026-06-08,PC-005,4,95.00
2026-06-08,PC-006,1,135.00
2026-06-08,PC-008,4,79.00
2026-06-08,PC-009,5,49.00
2026-06-08,PC-010,3,120.00
2026-06-08,SO-001,35,30.00
2026-06-08,SO-002,12,90.00
2026-06-08,SO-003,13,260.00
2026-06-08,SO-007,7,45.00
2026-06-08,SO-008,11,35.00
2026-06-08,SO-009,2,78.00
2026-06-08,SO-010,3,595.00
2026-06-09,FB-001,14,131.25
2026-06-09,FB-002,47,14.70
2026-06-09,FB-003,16,25.20
2026-06-09,FB-004,10,81.90
2026-06-09,FB-005,5,120.75
2026-06-09,FB-006,27,69.30
2026-06-09,FB-007,1,288.75
2026-06-09,FB-008,10,35.70
2026-06-09,FB-009,23,71.40
2026-06-09,FB-010,6,162.75
2026-06-09,HC-001,15,57.20
2026-06-09,HC-002,3,119.60
2026-06-09,HC-003,3,43.68
2026-06-09,HC-004,5,64.48
2026-06-09,HC-005,5,101.92
2026-06-09,HC-006,2,85.28
2026-06-09,HC-007,9,29.12
2026-06-09,HC-008,10,64.48
2026-06-09,HC-009,2,140.40
2026-06-09,HC-010,13,22.88
2026-06-09,HW-001,1,89.25
2026-06-09,HW-002,9,288.75
2026-06-09,HW-003,3,102.90
2026-06-09,HW-004,2,719.25
2026-06-09,HW-007,1,39.90
2026-06-09,HW-009,2,624.75
2026-06-09,HW-010,9,16.80
2026-06-09,PC-001,14,52.00
2026-06-09,PC-002,9,32.00
2026-06-09,PC-003,8,68.00
2026-06-09,PC-004,5,38.00
2026-06-09,PC-005,2,95.00
2026-06-09,PC-006,3,135.00
2026-06-09,PC-007,3,38.00
2026-06-09,PC-008,1,79.00
2026-06-09,PC-009,5,49.00
2026-06-09,SO-003,12,260.00
2026-06-09,SO-007,9,45.00
2026-06-09,SO-008,8,35.00
2026-06-09,SO-009,7,78.00
2026-06-09,SO-010,1,595.00
2026-06-10,FB-001,22,131.25
2026-06-10,FB-002,67,14.70
2026-06-10,FB-003,24,25.20
2026-06-10,FB-004,6,81.90
2026-06-10,FB-005,12,120.75
2026-06-10,FB-006,15,69.30
2026-06-10,FB-007,11,288.75
2026-06-10,FB-008,9,35.70
2026-06-10,FB-009,21,71.40
2026-06-10,FB-010,4,162.75
2026-06-10,HC-001,11,57.20
2026-06-10,HC-002,12,119.60
2026-06-10,HC-003,2,43.68
2026-06-10,HC-004,2,64.48
2026-06-10,HC-005,1,101.92
2026-06-10,HC-006,1,85.28
2026-06-10,HC-007,7,29.12
2026-06-10,HC-008,13,64.48
2026-06-10,HC-010,13,22.88
2026-06-10,HW-001,2,89.25
2026-06-10,HW-002,3,288.75
2026-06-10,HW-003,2,102.90
2026-06-10,HW-004,1,719.25
2026-06-10,HW-006,1,29.40
2026-06-10,HW-007,2,39.90
2026-06-10,HW-010,6,16.80
2026-06-10,PC-001,14,52.00
2026-06-10,PC-002,7,32.00
2026-06-10,PC-003,5,68.00
2026-06-10,PC-004,9,38.00
2026-06-10,PC-005,5,95.00
2026-06-10,PC-006,3,135.00
2026-06-10,PC-007,6,38.00
2026-06-10,PC-008,4,79.00
2026-06-10,PC-009,6,49.00
2026-06-10,PC-010,2,120.00
2026-06-10,SO-005,7,85.00
2026-06-10,SO-007,4,45.00
2026-06-10,SO-008,7,35.00
2026-06-10,SO-009,7,78.00
2026-06-10,SO-010,3,595.00
2026-06-11,FB-001,18,131.25
2026-06-11,FB-002,63,14.70
2026-06-11,FB-003,19,25.20
2026-06-11,FB-004,4,81.90
2026-06-11,FB-005,15,120.75
2026-06-11,FB-006,19,69.30
2026-06-11,FB-007,5,288.75
2026-06-11,FB-008,6,35.70
2026-06-11,FB-009,23,71.40
2026-06-11,FB-010,10,162.75
2026-06-11,HC-001,13,57.20
2026-06-11,HC-002,2,119.60
2026-06-11,HC-003,10,43.68
2026-06-11,HC-004,4,64.48
2026-06-11,HC-005,4,101.92
2026-06-11,HC-006,5,85.28
2026-06-11,HC-007,1,29.12
2026-06-11,HC-008,8,64.48
2026-06-11,HC-009,1,140.40
2026-06-11,HC-010,14,22.88
2026-06-11,HW-001,1,89.25
2026-06-11,HW-002,6,288.75
2026-06-11,HW-003,2,102.90
2026-06-11,HW-004,1,719.25
2026-06-11,HW-005,1,50.40
2026-06-11,HW-006,3,29.40
2026-06-11,HW-007,1,39.90
2026-06-11,HW-008,2,131.25
2026-06-11,HW-010,8,16.80
2026-06-11,PC-001,10,52.00
2026-06-11,PC-002,6,32.00
2026-06-11,PC-003,5,68.00
2026-06-11,PC-004,7,38.00
2026-06-11,PC-005,3,95.00
2026-06-11,PC-006,1,135.00
2026-06-11,PC-007,3,38.00
2026-06-11,PC-008,2,79.00
2026-06-11,PC-009,7,49.00
2026-06-11,PC-010,1,120.00
2026-06-11,SO-004,11,72.00
2026-06-11,SO-005,7,85.00
2026-06-11,SO-007,11,45.00
2026-06-11,SO-008,8,35.00
2026-06-11,SO-009,1,78.00
2026-06-12,FB-001,10,131.25
2026-06-12,FB-002,89,14.70
2026-06-12,FB-003,24,25.20
2026-06-12,FB-004,10,81.90
2026-06-12,FB-005,5,120.75
2026-06-12,FB-006,29,69.30
2026-06-12,FB-007,9,288.75
2026-06-12,FB-008,11,35.70
2026-06-12,FB-009,21,71.40
2026-06-12,FB-010,3,162.75
2026-06-12,HC-001,11,57.20
2026-06-12,HC-002,5,119.60
2026-06-12,HC-003,7,43.68
2026-06-12,HC-004,12,64.48
2026-06-12,HC-005,7,101.92
2026-06-12,HC-006,6,85.28
2026-06-12,HC-007,7,29.12
2026-06-12,HC-008,10,64.48
2026-06-12,HC-009,2,140.40
2026-06-12,HC-010,12,22.88
2026-06-12,HW-001,2,89.25
2026-06-12,HW-002,6,288.75
2026-06-12,HW-003,1,102.90
2026-06-12,HW-004,1,719.25
2026-06-12,HW-010,14,16.80
2026-06-12,PC-001,17,52.00
2026-06-12,PC-002,9,32.00
2026-06-12,PC-003,9,68.00
2026-06-12,PC-004,7,38.00
2026-06-12,PC-005,10,95.00
2026-06-12,PC-006,1,135.00
2026-06-12,PC-007,3,38.00
2026-06-12,PC-008,6,79.00
2026-06-12,PC-009,6,49.00
2026-06-12,PC-010,1,120.00
2026-06-12,SO-004,15,72.00
2026-06-12,SO-005,2,85.00
2026-06-12,SO-006,14,95.00
2026-06-12,SO-008,5,35.00
2026-06-12,SO-009,1,78.00
2026-06-12,SO-010,1,595.00
2026-06-13,FB-001,19,131.25
2026-06-13,FB-002,93,14.70
2026-06-13,FB-003,30,25.20
2026-06-13,FB-004,13,81.90
2026-06-13,FB-005,23,120.75
2026-06-13,FB-006,32,69.30
2026-06-13,FB-007,9,288.75
2026-06-13,FB-008,6,35.70
2026-06-13,FB-009,32,71.40
2026-06-13,FB-010,13,162.75
2026-06-13,HC-001,19,57.20
2026-06-13,HC-002,11,119.60
2026-06-13,HC-003,5,43.68
2026-06-13,HC-004,1,64.48
2026-06-13,HC-005,4,101.92
2026-06-13,HC-006,4,85.28
2026-06-13,HC-007,6,29.12
2026-06-13,HC-008,9,64.48
2026-06-13,HC-009,4,140.40
2026-06-13,HC-010,14,22.88
2026-06-13,HW-001,1,89.25
2026-06-13,HW-002,3,288.75
2026-06-13,HW-003,1,102.90
2026-06-13,HW-004,1,719.25
2026-06-13,HW-005,2,50.40
2026-06-13,HW-006,2,29.40
2026-06-13,HW-009,1,624.75
2026-06-13,HW-010,17,16.80
2026-06-13,PC-001,6,52.00
2026-06-13,PC-002,5,32.00
2026-06-13,PC-003,8,68.00
2026-06-13,PC-004,4,38.00
2026-06-13,PC-005,1,95.00
2026-06-13,PC-006,1,135.00
2026-06-13,PC-007,4,38.00
2026-06-13,PC-008,3,79.00
2026-06-13,PC-009,7,49.00
2026-06-13,PC-010,3,120.00
2026-06-13,SO-004,6,72.00
2026-06-13,SO-005,9,85.00
2026-06-13,SO-006,4,95.00
2026-06-13,SO-008,6,35.00
2026-06-13,SO-009,3,78.00
2026-06-14,FB-001,18,131.25
2026-06-14,FB-002,74,14.70
2026-06-14,FB-003,28,25.20
2026-06-14,FB-004,16,81.90
2026-06-14,FB-005,14,120.75
2026-06-14,FB-006,33,69.30
2026-06-14,FB-007,9,288.75
2026-06-14,FB-008,10,35.70
2026-06-14,FB-009,41,71.40
2026-06-14,FB-010,7,162.75
2026-06-14,HC-001,20,57.20
2026-06-14,HC-002,12,119.60
2026-06-14,HC-003,5,43.68
2026-06-14,HC-004,4,64.48
2026-06-14,HC-005,2,101.92
2026-06-14,HC-006,4,85.28
2026-06-14,HC-007,6,29.12
2026-06-14,HC-008,13,64.48
2026-06-14,HC-009,2,140.40
2026-06-14,HC-010,21,22.88
2026-06-14,HW-002,4,288.75
2026-06-14,HW-004,3,719.25
2026-06-14,HW-005,1,50.40
2026-06-14,HW-006,3,29.40
2026-06-14,HW-009,1,624.75
2026-06-14,HW-010,6,16.80
2026-06-14,PC-001,19,52.00
2026-06-14,PC-002,10,32.00
2026-06-14,PC-003,10,68.00
2026-06-14,PC-004,5,38.00
2026-06-14,PC-005,8,95.00
2026-06-14,PC-006,1,135.00
2026-06-14,PC-007,2,38.00
2026-06-14,PC-008,4,79.00
2026-06-14,PC-009,8,49.00
2026-06-14,PC-010,2,120.00
2026-06-14,SO-001,34,30.00
2026-06-14,SO-003,3,260.00
2026-06-14,SO-004,12,72.00
2026-06-14,SO-005,5,85.00
2026-06-14,SO-006,6,95.00
2026-06-14,SO-008,6,35.00
2026-06-14,SO-010,2,595.00
2026-06-15,FB-001,18,131.25
2026-06-15,FB-002,79,14.70
2026-06-15,FB-003,24,25.20
2026-06-15,FB-004,12,81.90
2026-06-15,FB-005,14,120.75
2026-06-15,FB-006,11,69.30
2026-06-15,FB-007,10,288.75
2026-06-15,FB-008,4,35.70
2026-06-15,FB-009,24,71.40
2026-06-15,FB-010,7,162.75
2026-06-15,HC-001,9,57.20
2026-06-15,HC-002,8,119.60
2026-06-15,HC-003,8,43.68
2026-06-15,HC-004,2,64.48
2026-06-15,HC-005,9,101.92
2026-06-15,HC-006,3,85.28
2026-06-15,HC-007,4,29.12
2026-06-15,HC-008,9,64.48
2026-06-15,HC-009,3,140.40
2026-06-15,HC-010,16,22.88
2026-06-15,HW-001,1,89.25
2026-06-15,HW-002,4,288.75
2026-06-15,HW-003,1,102.90
2026-06-15,HW-004,1,719.25
2026-06-15,HW-006,1,29.40
2026-06-15,HW-007,2,39.90
2026-06-15,HW-009,1,624.75
2026-06-15,HW-010,7,16.80
2026-06-15,PC-001,14,52.00
2026-06-15,PC-002,5,32.00
2026-06-15,PC-003,5,68.00
2026-06-15,PC-004,2,38.00
2026-06-15,PC-005,3,95.00
2026-06-15,PC-006,3,135.00
2026-06-15,PC-007,2,38.00
2026-06-15,PC-008,8,79.00
2026-06-15,PC-009,6,49.00
2026-06-15,PC-010,5,120.00
2026-06-15,SO-001,54,30.00
2026-06-15,SO-003,16,260.00
2026-06-15,SO-004,22,72.00
2026-06-15,SO-005,7,85.00
2026-06-15,SO-006,8,95.00
2026-06-15,SO-008,10,35.00
2026-06-15,SO-009,5,78.00
2026-06-15,SO-010,1,595.00
2026-06-16,FB-001,19,131.25
2026-06-16,FB-002,39,14.70
2026-06-16,FB-003,24,25.20
2026-06-16,FB-004,12,81.90
2026-06-16,FB-005,18,120.75
2026-06-16,FB-006,25,69.30
2026-06-16,FB-007,6,288.75
2026-06-16,FB-008,15,35.70
2026-06-16,FB-009,36,71.40
2026-06-16,FB-010,4,162.75
2026-06-16,HC-001,17,57.20
2026-06-16,HC-002,13,119.60
2026-06-16,HC-003,3,43.68
2026-06-16,HC-004,6,64.48
2026-06-16,HC-005,4,101.92
2026-06-16,HC-007,10,29.12
2026-06-16,HC-008,13,64.48
2026-06-16,HC-010,19,22.88
2026-06-16,HW-001,6,89.25
2026-06-16,HW-002,2,288.75
2026-06-16,HW-003,1,102.90
2026-06-16,HW-004,1,719.25
2026-06-16,HW-005,3,50.40
2026-06-16,HW-006,2,29.40
2026-06-16,HW-007,3,39.90
2026-06-16,HW-008,1,131.25
2026-06-16,HW-009,1,624.75
2026-06-16,HW-010,14,16.80
2026-06-16,PC-001,8,52.00
2026-06-16,PC-002,11,32.00
2026-06-16,PC-004,6,38.00
2026-06-16,PC-005,5,95.00
2026-06-16,PC-006,1,135.00
2026-06-16,PC-007,7,38.00
2026-06-16,PC-008,1,79.00
2026-06-16,PC-009,9,49.00
2026-06-16,PC-010,8,120.00
2026-06-16,SO-001,44,30.00
2026-06-16,SO-003,12,260.00
2026-06-16,SO-004,22,72.00
2026-06-16,SO-005,9,85.00
2026-06-16,SO-006,8,95.00
2026-06-16,SO-008,6,35.00
2026-06-16,SO-009,4,78.00
2026-06-16,SO-010,1,595.00
2026-06-17,FB-001,14,131.25
2026-06-17,FB-002,36,14.70
2026-06-17,FB-003,17,25.20
2026-06-17,FB-004,7,81.90
2026-06-17,FB-005,9,120.75
2026-06-17,FB-006,17,69.30
2026-06-17,FB-007,10,288.75
2026-06-17,FB-008,9,35.70
2026-06-17,FB-009,27,71.40
2026-06-17,FB-010,4,162.75
2026-06-17,HC-001,4,57.20
2026-06-17,HC-002,11,119.60
2026-06-17,HC-003,4,43.68
2026-06-17,HC-004,7,64.48
2026-06-17,HC-005,2,101.92
2026-06-17,HC-006,4,85.28
2026-06-17,HC-007,5,29.12
2026-06-17,HC-008,11,64.48
2026-06-17,HC-009,2,140.40
2026-06-17,HC-010,9,22.88
2026-06-17,HW-001,3,89.25
2026-06-17,HW-002,5,288.75
2026-06-17,HW-003,2,102.90
2026-06-17,HW-004,1,719.25
2026-06-17,HW-005,2,50.40
2026-06-17,HW-006,4,29.40
2026-06-17,HW-010,8,16.80
2026-06-17,PC-001,12,52.00
2026-06-17,PC-002,15,32.00
2026-06-17,PC-003,3,68.00
2026-06-17,PC-004,7,38.00
2026-06-17,PC-005,4,95.00
2026-06-17,PC-006,2,135.00
2026-06-17,PC-007,2,38.00
2026-06-17,PC-008,4,79.00
2026-06-17,PC-009,6,49.00
2026-06-17,PC-010,2,120.00
2026-06-17,SO-001,45,30.00
2026-06-17,SO-002,10,90.00
2026-06-17,SO-003,11,260.00
2026-06-17,SO-004,11,72.00
2026-06-17,SO-005,9,85.00
2026-06-17,SO-009,7,78.00
2026-06-18,FB-001,18,131.25
2026-06-18,FB-002,53,14.70
2026-06-18,FB-003,23,25.20
2026-06-18,FB-004,11,81.90
2026-06-18,FB-005,11,120.75
2026-06-18,FB-006,17,69.30
2026-06-18,FB-007,6,288.75
2026-06-18,FB-008,7,35.70
2026-06-18,FB-009,25,71.40
2026-06-18,FB-010,9,162.75
2026-06-18,HC-002,6,119.60
2026-06-18,HC-003,6,43.68
2026-06-18,HC-004,8,64.48
2026-06-18,HC-005,3,101.92
2026-06-18,HC-006,3,85.28
2026-06-18,HC-007,7,29.12
2026-06-18,HC-008,7,64.48
2026-06-18,HC-009,1,140.40
2026-06-18,HC-010,12,22.88
2026-06-18,HW-001,1,89.25
2026-06-18,HW-002,8,288.75
2026-06-18,HW-005,1,50.40
2026-06-18,HW-007,3,39.90
2026-06-18,HW-009,1,624.75
2026-06-18,HW-010,17,16.80
2026-06-18,PC-001,10,52.00
2026-06-18,PC-002,10,32.00
2026-06-18,PC-003,10,68.00
2026-06-18,PC-004,3,38.00
2026-06-18,PC-006,2,135.00
2026-06-18,PC-007,3,38.00
2026-06-18,PC-008,4,79.00
2026-06-18,PC-009,7,49.00
2026-06-18,PC-010,2,120.00
2026-06-18,SO-001,3,30.00
2026-06-18,SO-002,15,90.00
2026-06-18,SO-003,10,260.00
2026-06-18,SO-004,18,72.00
2026-06-18,SO-005,9,85.00
2026-06-18,SO-007,10,45.00
2026-06-18,SO-009,7,78.00
2026-06-19,FB-001,21,131.25
2026-06-19,FB-002,52,14.70
2026-06-19,FB-003,27,25.20
2026-06-19,FB-004,14,81.90
2026-06-19,FB-005,14,120.75
2026-06-19,FB-006,20,69.30
2026-06-19,FB-008,11,35.70
2026-06-19,FB-009,36,71.40
2026-06-19,FB-010,5,162.75
2026-06-19,HC-001,18,57.20
2026-06-19,HC-002,9,119.60
2026-06-19,HC-003,10,43.68
2026-06-19,HC-004,4,64.48
2026-06-19,HC-005,3,101.92
2026-06-19,HC-006,2,85.28
2026-06-19,HC-007,11,29.12
2026-06-19,HC-008,10,64.48
2026-06-19,HC-009,1,140.40
2026-06-19,HC-010,14,22.88
2026-06-19,HW-001,2,89.25
2026-06-19,HW-002,5,288.75
2026-06-19,HW-003,1,102.90
2026-06-19,HW-004,2,719.25
2026-06-19,HW-006,2,29.40
2026-06-19,HW-009,1,624.75
2026-06-19,HW-010,12,16.80
2026-06-19,PC-001,7,52.00
2026-06-19,PC-002,12,32.00
2026-06-19,PC-003,6,68.00
2026-06-19,PC-004,3,38.00
2026-06-19,PC-005,2,95.00
2026-06-19,PC-006,1,135.00
2026-06-19,PC-007,2,38.00
2026-06-19,PC-008,4,79.00
2026-06-19,PC-009,9,49.00
2026-06-19,PC-010,2,120.00
2026-06-19,SO-002,11,90.00
2026-06-19,SO-003,11,260.00
2026-06-19,SO-004,18,72.00
2026-06-19,SO-005,15,85.00
2026-06-19,SO-007,3,45.00
2026-06-19,SO-009,3,78.00
2026-06-19,SO-010,2,595.00
2026-06-20,FB-001,26,131.25
2026-06-20,FB-002,63,14.70
2026-06-20,FB-003,25,25.20
2026-06-20,FB-004,18,81.90
2026-06-20,FB-005,11,120.75
2026-06-20,FB-006,34,69.30
2026-06-20,FB-007,5,288.75
2026-06-20,FB-008,3,35.70
2026-06-20,FB-009,28,71.40
2026-06-20,FB-010,7,162.75
2026-06-20,HC-001,22,57.20
2026-06-20,HC-002,8,119.60
2026-06-20,HC-003,11,43.68
2026-06-20,HC-004,11,64.48
2026-06-20,HC-005,8,101.92
2026-06-20,HC-006,8,85.28
2026-06-20,HC-007,7,29.12
2026-06-20,HC-008,11,64.48
2026-06-20,HC-009,2,140.40
2026-06-20,HC-010,20,22.88
2026-06-20,HW-001,4,89.25
2026-06-20,HW-002,2,288.75
2026-06-20,HW-006,3,29.40
2026-06-20,HW-010,8,16.80
2026-06-20,PC-002,4,32.00
2026-06-20,PC-003,9,68.00
2026-06-20,PC-004,5,38.00
2026-06-20,PC-005,4,95.00
2026-06-20,PC-006,2,135.00
2026-06-20,PC-007,1,38.00
2026-06-20,PC-008,5,79.00
2026-06-20,PC-009,11,49.00
2026-06-20,PC-010,3,120.00
2026-06-20,SO-002,7,90.00
2026-06-20,SO-003,11,260.00
2026-06-20,SO-004,5,72.00
2026-06-20,SO-005,6,85.00
2026-06-20,SO-007,5,45.00
2026-06-20,SO-009,4,78.00
2026-06-20,SO-010,1,595.00
2026-06-21,FB-001,21,131.25
2026-06-21,FB-002,45,14.70
2026-06-21,FB-003,23,25.20
2026-06-21,FB-004,10,81.90
2026-06-21,FB-005,8,120.75
2026-06-21,FB-006,26,69.30
2026-06-21,FB-007,6,288.75
2026-06-21,FB-008,6,35.70
2026-06-21,FB-009,33,71.40
2026-06-21,FB-010,5,162.75
2026-06-21,HC-001,15,57.20
2026-06-21,HC-002,13,119.60
2026-06-21,HC-003,5,43.68
2026-06-21,HC-004,5,64.48
2026-06-21,HC-005,7,101.92
2026-06-21,HC-006,5,85.28
2026-06-21,HC-007,11,29.12
2026-06-21,HC-008,14,64.48
2026-06-21,HC-009,1,140.40
2026-06-21,HC-010,7,22.88
2026-06-21,HW-001,1,89.25
2026-06-21,HW-002,4,288.75
2026-06-21,HW-003,1,102.90
2026-06-21,HW-009,1,624.75
2026-06-21,HW-010,6,16.80
2026-06-21,PC-001,5,52.00
2026-06-21,PC-002,8,32.00
2026-06-21,PC-003,4,68.00
2026-06-21,PC-004,5,38.00
2026-06-21,PC-005,3,95.00
2026-06-21,PC-006,2,135.00
2026-06-21,PC-007,2,38.00
2026-06-21,PC-008,4,79.00
2026-06-21,PC-009,4,49.00
2026-06-21,SO-002,5,90.00
2026-06-21,SO-003,5,260.00
2026-06-21,SO-005,5,85.00
2026-06-21,SO-006,5,95.00
2026-06-21,SO-007,6,45.00
2026-06-21,SO-009,1,78.00
2026-06-22,FB-001,16,131.25
2026-06-22,FB-002,49,14.70
2026-06-22,FB-003,18,25.20
2026-06-22,FB-004,13,81.90
2026-06-22,FB-005,12,120.75
2026-06-22,FB-006,16,69.30
2026-06-22,FB-007,9,288.75
2026-06-22,FB-008,7,35.70
2026-06-22,FB-009,33,71.40
2026-06-22,FB-010,5,162.75
2026-06-22,HC-001,9,57.20
2026-06-22,HC-002,4,119.60
2026-06-22,HC-003,5,43.68
2026-06-22,HC-004,4,64.48
2026-06-22,HC-005,7,101.92
2026-06-22,HC-006,4,85.28
2026-06-22,HC-007,7,29.12
2026-06-22,HC-008,9,64.48
2026-06-22,HC-009,2,140.40
2026-06-22,HC-010,22,22.88
2026-06-22,HW-001,2,89.25
2026-06-22,HW-002,2,288.75
2026-06-22,HW-003,1,102.90
2026-06-22,HW-004,1,719.25
2026-06-22,HW-006,1,29.40
2026-06-22,HW-007,1,39.90
2026-06-22,HW-010,11,16.80
2026-06-22,PC-001,12,52.00
2026-06-22,PC-002,14,32.00
2026-06-22,PC-003,6,68.00
2026-06-22,PC-004,4,38.00
2026-06-22,PC-005,3,95.00
2026-06-22,PC-006,3,135.00
2026-06-22,PC-007,1,38.00
2026-06-22,PC-008,5,79.00
2026-06-22,PC-009,6,49.00
2026-06-22,PC-010,1,120.00
2026-06-22,SO-002,18,90.00
2026-06-22,SO-003,11,260.00
2026-06-22,SO-006,9,95.00
2026-06-22,SO-007,6,45.00
2026-06-22,SO-008,7,35.00
2026-06-22,SO-009,7,78.00
2026-06-22,SO-010,4,595.00
2026-06-23,FB-001,10,131.25
2026-06-23,FB-002,56,14.70
2026-06-23,FB-003,18,25.20
2026-06-23,FB-004,8,81.90
2026-06-23,FB-005,13,120.75
2026-06-23,FB-006,17,69.30
2026-06-23,FB-007,3,288.75
2026-06-23,FB-008,7,35.70
2026-06-23,FB-009,23,71.40
2026-06-23,FB-010,3,162.75
2026-06-23,HC-001,17,57.20
2026-06-23,HC-002,12,119.60
2026-06-23,HC-003,4,43.68
2026-06-23,HC-004,2,64.48
2026-06-23,HC-005,3,101.92
2026-06-23,HC-006,2,85.28
2026-06-23,HC-007,6,29.12
2026-06-23,HC-008,4,64.48
2026-06-23,HC-009,2,140.40
2026-06-23,HC-010,7,22.88
2026-06-23,HW-001,2,89.25
2026-06-23,HW-002,9,288.75
2026-06-23,HW-003,1,102.90
2026-06-23,HW-004,2,719.25
2026-06-23,HW-006,1,29.40
2026-06-23,HW-008,3,131.25
2026-06-23,HW-010,10,16.80
2026-06-23,PC-001,2,52.00
2026-06-23,PC-002,5,32.00
2026-06-23,PC-003,9,68.00
2026-06-23,PC-004,8,38.00
2026-06-23,PC-005,3,95.00
2026-06-23,PC-007,8,38.00
2026-06-23,PC-008,2,79.00
2026-06-23,PC-009,7,49.00
2026-06-23,PC-010,2,120.00
2026-06-23,SO-001,45,30.00
2026-06-23,SO-002,4,90.00
2026-06-23,SO-003,10,260.00
2026-06-23,SO-006,8,95.00
2026-06-23,SO-007,4,45.00
2026-06-23,SO-008,11,35.00
2026-06-23,SO-009,10,78.00
2026-06-24,FB-001,15,131.25
2026-06-24,FB-002,73,14.70
2026-06-24,FB-003,26,25.20
2026-06-24,FB-004,5,81.90
2026-06-24,FB-005,6,120.75
2026-06-24,FB-006,19,69.30
2026-06-24,FB-007,5,288.75
2026-06-24,FB-008,13,35.70
2026-06-24,FB-009,23,71.40
2026-06-24,FB-010,6,162.75
2026-06-24,HC-001,9,57.20
2026-06-24,HC-002,6,119.60
2026-06-24,HC-003,6,43.68
2026-06-24,HC-004,3,64.48
2026-06-24,HC-005,3,101.92
2026-06-24,HC-006,4,85.28
2026-06-24,HC-007,4,29.12
2026-06-24,HC-009,2,140.40
2026-06-24,HC-010,8,22.88
2026-06-24,HW-001,2,89.25
2026-06-24,HW-002,8,288.75
2026-06-24,HW-003,1,102.90
2026-06-24,HW-004,6,719.25
2026-06-24,HW-006,1,29.40
2026-06-24,HW-010,17,16.80
2026-06-24,PC-001,9,52.00
2026-06-24,PC-002,2,32.00
2026-06-24,PC-003,3,68.00
2026-06-24,PC-004,3,38.00
2026-06-24,PC-005,1,95.00
2026-06-24,PC-006,4,135.00
2026-06-24,PC-007,3,38.00
2026-06-24,PC-008,3,79.00
2026-06-24,PC-009,5,49.00
2026-06-24,PC-010,3,120.00
2026-06-24,SO-001,36,30.00
2026-06-24,SO-002,14,90.00
2026-06-24,SO-006,7,95.00
2026-06-24,SO-007,2,45.00
2026-06-24,SO-008,11,35.00
2026-06-24,SO-009,9,78.00
2026-06-24,SO-010,1,595.00
2026-06-25,FB-001,24,131.25
2026-06-25,FB-002,78,14.70
2026-06-25,FB-003,23,25.20
2026-06-25,FB-004,9,81.90
2026-06-25,FB-005,10,120.75
2026-06-25,FB-006,20,69.30
2026-06-25,FB-007,5,288.75
2026-06-25,FB-008,10,35.70
2026-06-25,FB-009,31,71.40
2026-06-25,FB-010,5,162.75
2026-06-25,HC-001,14,57.20
2026-06-25,HC-002,12,119.60
2026-06-25,HC-003,9,43.68
2026-06-25,HC-004,6,64.48
2026-06-25,HC-005,6,101.92
2026-06-25,HC-007,4,29.12
2026-06-25,HC-008,8,64.48
2026-06-25,HC-009,1,140.40
2026-06-25,HC-010,17,22.88
2026-06-25,HW-001,1,89.25
2026-06-25,HW-002,7,288.75
2026-06-25,HW-005,1,50.40
2026-06-25,HW-008,2,131.25
2026-06-25,HW-009,3,624.75
2026-06-25,HW-010,11,16.80
2026-06-25,PC-001,13,52.00
2026-06-25,PC-002,13,32.00
2026-06-25,PC-003,5,68.00
2026-06-25,PC-004,6,38.00
2026-06-25,PC-005,6,95.00
2026-06-25,PC-006,2,135.00
2026-06-25,PC-007,4,38.00
2026-06-25,PC-008,5,79.00
2026-06-25,PC-009,3,49.00
2026-06-25,PC-010,1,120.00
2026-06-25,SO-001,37,30.00
2026-06-25,SO-002,14,90.00
2026-06-25,SO-006,9,95.00
2026-06-25,SO-007,2,45.00
2026-06-25,SO-008,11,35.00
2026-06-25,SO-009,4,78.00
2026-06-26,FB-001,16,131.25
2026-06-26,FB-002,82,14.70
2026-06-26,FB-003,22,25.20
2026-06-26,FB-004,14,81.90
2026-06-26,FB-005,9,120.75
2026-06-26,FB-006,27,69.30
2026-06-26,FB-007,6,288.75
2026-06-26,FB-008,12,35.70
2026-06-26,FB-009,21,71.40
2026-06-26,FB-010,7,162.75
2026-06-26,HC-001,19,57.20
2026-06-26,HC-002,6,119.60
2026-06-26,HC-003,6,43.68
2026-06-26,HC-004,6,64.48
2026-06-26,HC-005,7,101.92
2026-06-26,HC-006,4,85.28
2026-06-26,HC-007,6,29.12
2026-06-26,HC-008,9,64.48
2026-06-26,HC-009,1,140.40
2026-06-26,HC-010,10,22.88
2026-06-26,HW-001,4,89.25
2026-06-26,HW-002,3,288.75
2026-06-26,HW-003,1,102.90
2026-06-26,HW-004,1,719.25
2026-06-26,HW-006,1,29.40
2026-06-26,HW-007,1,39.90
2026-06-26,HW-009,1,624.75
2026-06-26,HW-010,13,16.80
2026-06-26,PC-001,9,52.00
2026-06-26,PC-002,6,32.00
2026-06-26,PC-003,6,68.00
2026-06-26,PC-004,8,38.00
2026-06-26,PC-005,2,95.00
2026-06-26,PC-006,2,135.00
2026-06-26,PC-007,7,38.00
2026-06-26,PC-008,7,79.00
2026-06-26,PC-009,10,49.00
2026-06-26,PC-010,2,120.00
2026-06-26,SO-001,22,30.00
2026-06-26,SO-002,5,90.00
2026-06-26,SO-006,9,95.00
2026-06-26,SO-007,4,45.00
2026-06-26,SO-008,14,35.00
2026-06-27,FB-001,25,131.25
2026-06-27,FB-002,115,14.70
2026-06-27,FB-003,30,25.20
2026-06-27,FB-004,12,81.90
2026-06-27,FB-005,22,120.75
2026-06-27,FB-006,37,69.30
2026-06-27,FB-007,11,288.75
2026-06-27,FB-008,15,35.70
2026-06-27,FB-009,39,71.40
2026-06-27,FB-010,5,162.75
2026-06-27,HC-001,15,57.20
2026-06-27,HC-002,4,119.60
2026-06-27,HC-003,10,43.68
2026-06-27,HC-004,3,64.48
2026-06-27,HC-005,3,101.92
2026-06-27,HC-006,4,85.28
2026-06-27,HC-007,8,29.12
2026-06-27,HC-008,12,64.48
2026-06-27,HC-009,4,140.40
2026-06-27,HC-010,22,22.88
2026-06-27,HW-001,4,89.25
2026-06-27,HW-002,4,288.75
2026-06-27,HW-003,3,102.90
2026-06-27,HW-004,3,719.25
2026-06-27,HW-005,6,50.40
2026-06-27,HW-006,5,29.40
2026-06-27,HW-007,1,39.90
2026-06-27,HW-009,2,624.75
2026-06-27,HW-010,11,16.80
2026-06-27,PC-001,15,52.00
2026-06-27,PC-002,11,32.00
2026-06-27,PC-003,5,68.00
2026-06-27,PC-004,5,38.00
2026-06-27,PC-005,6,95.00
2026-06-27,PC-006,4,135.00
2026-06-27,PC-007,6,38.00
2026-06-27,PC-008,4,79.00
2026-06-27,PC-009,9,49.00
2026-06-27,PC-010,1,120.00
2026-06-27,SO-001,29,30.00
2026-06-27,SO-002,7,90.00
2026-06-27,SO-003,6,260.00
2026-06-27,SO-006,3,95.00
2026-06-27,SO-007,1,45.00
2026-06-27,SO-008,6,35.00
2026-06-27,SO-010,1,595.00
2026-06-28,FB-001,15,131.25
2026-06-28,FB-002,79,14.70
2026-06-28,FB-003,2,25.20
2026-06-28,FB-004,10,81.90
2026-06-28,FB-005,12,120.75
2026-06-28,FB-006,29,69.30
2026-06-28,FB-007,9,288.75
2026-06-28,FB-008,7,35.70
2026-06-28,FB-009,36,71.40
2026-06-28,FB-010,5,162.75
2026-06-28,HC-001,6,57.20
2026-06-28,HC-002,12,119.60
2026-06-28,HC-003,8,43.68
2026-06-28,HC-004,7,64.48
2026-06-28,HC-005,5,101.92
2026-06-28,HC-006,4,85.28
2026-06-28,HC-007,7,29.12
2026-06-28,HC-008,11,64.48
2026-06-28,HC-009,2,140.40
2026-06-28,HC-010,13,22.88
2026-06-28,HW-001,1,89.25
2026-06-28,HW-002,5,288.75
2026-06-28,HW-003,1,102.90
2026-06-28,HW-005,1,50.40
2026-06-28,HW-006,1,29.40
2026-06-28,HW-010,8,16.80
2026-06-28,PC-001,9,52.00
2026-06-28,PC-002,6,32.00
2026-06-28,PC-003,6,68.00
2026-06-28,PC-004,6,38.00
2026-06-28,PC-007,2,38.00
2026-06-28,PC-008,3,79.00
2026-06-28,PC-009,5,49.00
2026-06-28,PC-010,1,120.00
2026-06-28,SO-001,9,30.00
2026-06-28,SO-002,8,90.00
2026-06-28,SO-003,4,260.00
2026-06-28,SO-007,1,45.00
2026-06-28,SO-008,10,35.00
2026-06-28,SO-010,2,595.00
2026-06-29,FB-001,6,131.25
2026-06-29,FB-002,84,14.70
2026-06-29,FB-003,17,25.20
2026-06-29,FB-004,9,81.90
2026-06-29,FB-005,16,120.75
2026-06-29,FB-006,29,69.30
2026-06-29,FB-007,8,288.75
2026-06-29,FB-008,3,35.70
2026-06-29,FB-009,16,71.40
2026-06-29,FB-010,4,162.75
2026-06-29,HC-002,11,119.60
2026-06-29,HC-003,9,43.68
2026-06-29,HC-004,10,64.48
2026-06-29,HC-005,5,101.92
2026-06-29,HC-006,6,85.28
2026-06-29,HC-007,9,29.12
2026-06-29,HC-008,10,64.48
2026-06-29,HC-009,2,140.40
2026-06-29,HC-010,13,22.88
2026-06-29,HW-001,1,89.25
2026-06-29,HW-002,5,288.75
2026-06-29,HW-003,2,102.90
2026-06-29,HW-006,4,29.40
2026-06-29,HW-007,1,39.90
2026-06-29,HW-008,1,131.25
2026-06-29,HW-010,18,16.80
2026-06-29,PC-001,6,52.00
2026-06-29,PC-002,10,32.00
2026-06-29,PC-003,8,68.00
2026-06-29,PC-004,4,38.00
2026-06-29,PC-005,3,95.00
2026-06-29,PC-007,5,38.00
2026-06-29,PC-008,5,79.00
2026-06-29,PC-009,6,49.00
2026-06-29,PC-010,4,120.00
2026-06-29,SO-001,29,30.00
2026-06-29,SO-002,10,90.00
2026-06-29,SO-003,5,260.00
2026-06-29,SO-007,8,45.00
2026-06-29,SO-008,6,35.00
2026-06-29,SO-010,1,595.00
2026-06-30,FB-001,25,131.25
2026-06-30,FB-002,58,14.70
2026-06-30,FB-003,24,25.20
2026-06-30,FB-004,14,81.90
2026-06-30,FB-005,9,120.75
2026-06-30,FB-006,28,69.30
2026-06-30,FB-007,11,288.75
2026-06-30,FB-008,12,35.70
2026-06-30,FB-010,5,162.75
2026-06-30,HC-001,7,57.20
2026-06-30,HC-002,13,119.60
2026-06-30,HC-003,9,43.68
2026-06-30,HC-004,1,64.48
2026-06-30,HC-005,4,101.92
2026-06-30,HC-006,4,85.28
2026-06-30,HC-007,9,29.12
2026-06-30,HC-008,8,64.48
2026-06-30,HC-009,1,140.40
2026-06-30,HC-010,16,22.88
2026-06-30,HW-002,5,288.75
2026-06-30,HW-003,5,102.90
2026-06-30,HW-004,1,719.25
2026-06-30,HW-006,1,29.40
2026-06-30,HW-007,1,39.90
2026-06-30,HW-009,2,624.75
2026-06-30,HW-010,12,16.80
2026-06-30,PC-001,11,52.00
2026-06-30,PC-002,7,32.00
2026-06-30,PC-003,10,68.00
2026-06-30,PC-004,4,38.00
2026-06-30,PC-005,3,95.00
2026-06-30,PC-006,2,135.00
2026-06-30,PC-007,7,38.00
2026-06-30,PC-008,7,79.00
2026-06-30,PC-009,9,49.00
2026-06-30,PC-010,3,120.00
2026-06-30,SO-001,13,30.00
2026-06-30,SO-002,12,90.00
2026-06-30,SO-003,8,260.00
2026-06-30,SO-004,7,72.00
2026-06-30,SO-005,1,85.00
2026-06-30,SO-007,6,45.00
2026-06-30,SO-008,8,35.00
2026-07-01,FB-001,18,131.25
2026-07-01,FB-002,79,14.70
2026-07-01,FB-003,18,25.20
2026-07-01,FB-004,16,81.90
2026-07-01,FB-005,17,120.75
2026-07-01,FB-006,34,69.30
2026-07-01,FB-007,10,288.75
2026-07-01,FB-008,8,35.70
2026-07-01,FB-009,30,71.40
2026-07-01,FB-010,5,162.75
2026-07-01,HC-001,11,57.20
2026-07-01,HC-002,10,119.60
2026-07-01,HC-003,4,43.68
2026-07-01,HC-004,4,64.48
2026-07-01,HC-005,4,101.92
2026-07-01,HC-006,3,85.28
2026-07-01,HC-007,10,29.12
2026-07-01,HC-008,10,64.48
2026-07-01,HC-009,2,140.40
2026-07-01,HC-010,17,22.88
2026-07-01,HW-001,3,89.25
2026-07-01,HW-002,1,288.75
2026-07-01,HW-003,2,102.90
2026-07-01,HW-005,4,50.40
2026-07-01,HW-006,2,29.40
2026-07-01,HW-009,2,624.75
2026-07-01,HW-010,15,16.80
2026-07-01,PC-001,13,52.00
2026-07-01,PC-002,12,32.00
2026-07-01,PC-003,1,68.00
2026-07-01,PC-004,4,38.00
2026-07-01,PC-005,5,95.00
2026-07-01,PC-006,4,135.00
2026-07-01,PC-007,3,38.00
2026-07-01,PC-008,5,79.00
2026-07-01,PC-009,8,49.00
2026-07-01,PC-010,1,120.00
2026-07-01,SO-003,15,260.00
2026-07-01,SO-004,6,72.00
2026-07-01,SO-005,8,85.00
2026-07-01,SO-006,3,95.00
2026-07-01,SO-007,3,45.00
2026-07-01,SO-008,8,35.00
2026-07-01,SO-010,1,595.00
2026-07-02,FB-001,15,131.25
2026-07-02,FB-002,74,14.70
2026-07-02,FB-003,24,25.20
2026-07-02,FB-004,7,81.90
2026-07-02,FB-005,7,120.75
2026-07-02,FB-006,21,69.30
2026-07-02,FB-007,6,288.75
2026-07-02,FB-008,8,35.70
2026-07-02,FB-009,16,71.40
2026-07-02,FB-010,10,162.75
2026-07-02,HC-001,8,57.20
2026-07-02,HC-002,5,119.60
2026-07-02,HC-003,8,43.68
2026-07-02,HC-004,5,64.48
2026-07-02,HC-005,4,101.92
2026-07-02,HC-007,7,29.12
2026-07-02,HC-008,11,64.48
2026-07-02,HC-009,1,140.40
2026-07-02,HC-010,14,22.88
2026-07-02,HW-001,1,89.25
2026-07-02,HW-002,3,288.75
2026-07-02,HW-009,1,624.75
2026-07-02,HW-010,7,16.80
2026-07-02,PC-001,7,52.00
2026-07-02,PC-002,7,32.00
2026-07-02,PC-003,8,68.00
2026-07-02,PC-004,5,38.00
2026-07-02,PC-005,4,95.00
2026-07-02,PC-006,6,135.00
2026-07-02,PC-007,4,38.00
2026-07-02,PC-008,5,79.00
2026-07-02,PC-009,15,49.00
2026-07-02,PC-010,1,120.00
2026-07-02,SO-001,25,30.00
2026-07-02,SO-003,4,260.00
2026-07-02,SO-004,10,72.00
2026-07-02,SO-005,6,85.00
2026-07-02,SO-006,4,95.00
2026-07-02,SO-007,2,45.00
2026-07-02,SO-008,13,35.00
2026-07-03,FB-001,19,131.25
2026-07-03,FB-002,60,14.70
2026-07-03,FB-003,23,25.20
2026-07-03,FB-004,4,81.90
2026-07-03,FB-005,19,120.75
2026-07-03,FB-006,29,69.30
2026-07-03,FB-007,9,288.75
2026-07-03,FB-008,15,35.70
2026-07-03,FB-009,18,71.40
2026-07-03,FB-010,9,162.75
2026-07-03,HC-001,12,57.20
2026-07-03,HC-002,13,119.60
2026-07-03,HC-003,12,43.68
2026-07-03,HC-004,3,64.48
2026-07-03,HC-005,7,101.92
2026-07-03,HC-006,3,85.28
2026-07-03,HC-007,9,29.12
2026-07-03,HC-008,17,64.48
2026-07-03,HC-009,2,140.40
2026-07-03,HC-010,10,22.88
2026-07-03,HW-001,2,89.25
2026-07-03,HW-002,3,288.75
2026-07-03,HW-003,2,102.90
2026-07-03,HW-006,1,29.40
2026-07-03,HW-007,2,39.90
2026-07-03,HW-008,1,131.25
2026-07-03,HW-010,10,16.80
2026-07-03,PC-001,10,52.00
2026-07-03,PC-002,9,32.00
2026-07-03,PC-003,8,68.00
2026-07-03,PC-004,7,38.00
2026-07-03,PC-005,7,95.00
2026-07-03,PC-007,4,38.00
2026-07-03,PC-008,5,79.00
2026-07-03,PC-009,14,49.00
2026-07-03,PC-010,1,120.00
2026-07-03,SO-001,22,30.00
2026-07-03,SO-003,13,260.00
2026-07-03,SO-004,13,72.00
2026-07-03,SO-005,2,85.00
2026-07-03,SO-006,7,95.00
2026-07-03,SO-007,6,45.00
2026-07-03,SO-008,10,35.00
2026-07-04,FB-001,30,131.25
2026-07-04,FB-002,29,14.70
2026-07-04,FB-003,28,25.20
2026-07-04,FB-004,17,81.90
2026-07-04,FB-005,19,120.75
2026-07-04,FB-006,22,69.30
2026-07-04,FB-007,10,288.75
2026-07-04,FB-008,2,35.70
2026-07-04,FB-009,32,71.40
2026-07-04,FB-010,10,162.75
2026-07-04,HC-001,16,57.20
2026-07-04,HC-002,13,119.60
2026-07-04,HC-003,5,43.68
2026-07-04,HC-004,7,64.48
2026-07-04,HC-005,10,101.92
2026-07-04,HC-006,2,85.28
2026-07-04,HC-007,7,29.12
2026-07-04,HC-008,10,64.48
2026-07-04,HC-009,3,140.40
2026-07-04,HC-010,11,22.88
2026-07-04,HW-001,6,89.25
2026-07-04,HW-002,3,288.75
2026-07-04,HW-004,1,719.25
2026-07-04,HW-005,4,50.40
2026-07-04,HW-006,2,29.40
2026-07-04,HW-007,2,39.90
2026-07-04,HW-009,1,624.75
2026-07-04,HW-010,15,16.80
2026-07-04,PC-001,17,52.00
2026-07-04,PC-002,8,32.00
2026-07-04,PC-003,12,68.00
2026-07-04,PC-004,5,38.00
2026-07-04,PC-005,4,95.00
2026-07-04,PC-006,5,135.00
2026-07-04,PC-007,1,38.00
2026-07-04,PC-008,4,79.00
2026-07-04,PC-009,10,49.00
2026-07-04,PC-010,1,120.00
2026-07-04,SO-001,25,30.00
2026-07-04,SO-004,7,72.00
2026-07-04,SO-005,2,85.00
2026-07-04,SO-006,5,95.00
2026-07-04,SO-007,3,45.00
2026-07-04,SO-008,3,35.00
2026-07-04,SO-009,4,78.00
2026-07-04,SO-010,1,595.00
2026-07-05,FB-001,28,131.25
2026-07-05,FB-003,28,25.20
2026-07-05,FB-004,15,81.90
2026-07-05,FB-005,16,120.75
2026-07-05,FB-006,23,69.30
2026-07-05,FB-007,7,288.75
2026-07-05,FB-008,6,35.70
2026-07-05,FB-009,23,71.40
2026-07-05,FB-010,3,162.75
2026-07-05,HC-001,22,57.20
2026-07-05,HC-002,12,119.60
2026-07-05,HC-003,6,43.68
2026-07-05,HC-004,5,64.48
2026-07-05,HC-005,4,101.92
2026-07-05,HC-006,5,85.28
2026-07-05,HC-007,8,29.12
2026-07-05,HC-008,9,64.48
2026-07-05,HC-009,3,140.40
2026-07-05,HC-010,21,22.88
2026-07-05,HW-008,1,131.25
2026-07-05,HW-010,4,16.80
2026-07-05,PC-001,11,52.00
2026-07-05,PC-002,6,32.00
2026-07-05,PC-003,15,68.00
2026-07-05,PC-004,5,38.00
2026-07-05,PC-005,3,95.00
2026-07-05,PC-006,2,135.00
2026-07-05,PC-007,6,38.00
2026-07-05,PC-008,1,79.00
2026-07-05,PC-009,8,49.00
2026-07-05,PC-010,1,120.00
2026-07-05,SO-001,18,30.00
2026-07-05,SO-004,5,72.00
2026-07-05,SO-005,5,85.00
2026-07-05,SO-006,3,95.00
2026-07-05,SO-009,1,78.00
2026-07-05,SO-010,1,595.00
2026-07-06,FB-001,19,131.25
2026-07-06,FB-002,67,14.70
2026-07-06,FB-003,19,25.20
2026-07-06,FB-004,14,81.90
2026-07-06,FB-005,11,120.75
2026-07-06,FB-006,22,69.30
2026-07-06,FB-007,6,288.75
2026-07-06,FB-008,5,35.70
2026-07-06,FB-009,27,71.40
2026-07-06,FB-010,7,162.75
2026-07-06,HC-001,17,57.20
2026-07-06,HC-002,9,119.60
2026-07-06,HC-003,4,43.68
2026-07-06,HC-004,6,64.48
2026-07-06,HC-005,6,101.92
2026-07-06,HC-006,2,85.28
2026-07-06,HC-007,4,29.12
2026-07-06,HC-008,3,64.48
2026-07-06,HC-010,13,22.88
2026-07-06,HW-001,2,89.25
2026-07-06,HW-002,1,288.75
2026-07-06,HW-003,1,102.90
2026-07-06,HW-006,1,29.40
2026-07-06,HW-010,7,16.80
2026-07-06,PC-001,13,52.00
2026-07-06,PC-002,4,32.00
2026-07-06,PC-003,7,68.00
2026-07-06,PC-004,3,38.00
2026-07-06,PC-005,1,95.00
2026-07-06,PC-007,11,38.00
2026-07-06,PC-008,3,79.00
2026-07-06,PC-009,4,49.00
2026-07-06,SO-001,25,30.00
2026-07-06,SO-002,3,90.00
2026-07-06,SO-004,7,72.00
2026-07-06,SO-005,5,85.00
2026-07-06,SO-006,8,95.00
2026-07-06,SO-008,2,35.00
2026-07-06,SO-009,6,78.00
2026-07-06,SO-010,1,595.00
2026-07-07,FB-001,16,131.25
2026-07-07,FB-002,56,14.70
2026-07-07,FB-003,21,25.20
2026-07-07,FB-004,11,81.90
2026-07-07,FB-005,18,120.75
2026-07-07,FB-006,26,69.30
2026-07-07,FB-007,5,288.75
2026-07-07,FB-008,6,35.70
2026-07-07,FB-009,20,71.40
2026-07-07,FB-010,4,162.75
2026-07-07,HC-001,14,57.20
2026-07-07,HC-002,9,119.60
2026-07-07,HC-003,10,43.68
2026-07-07,HC-004,5,64.48
2026-07-07,HC-005,3,101.92
2026-07-07,HC-006,3,85.28
2026-07-07,HC-007,9,29.12
2026-07-07,HC-008,3,64.48
2026-07-07,HC-009,1,140.40
2026-07-07,HC-010,21,22.88
2026-07-07,HW-001,1,89.25
2026-07-07,HW-002,7,288.75
2026-07-07,HW-003,1,102.90
2026-07-07,HW-004,1,719.25
2026-07-07,HW-005,1,50.40
2026-07-07,HW-006,2,29.40
2026-07-07,HW-008,1,131.25
2026-07-07,HW-009,1,624.75
2026-07-07,HW-010,10,16.80
2026-07-07,PC-001,12,52.00
2026-07-07,PC-002,6,32.00
2026-07-07,PC-003,3,68.00
2026-07-07,PC-004,11,38.00
2026-07-07,PC-005,2,95.00
2026-07-07,PC-007,6,38.00
2026-07-07,PC-008,6,79.00
2026-07-07,PC-009,6,49.00
2026-07-07,PC-010,1,120.00
2026-07-07,SO-001,24,30.00
2026-07-07,SO-002,7,90.00
2026-07-07,SO-004,11,72.00
2026-07-07,SO-005,4,85.00
2026-07-07,SO-006,5,95.00
2026-07-07,SO-007,6,45.00
2026-07-07,SO-009,1,78.00
2026-07-07,SO-010,2,595.00
2026-07-08,FB-001,16,131.25
2026-07-08,FB-002,48,14.70
2026-07-08,FB-003,32,25.20
2026-07-08,FB-004,10,81.90
2026-07-08,FB-005,12,120.75
2026-07-08,FB-006,23,69.30
2026-07-08,FB-007,7,288.75
2026-07-08,FB-008,7,35.70
2026-07-08,FB-009,31,71.40
2026-07-08,FB-010,7,162.75
2026-07-08,HC-001,14,57.20
2026-07-08,HC-002,9,119.60
2026-07-08,HC-003,8,43.68
2026-07-08,HC-004,7,64.48
2026-07-08,HC-005,3,101.92
2026-07-08,HC-006,4,85.28
2026-07-08,HC-007,3,29.12
2026-07-08,HC-008,9,64.48
2026-07-08,HC-009,2,140.40
2026-07-08,HC-010,9,22.88
2026-07-08,HW-001,3,89.25
2026-07-08,HW-002,2,288.75
2026-07-08,HW-003,1,102.90
2026-07-08,HW-005,1,50.40
2026-07-08,HW-006,2,29.40
2026-07-08,HW-008,1,131.25
2026-07-08,HW-010,7,16.80
2026-07-08,PC-001,9,52.00
2026-07-08,PC-002,9,32.00
2026-07-08,PC-003,4,68.00
2026-07-08,PC-004,2,38.00
2026-07-08,PC-005,2,95.00
2026-07-08,PC-007,4,38.00
2026-07-08,PC-008,6,79.00
2026-07-08,PC-009,7,49.00
2026-07-08,PC-010,1,120.00
2026-07-08,SO-001,24,30.00
2026-07-08,SO-002,5,90.00
2026-07-08,SO-003,7,260.00
2026-07-08,SO-004,10,72.00
2026-07-08,SO-005,4,85.00
2026-07-08,SO-006,2,95.00
2026-07-08,SO-007,4,45.00
2026-07-08,SO-009,2,78.00
2026-07-09,FB-002,63,14.70
2026-07-09,FB-003,29,25.20
2026-07-09,FB-004,20,81.90
2026-07-09,FB-005,6,120.75
2026-07-09,FB-006,23,69.30
2026-07-09,FB-007,5,288.75
2026-07-09,FB-008,10,35.70
2026-07-09,FB-009,25,71.40
2026-07-09,FB-010,4,162.75
2026-07-09,HC-001,18,57.20
2026-07-09,HC-003,5,43.68
2026-07-09,HC-004,6,64.48
2026-07-09,HC-005,2,101.92
2026-07-09,HC-006,5,85.28
2026-07-09,HC-007,3,29.12
2026-07-09,HC-008,11,64.48
2026-07-09,HC-009,2,140.40
2026-07-09,HC-010,24,22.88
2026-07-09,HW-002,9,288.75
2026-07-09,HW-003,1,102.90
2026-07-09,HW-004,1,719.25
2026-07-09,HW-009,4,624.75
2026-07-09,HW-010,10,16.80
2026-07-09,PC-001,3,52.00
2026-07-09,PC-002,6,32.00
2026-07-09,PC-003,7,68.00
2026-07-09,PC-004,4,38.00
2026-07-09,PC-005,3,95.00
2026-07-09,PC-006,3,135.00
2026-07-09,PC-007,4,38.00
2026-07-09,PC-008,2,79.00
2026-07-09,PC-009,8,49.00
2026-07-09,SO-001,21,30.00
2026-07-09,SO-002,7,90.00
2026-07-09,SO-003,3,260.00
2026-07-09,SO-004,5,72.00
2026-07-09,SO-005,3,85.00
2026-07-09,SO-006,3,95.00
2026-07-09,SO-007,3,45.00
2026-07-09,SO-009,4,78.00
2026-07-10,FB-001,30,131.25
2026-07-10,FB-002,67,14.70
2026-07-10,FB-003,1,25.20
2026-07-10,FB-004,9,81.90
2026-07-10,FB-005,9,120.75
2026-07-10,FB-006,30,69.30
2026-07-10,FB-007,8,288.75
2026-07-10,FB-008,14,35.70
2026-07-10,FB-009,37,71.40
2026-07-10,FB-010,7,162.75
2026-07-10,HC-001,5,57.20
2026-07-10,HC-003,5,43.68
2026-07-10,HC-004,4,64.48
2026-07-10,HC-005,8,101.92
2026-07-10,HC-006,3,85.28
2026-07-10,HC-007,10,29.12
2026-07-10,HC-008,10,64.48
2026-07-10,HC-009,3,140.40
2026-07-10,HC-010,11,22.88
2026-07-10,HW-002,5,288.75
2026-07-10,HW-004,3,719.25
2026-07-10,HW-005,1,50.40
2026-07-10,HW-006,1,29.40
2026-07-10,HW-007,1,39.90
2026-07-10,HW-010,14,16.80
2026-07-10,PC-001,8,52.00
2026-07-10,PC-002,6,32.00
2026-07-10,PC-003,7,68.00
2026-07-10,PC-004,3,38.00
2026-07-10,PC-005,2,95.00
2026-07-10,PC-006,1,135.00
2026-07-10,PC-007,2,38.00
2026-07-10,PC-008,2,79.00
2026-07-10,PC-009,10,49.00
2026-07-10,PC-010,1,120.00
2026-07-10,SO-001,16,30.00
2026-07-10,SO-002,6,90.00
2026-07-10,SO-003,5,260.00
2026-07-10,SO-004,8,72.00
2026-07-10,SO-005,4,85.00
2026-07-10,SO-007,4,45.00
2026-07-10,SO-009,1,78.00
2026-07-10,SO-010,2,595.00
2026-07-11,FB-001,34,131.25
2026-07-11,FB-002,100,14.70
2026-07-11,FB-003,24,25.20
2026-07-11,FB-004,12,81.90
2026-07-11,FB-005,14,120.75
2026-07-11,FB-006,29,69.30
2026-07-11,FB-007,13,288.75
2026-07-11,FB-008,12,35.70
2026-07-11,FB-009,35,71.40
2026-07-11,FB-010,6,162.75
2026-07-11,HC-002,13,119.60
2026-07-11,HC-003,8,43.68
2026-07-11,HC-004,6,64.48
2026-07-11,HC-005,8,101.92
2026-07-11,HC-006,3,85.28
2026-07-11,HC-007,12,29.12
2026-07-11,HC-008,15,64.48
2026-07-11,HC-009,3,140.40
2026-07-11,HC-010,21,22.88
2026-07-11,HW-001,4,89.25
2026-07-11,HW-002,5,288.75
2026-07-11,HW-003,3,102.90
2026-07-11,HW-004,2,719.25
2026-07-11,HW-005,1,50.40
2026-07-11,HW-006,1,29.40
2026-07-11,HW-008,1,131.25
2026-07-11,HW-009,1,624.75
2026-07-11,HW-010,14,16.80
2026-07-11,PC-001,10,52.00
2026-07-11,PC-002,8,32.00
2026-07-11,PC-003,6,68.00
2026-07-11,PC-004,6,38.00
2026-07-11,PC-005,3,95.00
2026-07-11,PC-006,4,135.00
2026-07-11,PC-007,3,38.00
2026-07-11,PC-008,4,79.00
2026-07-11,PC-009,4,49.00
2026-07-11,SO-002,7,90.00
2026-07-11,SO-003,6,260.00
2026-07-11,SO-004,4,72.00
2026-07-11,SO-005,1,85.00
2026-07-11,SO-006,6,95.00
2026-07-11,SO-007,6,45.00
2026-07-11,SO-009,5,78.00
2026-07-12,FB-001,20,131.25
2026-07-12,FB-002,87,14.70
2026-07-12,FB-003,26,25.20
2026-07-12,FB-004,16,81.90
2026-07-12,FB-005,13,120.75
2026-07-12,FB-006,31,69.30
2026-07-12,FB-007,5,288.75
2026-07-12,FB-008,15,35.70
2026-07-12,FB-009,30,71.40
2026-07-12,FB-010,5,162.75
2026-07-12,HC-001,16,57.20
2026-07-12,HC-002,13,119.60
2026-07-12,HC-003,5,43.68
2026-07-12,HC-004,3,64.48
2026-07-12,HC-005,9,101.92
2026-07-12,HC-006,3,85.28
2026-07-12,HC-007,4,29.12
2026-07-12,HC-008,12,64.48
2026-07-12,HC-009,2,140.40
2026-07-12,HC-010,17,22.88
2026-07-12,HW-002,2,288.75
2026-07-12,HW-004,1,719.25
2026-07-12,HW-009,1,624.75
2026-07-12,HW-010,2,16.80
2026-07-12,PC-001,11,52.00
2026-07-12,PC-002,11,32.00
2026-07-12,PC-004,3,38.00
2026-07-12,PC-005,4,95.00
2026-07-12,PC-006,3,135.00
2026-07-12,PC-007,5,38.00
2026-07-12,PC-008,9,79.00
2026-07-12,PC-009,10,49.00
2026-07-12,PC-010,3,120.00
2026-07-12,SO-002,3,90.00
2026-07-12,SO-003,3,260.00
2026-07-12,SO-004,4,72.00
2026-07-12,SO-005,1,85.00
2026-07-12,SO-006,1,95.00
2026-07-12,SO-007,7,45.00
2026-07-12,SO-008,3,35.00
2026-07-12,SO-009,1,78.00
2026-07-12,SO-010,2,595.00
2026-07-13,FB-001,20,131.25
2026-07-13,FB-002,69,14.70
2026-07-13,FB-003,27,25.20
2026-07-13,FB-004,4,81.90
2026-07-13,FB-005,14,120.75
2026-07-13,FB-006,21,69.30
2026-07-13,FB-007,1,288.75
2026-07-13,FB-008,10,35.70
2026-07-13,FB-009,27,71.40
2026-07-13,FB-010,2,162.75
2026-07-13,HC-001,6,57.20
2026-07-13,HC-002,11,119.60
2026-07-13,HC-003,5,43.68
2026-07-13,HC-004,6,64.48
2026-07-13,HC-005,5,101.92
2026-07-13,HC-006,1,85.28
2026-07-13,HC-007,5,29.12
2026-07-13,HC-008,5,64.48
2026-07-13,HC-009,3,140.40
2026-07-13,HC-010,10,22.88
2026-07-13,HW-001,1,89.25
2026-07-13,HW-002,5,288.75
2026-07-13,HW-003,2,102.90
2026-07-13,HW-004,2,719.25
2026-07-13,HW-007,2,39.90
2026-07-13,HW-009,1,624.75
2026-07-13,HW-010,14,16.80
2026-07-13,PC-001,7,52.00
2026-07-13,PC-002,6,32.00
2026-07-13,PC-004,3,38.00
2026-07-13,PC-005,5,95.00
2026-07-13,PC-006,1,135.00
2026-07-13,PC-007,2,38.00
2026-07-13,PC-009,9,49.00
2026-07-13,PC-010,1,120.00
2026-07-13,SO-001,20,30.00
2026-07-13,SO-002,3,90.00
2026-07-13,SO-003,3,260.00
2026-07-13,SO-004,8,72.00
2026-07-13,SO-005,1,85.00
2026-07-13,SO-006,5,95.00
2026-07-13,SO-007,1,45.00
2026-07-13,SO-008,7,35.00
2026-07-13,SO-009,3,78.00
2026-07-14,FB-001,20,131.25
2026-07-14,FB-002,62,14.70
2026-07-14,FB-003,17,25.20
2026-07-14,FB-004,6,81.90
2026-07-14,FB-005,12,120.75
2026-07-14,FB-006,24,69.30
2026-07-14,FB-007,5,288.75
2026-07-14,FB-008,10,35.70
2026-07-14,FB-009,38,71.40
2026-07-14,FB-010,8,162.75
2026-07-14,HC-001,16,57.20
2026-07-14,HC-002,6,119.60
2026-07-14,HC-003,14,43.68
2026-07-14,HC-004,3,64.48
2026-07-14,HC-005,7,101.92
2026-07-14,HC-006,6,85.28
2026-07-14,HC-007,9,29.12
2026-07-14,HC-008,11,64.48
2026-07-14,HC-009,3,140.40
2026-07-14,HC-010,15,22.88
2026-07-14,HW-001,2,89.25
2026-07-14,HW-002,3,288.75
2026-07-14,HW-005,2,50.40
2026-07-14,HW-006,2,29.40
2026-07-14,HW-010,11,16.80
2026-07-14,PC-001,8,52.00
2026-07-14,PC-002,5,32.00
2026-07-14,PC-003,4,68.00
2026-07-14,PC-004,1,38.00
2026-07-14,PC-005,2,95.00
2026-07-14,PC-006,4,135.00
2026-07-14,PC-007,6,38.00
2026-07-14,PC-008,6,79.00
2026-07-14,PC-009,8,49.00
2026-07-14,SO-001,19,30.00
2026-07-14,SO-002,7,90.00
2026-07-14,SO-003,3,260.00
2026-07-14,SO-004,7,72.00
2026-07-14,SO-005,4,85.00
2026-07-14,SO-006,6,95.00
2026-07-14,SO-007,2,45.00
2026-07-14,SO-008,5,35.00
2026-07-14,SO-009,1,78.00
2026-07-14,SO-010,1,595.00
2026-07-15,FB-001,11,131.25
2026-07-15,FB-002,58,14.70
2026-07-15,FB-003,18,25.20
2026-07-15,FB-004,8,81.90
2026-07-15,FB-005,16,120.75
2026-07-15,FB-006,28,69.30
2026-07-15,FB-007,14,288.75
2026-07-15,FB-008,13,35.70
2026-07-15,FB-009,44,71.40
2026-07-15,FB-010,5,162.75
2026-07-15,HC-001,8,57.20
2026-07-15,HC-002,8,119.60
2026-07-15,HC-003,5,43.68
2026-07-15,HC-004,7,64.48
2026-07-15,HC-005,4,101.92
2026-07-15,HC-006,5,85.28
2026-07-15,HC-007,5,29.12
2026-07-15,HC-008,6,64.48
2026-07-15,HC-009,4,140.40
2026-07-15,HC-010,14,22.88
2026-07-15,HW-001,1,89.25
2026-07-15,HW-002,7,288.75
2026-07-15,HW-003,1,102.90
2026-07-15,HW-004,1,719.25
2026-07-15,HW-005,1,50.40
2026-07-15,HW-007,1,39.90
2026-07-15,HW-008,1,131.25
2026-07-15,HW-010,12,16.80
2026-07-15,PC-001,13,52.00
2026-07-15,PC-002,8,32.00
2026-07-15,PC-003,4,68.00
2026-07-15,PC-005,1,95.00
2026-07-15,PC-006,3,135.00
2026-07-15,PC-007,6,38.00
2026-07-15,PC-008,4,79.00
2026-07-15,PC-009,11,49.00
2026-07-15,PC-010,2,120.00
2026-07-15,SO-001,19,30.00
2026-07-15,SO-002,6,90.00
2026-07-15,SO-003,4,260.00
2026-07-15,SO-004,6,72.00
2026-07-15,SO-005,5,85.00
2026-07-15,SO-006,5,95.00
2026-07-15,SO-007,1,45.00
2026-07-15,SO-008,6,35.00
2026-07-15,SO-009,4,78.00
2026-07-15,SO-010,1,595.00
2026-07-16,FB-001,17,131.25
2026-07-16,FB-002,80,14.70
2026-07-16,FB-003,23,25.20
2026-07-16,FB-004,11,81.90
2026-07-16,FB-005,11,120.75
2026-07-16,FB-006,29,69.30
2026-07-16,FB-007,10,288.75
2026-07-16,FB-008,7,35.70
2026-07-16,FB-009,48,71.40
2026-07-16,FB-010,8,162.75
2026-07-16,HC-001,9,57.20
2026-07-16,HC-002,7,119.60
2026-07-16,HC-004,3,64.48
2026-07-16,HC-005,4,101.92
2026-07-16,HC-007,9,29.12
2026-07-16,HC-008,12,64.48
2026-07-16,HC-009,3,140.40
2026-07-16,HC-010,29,22.88
2026-07-16,HW-002,5,288.75
2026-07-16,HW-004,1,719.25
2026-07-16,HW-005,2,50.40
2026-07-16,HW-006,3,29.40
2026-07-16,HW-007,1,39.90
2026-07-16,HW-008,2,131.25
2026-07-16,HW-010,12,16.80
2026-07-16,PC-001,6,52.00
2026-07-16,PC-002,6,32.00
2026-07-16,PC-003,8,68.00
2026-07-16,PC-004,3,38.00
2026-07-16,PC-005,2,95.00
2026-07-16,PC-006,1,135.00
2026-07-16,PC-007,3,38.00
2026-07-16,PC-008,4,79.00
2026-07-16,PC-009,6,49.00
2026-07-16,PC-010,1,120.00
2026-07-16,SO-001,12,30.00
2026-07-16,SO-002,4,90.00
2026-07-16,SO-003,4,260.00
2026-07-16,SO-004,11,72.00
2026-07-16,SO-005,5,85.00
2026-07-16,SO-006,3,95.00
2026-07-16,SO-007,2,45.00
2026-07-16,SO-008,4,35.00
2026-07-16,SO-009,2,78.00
2026-07-17,FB-001,14,131.25
2026-07-17,FB-002,59,14.70
2026-07-17,FB-003,21,25.20
2026-07-17,FB-004,10,81.90
2026-07-17,FB-005,13,120.75
2026-07-17,FB-006,23,69.30
2026-07-17,FB-007,13,288.75
2026-07-17,FB-008,5,35.70
2026-07-17,FB-009,28,71.40
2026-07-17,FB-010,5,162.75
2026-07-17,HC-001,12,57.20
2026-07-17,HC-002,9,119.60
2026-07-17,HC-004,6,64.48
2026-07-17,HC-005,12,101.92
2026-07-17,HC-006,4,85.28
2026-07-17,HC-007,14,29.12
2026-07-17,HC-008,4,64.48
2026-07-17,HC-009,6,140.40
2026-07-17,HC-010,15,22.88
2026-07-17,HW-001,1,89.25
2026-07-17,HW-002,3,288.75
2026-07-17,HW-005,1,50.40
2026-07-17,HW-006,1,29.40
2026-07-17,HW-007,1,39.90
2026-07-17,HW-008,1,131.25
2026-07-17,HW-009,1,624.75
2026-07-17,HW-010,9,16.80
2026-07-17,PC-001,5,52.00
2026-07-17,PC-002,14,32.00
2026-07-17,PC-003,4,68.00
2026-07-17,PC-004,4,38.00
2026-07-17,PC-005,5,95.00
2026-07-17,PC-006,4,135.00
2026-07-17,PC-007,2,38.00
2026-07-17,PC-008,3,79.00
2026-07-17,PC-009,14,49.00
2026-07-17,PC-010,2,120.00
2026-07-17,SO-001,18,30.00
2026-07-17,SO-002,1,90.00
2026-07-17,SO-003,6,260.00
2026-07-17,SO-004,6,72.00
2026-07-17,SO-006,3,95.00
2026-07-17,SO-008,5,35.00
2026-07-17,SO-009,2,78.00
2026-07-18,FB-001,20,131.25
2026-07-18,FB-002,62,14.70
2026-07-18,FB-003,27,25.20
2026-07-18,FB-004,9,81.90
2026-07-18,FB-005,15,120.75
2026-07-18,FB-006,31,69.30
2026-07-18,FB-007,3,288.75
2026-07-18,FB-009,51,71.40
2026-07-18,FB-010,10,162.75
2026-07-18,HC-001,18,57.20
2026-07-18,HC-002,7,119.60
2026-07-18,HC-003,7,43.68
2026-07-18,HC-004,3,64.48
2026-07-18,HC-005,7,101.92
2026-07-18,HC-006,9,85.28
2026-07-18,HC-007,11,29.12
2026-07-18,HC-008,6,64.48
2026-07-18,HC-009,1,140.40
2026-07-18,HC-010,14,22.88
2026-07-18,HW-001,2,89.25
2026-07-18,HW-002,7,288.75
2026-07-18,HW-003,2,102.90
2026-07-18,HW-004,2,719.25
2026-07-18,HW-005,1,50.40
2026-07-18,HW-007,2,39.90
2026-07-18,HW-010,19,16.80
2026-07-18,PC-001,16,52.00
2026-07-18,PC-002,9,32.00
2026-07-18,PC-003,3,68.00
2026-07-18,PC-004,6,38.00
2026-07-18,PC-005,5,95.00
2026-07-18,PC-007,5,38.00
2026-07-18,PC-008,5,79.00
2026-07-18,PC-009,9,49.00
2026-07-18,PC-010,1,120.00
2026-07-18,SO-001,13,30.00
2026-07-18,SO-002,3,90.00
2026-07-18,SO-003,5,260.00
2026-07-18,SO-004,4,72.00
2026-07-18,SO-006,2,95.00
2026-07-18,SO-007,3,45.00
2026-07-18,SO-008,3,35.00
2026-07-18,SO-009,3,78.00
2026-07-18,SO-010,2,595.00
2026-07-19,FB-001,22,131.25
2026-07-19,FB-002,55,14.70
2026-07-19,FB-003,18,25.20
2026-07-19,FB-004,14,81.90
2026-07-19,FB-005,14,120.75
2026-07-19,FB-006,34,69.30
2026-07-19,FB-007,10,288.75
2026-07-19,FB-008,12,35.70
2026-07-19,FB-009,43,71.40
2026-07-19,FB-010,8,162.75
2026-07-19,HC-001,11,57.20
2026-07-19,HC-002,15,119.60
2026-07-19,HC-003,10,43.68
2026-07-19,HC-004,6,64.48
2026-07-19,HC-005,5,101.92
2026-07-19,HC-006,4,85.28
2026-07-19,HC-007,4,29.12
2026-07-19,HC-008,5,64.48
2026-07-19,HC-009,3,140.40
2026-07-19,HC-010,23,22.88
2026-07-19,HW-003,1,102.90
2026-07-19,HW-005,1,50.40
2026-07-19,HW-010,8,16.80
2026-07-19,PC-001,6,52.00
2026-07-19,PC-002,7,32.00
2026-07-19,PC-003,4,68.00
2026-07-19,PC-004,4,38.00
2026-07-19,PC-005,5,95.00
2026-07-19,PC-006,1,135.00
2026-07-19,PC-007,5,38.00
2026-07-19,PC-008,4,79.00
2026-07-19,PC-009,7,49.00
2026-07-19,PC-010,2,120.00
2026-07-19,SO-001,8,30.00
2026-07-19,SO-002,2,90.00
2026-07-19,SO-003,1,260.00
2026-07-19,SO-004,3,72.00
2026-07-19,SO-005,2,85.00
2026-07-19,SO-006,4,95.00
2026-07-19,SO-007,1,45.00
2026-07-19,SO-008,4,35.00
2026-07-19,SO-009,3,78.00
2026-07-20,FB-001,8,131.25
2026-07-20,FB-002,41,14.70
2026-07-20,FB-003,7,25.20
2026-07-20,FB-004,7,81.90
2026-07-20,FB-005,13,120.75
2026-07-20,FB-006,23,69.30
2026-07-20,FB-007,8,288.75
2026-07-20,FB-008,5,35.70
2026-07-20,FB-009,21,71.40
2026-07-20,FB-010,7,162.75
2026-07-20,HC-001,14,57.20
2026-07-20,HC-002,7,119.60
2026-07-20,HC-003,8,43.68
2026-07-20,HC-004,3,64.48
2026-07-20,HC-005,2,101.92
2026-07-20,HC-006,2,85.28
2026-07-20,HC-007,4,29.12
2026-07-20,HC-008,4,64.48
2026-07-20,HC-009,2,140.40
2026-07-20,HC-010,5,22.88
2026-07-20,HW-001,1,89.25
2026-07-20,HW-002,5,288.75
2026-07-20,HW-004,1,719.25
2026-07-20,HW-006,1,29.40
2026-07-20,HW-007,1,39.90
2026-07-20,HW-008,1,131.25
2026-07-20,HW-010,8,16.80
2026-07-20,PC-001,8,52.00
2026-07-20,PC-002,15,32.00
2026-07-20,PC-003,5,68.00
2026-07-20,PC-004,5,38.00
2026-07-20,PC-005,4,95.00
2026-07-20,PC-006,4,135.00
2026-07-20,PC-007,4,38.00
2026-07-20,PC-008,2,79.00
2026-07-20,PC-009,5,49.00
2026-07-20,PC-010,3,120.00
2026-07-20,SO-001,20,30.00
2026-07-20,SO-002,4,90.00
2026-07-20,SO-003,7,260.00
2026-07-20,SO-004,4,72.00
2026-07-20,SO-005,5,85.00
2026-07-20,SO-006,6,95.00
2026-07-20,SO-007,3,45.00
2026-07-20,SO-008,6,35.00
2026-07-20,SO-009,3,78.00
2026-07-20,SO-010,1,595.00
2026-07-21,FB-001,24,131.25
2026-07-21,FB-002,40,14.70
2026-07-21,FB-003,12,25.20
2026-07-21,FB-004,6,81.90
2026-07-21,FB-005,19,120.75
2026-07-21,FB-006,15,69.30
2026-07-21,FB-007,5,288.75
2026-07-21,FB-008,7,35.70
2026-07-21,FB-010,6,162.75
2026-07-21,HC-001,8,57.20
2026-07-21,HC-002,16,119.60
2026-07-21,HC-003,3,43.68
2026-07-21,HC-004,6,64.48
2026-07-21,HC-005,5,101.92
2026-07-21,HC-006,2,85.28
2026-07-21,HC-007,7,29.12
2026-07-21,HC-008,6,64.48
2026-07-21,HC-010,10,22.88
2026-07-21,HW-002,2,288.75
2026-07-21,HW-004,2,719.25
2026-07-21,HW-005,3,50.40
2026-07-21,HW-006,2,29.40
2026-07-21,HW-008,1,131.25
2026-07-21,HW-009,1,624.75
2026-07-21,HW-010,12,16.80
2026-07-21,PC-001,9,52.00
2026-07-21,PC-002,11,32.00
2026-07-21,PC-003,7,68.00
2026-07-21,PC-004,8,38.00
2026-07-21,PC-005,6,95.00
2026-07-21,PC-006,2,135.00
2026-07-21,PC-007,6,38.00
2026-07-21,PC-008,1,79.00
2026-07-21,PC-009,5,49.00
2026-07-21,PC-010,1,120.00
2026-07-21,SO-001,12,30.00
2026-07-21,SO-002,8,90.00
2026-07-21,SO-003,8,260.00
2026-07-21,SO-004,6,72.00
2026-07-21,SO-005,5,85.00
2026-07-21,SO-006,7,95.00
2026-07-21,SO-007,3,45.00
2026-07-21,SO-008,4,35.00
2026-07-21,SO-009,3,78.00
2026-07-21,SO-010,1,595.00
2026-07-22,FB-001,20,131.25
2026-07-22,FB-002,44,14.70
2026-07-22,FB-003,17,25.20
2026-07-22,FB-004,7,81.90
2026-07-22,FB-005,20,120.75
2026-07-22,FB-006,13,69.30
2026-07-22,FB-007,6,288.75
2026-07-22,FB-008,12,35.70
2026-07-22,FB-010,1,162.75
2026-07-22,HC-001,12,57.20
2026-07-22,HC-002,4,119.60
2026-07-22,HC-003,6,43.68
2026-07-22,HC-004,10,64.48
2026-07-22,HC-005,3,101.92
2026-07-22,HC-006,1,85.28
2026-07-22,HC-007,4,29.12
2026-07-22,HC-008,11,64.48
2026-07-22,HC-009,1,140.40
2026-07-22,HC-010,18,22.88
2026-07-22,HW-002,4,288.75
2026-07-22,HW-003,1,102.90
2026-07-22,HW-005,1,50.40
2026-07-22,HW-010,9,16.80
2026-07-22,PC-001,8,52.00
2026-07-22,PC-002,8,32.00
2026-07-22,PC-003,7,68.00
2026-07-22,PC-004,4,38.00
2026-07-22,PC-005,5,95.00
2026-07-22,PC-006,3,135.00
2026-07-22,PC-008,3,79.00
2026-07-22,PC-009,5,49.00
2026-07-22,SO-001,14,30.00
2026-07-22,SO-002,9,90.00
2026-07-22,SO-003,3,260.00
2026-07-22,SO-004,6,72.00
2026-07-22,SO-005,2,85.00
2026-07-22,SO-007,6,45.00
2026-07-22,SO-008,6,35.00
2026-07-23,FB-001,17,131.25
2026-07-23,FB-002,67,14.70
2026-07-23,FB-003,11,25.20
2026-07-23,FB-004,6,81.90
2026-07-23,FB-005,11,120.75
2026-07-23,FB-006,18,69.30
2026-07-23,FB-007,7,288.75
2026-07-23,FB-008,11,35.70
2026-07-23,FB-009,22,71.40
2026-07-23,FB-010,10,162.75
2026-07-23,HC-001,10,57.20
2026-07-23,HC-002,4,119.60
2026-07-23,HC-003,9,43.68
2026-07-23,HC-004,6,64.48
2026-07-23,HC-005,1,101.92
2026-07-23,HC-007,4,29.12
2026-07-23,HC-008,6,64.48
2026-07-23,HC-009,1,140.40
2026-07-23,HC-010,10,22.88
2026-07-23,HW-001,2,89.25
2026-07-23,HW-002,4,288.75
2026-07-23,HW-003,1,102.90
2026-07-23,HW-007,1,39.90
2026-07-23,HW-010,6,16.80
2026-07-23,PC-001,6,52.00
2026-07-23,PC-002,10,32.00
2026-07-23,PC-003,7,68.00
2026-07-23,PC-004,1,38.00
2026-07-23,PC-005,2,95.00
2026-07-23,PC-006,1,135.00
2026-07-23,PC-007,5,38.00
2026-07-23,PC-008,3,79.00
2026-07-23,PC-009,4,49.00
2026-07-23,PC-010,1,120.00
2026-07-23,SO-001,20,30.00
2026-07-23,SO-002,6,90.00
2026-07-23,SO-003,3,260.00
2026-07-23,SO-004,5,72.00
2026-07-23,SO-005,2,85.00
2026-07-23,SO-006,1,95.00
2026-07-23,SO-007,2,45.00
2026-07-23,SO-008,4,35.00
2026-07-23,SO-009,2,78.00
2026-07-24,FB-001,18,131.25
2026-07-24,FB-002,66,14.70
2026-07-24,FB-003,19,25.20
2026-07-24,FB-004,10,81.90
2026-07-24,FB-005,11,120.75
2026-07-24,FB-006,22,69.30
2026-07-24,FB-007,7,288.75
2026-07-24,FB-008,12,35.70
2026-07-24,FB-009,25,71.40
2026-07-24,FB-010,9,162.75
2026-07-24,HC-001,18,57.20
2026-07-24,HC-002,7,119.60
2026-07-24,HC-003,6,43.68
2026-07-24,HC-004,1,64.48
2026-07-24,HC-005,8,101.92
2026-07-24,HC-006,3,85.28
2026-07-24,HC-007,5,29.12
2026-07-24,HC-008,6,64.48
2026-07-24,HC-009,3,140.40
2026-07-24,HC-010,17,22.88
2026-07-24,HW-001,3,89.25
2026-07-24,HW-002,8,288.75
2026-07-24,HW-005,1,50.40
2026-07-24,HW-006,2,29.40
2026-07-24,HW-010,9,16.80
2026-07-24,PC-001,11,52.00
2026-07-24,PC-002,12,32.00
2026-07-24,PC-003,7,68.00
2026-07-24,PC-004,6,38.00
2026-07-24,PC-005,3,95.00
2026-07-24,PC-007,5,38.00
2026-07-24,PC-008,2,79.00
2026-07-24,PC-009,3,49.00
2026-07-24,PC-010,1,120.00
2026-07-24,SO-001,13,30.00
2026-07-24,SO-002,4,90.00
2026-07-24,SO-003,2,260.00
2026-07-24,SO-004,6,72.00
2026-07-24,SO-005,2,85.00
2026-07-24,SO-006,3,95.00
2026-07-24,SO-007,1,45.00
2026-07-24,SO-008,4,35.00
2026-07-24,SO-010,1,595.00
2026-07-25,FB-001,27,131.25
2026-07-25,FB-002,60,14.70
2026-07-25,FB-003,30,25.20
2026-07-25,FB-004,15,81.90
2026-07-25,FB-005,21,120.75
2026-07-25,FB-006,24,69.30
2026-07-25,FB-007,6,288.75
2026-07-25,FB-008,12,35.70
2026-07-25,FB-009,28,71.40
2026-07-25,FB-010,5,162.75
2026-07-25,HC-001,20,57.20
2026-07-25,HC-002,9,119.60
2026-07-25,HC-003,5,43.68
2026-07-25,HC-004,8,64.48
2026-07-25,HC-005,4,101.92
2026-07-25,HC-006,4,85.28
2026-07-25,HC-007,8,29.12
2026-07-25,HC-008,3,64.48
2026-07-25,HC-009,4,140.40
2026-07-25,HC-010,17,22.88
2026-07-25,HW-001,3,89.25
2026-07-25,HW-002,2,288.75
2026-07-25,HW-003,2,102.90
2026-07-25,HW-004,1,719.25
2026-07-25,HW-005,3,50.40
2026-07-25,HW-010,12,16.80
2026-07-25,PC-001,21,52.00
2026-07-25,PC-002,8,32.00
2026-07-25,PC-003,2,68.00
2026-07-25,PC-005,8,95.00
2026-07-25,PC-007,6,38.00
2026-07-25,PC-008,2,79.00
2026-07-25,PC-009,9,49.00
2026-07-25,PC-010,2,120.00
2026-07-25,SO-001,13,30.00
2026-07-25,SO-002,8,90.00
2026-07-25,SO-003,3,260.00
2026-07-25,SO-004,2,72.00
2026-07-25,SO-005,1,85.00
2026-07-25,SO-006,2,95.00
2026-07-25,SO-008,1,35.00
2026-07-26,FB-001,23,131.25
2026-07-26,FB-002,71,14.70
2026-07-26,FB-003,20,25.20
2026-07-26,FB-004,10,81.90
2026-07-26,FB-005,12,120.75
2026-07-26,FB-006,26,69.30
2026-07-26,FB-007,7,288.75
2026-07-26,FB-008,15,35.70
2026-07-26,FB-009,25,71.40
2026-07-26,FB-010,5,162.75
2026-07-26,HC-001,13,57.20
2026-07-26,HC-002,9,119.60
2026-07-26,HC-003,4,43.68
2026-07-26,HC-004,3,64.48
2026-07-26,HC-005,6,101.92
2026-07-26,HC-006,5,85.28
2026-07-26,HC-007,8,29.12
2026-07-26,HC-008,12,64.48
2026-07-26,HC-009,1,140.40
2026-07-26,HC-010,20,22.88
2026-07-26,HW-001,1,89.25
2026-07-26,HW-002,3,288.75
2026-07-26,HW-006,1,29.40
2026-07-26,HW-007,2,39.90
2026-07-26,HW-008,1,131.25
2026-07-26,HW-010,7,16.80
2026-07-26,PC-001,12,52.00
2026-07-26,PC-002,16,32.00
2026-07-26,PC-003,9,68.00
2026-07-26,PC-004,4,38.00
2026-07-26,PC-005,5,95.00
2026-07-26,PC-007,4,38.00
2026-07-26,PC-008,4,79.00
2026-07-26,PC-010,3,120.00
2026-07-26,SO-001,3,30.00
2026-07-26,SO-002,1,90.00
2026-07-26,SO-003,6,260.00
2026-07-26,SO-004,7,72.00
2026-07-26,SO-005,2,85.00
2026-07-26,SO-006,2,95.00
2026-07-26,SO-007,1,45.00
2026-07-26,SO-009,1,78.00
2026-07-27,FB-001,17,131.25
2026-07-27,FB-002,55,14.70
2026-07-27,FB-003,11,25.20
2026-07-27,FB-004,6,81.90
2026-07-27,FB-005,17,120.75
2026-07-27,FB-006,16,69.30
2026-07-27,FB-007,1,288.75
2026-07-27,FB-008,9,35.70
2026-07-27,FB-009,16,71.40
2026-07-27,FB-010,8,162.75
2026-07-27,HC-001,19,57.20
2026-07-27,HC-002,7,119.60
2026-07-27,HC-003,2,43.68
2026-07-27,HC-004,2,64.48
2026-07-27,HC-005,3,101.92
2026-07-27,HC-006,1,85.28
2026-07-27,HC-007,9,29.12
2026-07-27,HC-008,12,64.48
2026-07-27,HC-009,6,140.40
2026-07-27,HW-001,1,89.25
2026-07-27,HW-002,5,288.75
2026-07-27,HW-004,2,719.25
2026-07-27,HW-005,1,50.40
2026-07-27,HW-006,2,29.40
2026-07-27,HW-010,17,16.80
2026-07-27,PC-001,7,52.00
2026-07-27,PC-002,9,32.00
2026-07-27,PC-003,5,68.00
2026-07-27,PC-004,2,38.00
2026-07-27,PC-005,3,95.00
2026-07-27,PC-007,4,38.00
2026-07-27,PC-008,2,79.00
2026-07-27,PC-009,3,49.00
2026-07-27,SO-001,11,30.00
2026-07-27,SO-002,5,90.00
2026-07-27,SO-003,3,260.00
2026-07-27,SO-004,7,72.00
2026-07-27,SO-005,4,85.00
2026-07-27,SO-006,6,95.00
2026-07-27,SO-007,3,45.00
2026-07-27,SO-008,5,35.00
2026-07-27,SO-009,3,78.00
2026-07-28,FB-001,16,131.25
2026-07-28,FB-002,54,14.70
2026-07-28,FB-003,25,25.20
2026-07-28,FB-004,11,81.90
2026-07-28,FB-005,10,120.75
2026-07-28,FB-006,27,69.30
2026-07-28,FB-007,7,288.75
2026-07-28,FB-008,8,35.70
2026-07-28,FB-009,25,71.40
2026-07-28,FB-010,4,162.75
2026-07-28,HC-001,10,57.20
2026-07-28,HC-002,8,119.60
2026-07-28,HC-003,1,43.68
2026-07-28,HC-004,5,64.48
2026-07-28,HC-005,5,101.92
2026-07-28,HC-006,4,85.28
2026-07-28,HC-007,5,29.12
2026-07-28,HC-008,13,64.48
2026-07-28,HC-009,3,140.40
2026-07-28,HC-010,19,22.88
2026-07-28,HW-002,9,288.75
2026-07-28,HW-003,3,102.90
2026-07-28,HW-005,2,50.40
2026-07-28,HW-008,1,131.25
2026-07-28,HW-009,1,624.75
2026-07-28,HW-010,11,16.80
2026-07-28,PC-001,5,52.00
2026-07-28,PC-002,13,32.00
2026-07-28,PC-003,5,68.00
2026-07-28,PC-004,2,38.00
2026-07-28,PC-005,3,95.00
2026-07-28,PC-006,4,135.00
2026-07-28,PC-007,3,38.00
2026-07-28,PC-008,4,79.00
2026-07-28,PC-009,7,49.00
2026-07-28,PC-010,3,120.00
2026-07-28,SO-001,17,30.00
2026-07-28,SO-002,4,90.00
2026-07-28,SO-003,3,260.00
2026-07-28,SO-004,7,72.00
2026-07-28,SO-005,2,85.00
2026-07-28,SO-006,4,95.00
2026-07-28,SO-007,1,45.00
2026-07-28,SO-008,3,35.00
2026-07-28,SO-009,2,78.00
2026-07-29,FB-001,9,131.25
2026-07-29,FB-002,62,14.70
2026-07-29,FB-003,16,25.20
2026-07-29,FB-004,12,81.90
2026-07-29,FB-005,17,120.75
2026-07-29,FB-006,21,69.30
2026-07-29,FB-007,8,288.75
2026-07-29,FB-008,10,35.70
2026-07-29,FB-009,28,71.40
2026-07-29,FB-010,1,162.75
2026-07-29,HC-001,18,57.20
2026-07-29,HC-002,7,119.60
2026-07-29,HC-003,10,43.68
2026-07-29,HC-004,3,64.48
2026-07-29,HC-005,7,101.92
2026-07-29,HC-006,2,85.28
2026-07-29,HC-007,9,29.12
2026-07-29,HC-008,7,64.48
2026-07-29,HC-009,1,140.40
2026-07-29,HC-010,17,22.88
2026-07-29,HW-001,4,89.25
2026-07-29,HW-002,1,288.75
2026-07-29,HW-003,1,102.90
2026-07-29,HW-005,2,50.40
2026-07-29,HW-006,2,29.40
2026-07-29,HW-010,7,16.80
2026-07-29,PC-001,8,52.00
2026-07-29,PC-002,5,32.00
2026-07-29,PC-003,3,68.00
2026-07-29,PC-004,2,38.00
2026-07-29,PC-005,3,95.00
2026-07-29,PC-006,3,135.00
2026-07-29,PC-007,7,38.00
2026-07-29,PC-008,2,79.00
2026-07-29,PC-009,7,49.00
2026-07-29,PC-010,1,120.00
2026-07-29,SO-001,16,30.00
2026-07-29,SO-002,6,90.00
2026-07-29,SO-003,6,260.00
2026-07-29,SO-004,9,72.00
2026-07-29,SO-005,1,85.00
2026-07-29,SO-006,4,95.00
2026-07-29,SO-008,1,35.00
2026-07-29,SO-009,4,78.00
2026-07-29,SO-010,1,595.00
2026-07-30,FB-001,23,131.25
2026-07-30,FB-002,91,14.70
2026-07-30,FB-003,23,25.20
2026-07-30,FB-004,22,81.90
2026-07-30,FB-005,6,120.75
2026-07-30,FB-006,33,69.30
2026-07-30,FB-007,7,288.75
2026-07-30,FB-008,13,35.70
2026-07-30,FB-009,37,71.40
2026-07-30,FB-010,3,162.75
2026-07-30,HC-001,19,57.20
2026-07-30,HC-002,11,119.60
2026-07-30,HC-003,7,43.68
2026-07-30,HC-004,3,64.48
2026-07-30,HC-005,11,101.92
2026-07-30,HC-006,2,85.28
2026-07-30,HC-007,3,29.12
2026-07-30,HC-008,7,64.48
2026-07-30,HC-009,2,140.40
2026-07-30,HC-010,16,22.88
2026-07-30,HW-001,1,89.25
2026-07-30,HW-002,2,288.75
2026-07-30,HW-003,1,102.90
2026-07-30,HW-004,1,719.25
2026-07-30,HW-008,1,131.25
2026-07-30,HW-009,1,624.75
2026-07-30,HW-010,7,16.80
2026-07-30,PC-001,7,52.00
2026-07-30,PC-002,3,32.00
2026-07-30,PC-003,5,68.00
2026-07-30,PC-004,7,38.00
2026-07-30,PC-005,2,95.00
2026-07-30,PC-006,3,135.00
2026-07-30,PC-007,5,38.00
2026-07-30,PC-008,5,79.00
2026-07-30,PC-009,10,49.00
2026-07-30,PC-010,1,120.00
2026-07-30,SO-001,13,30.00
2026-07-30,SO-002,8,90.00
2026-07-30,SO-003,4,260.00
2026-07-30,SO-004,4,72.00
2026-07-30,SO-005,7,85.00
2026-07-30,SO-006,6,95.00
2026-07-30,SO-007,2,45.00
2026-07-30,SO-008,3,35.00
2026-07-30,SO-009,3,78.00
2026-07-30,SO-010,2,595.00
2026-07-31,FB-001,21,131.25
2026-07-31,FB-002,118,14.70
2026-07-31,FB-003,31,25.20
2026-07-31,FB-004,12,81.90
2026-07-31,FB-005,22,120.75
2026-07-31,FB-006,48,69.30
2026-07-31,FB-007,12,288.75
2026-07-31,FB-008,10,35.70
2026-07-31,FB-009,32,71.40
2026-07-31,FB-010,7,162.75
2026-07-31,HC-001,19,57.20
2026-07-31,HC-002,6,119.60
2026-07-31,HC-003,4,43.68
2026-07-31,HC-004,11,64.48
2026-07-31,HC-005,4,101.92
2026-07-31,HC-006,7,85.28
2026-07-31,HC-007,11,29.12
2026-07-31,HC-008,7,64.48
2026-07-31,HC-009,2,140.40
2026-07-31,HC-010,14,22.88
2026-07-31,HW-001,3,89.25
2026-07-31,HW-002,4,288.75
2026-07-31,HW-003,1,102.90
2026-07-31,HW-004,1,719.25
2026-07-31,HW-005,1,50.40
2026-07-31,HW-006,1,29.40
2026-07-31,HW-008,2,131.25
2026-07-31,HW-009,1,624.75
2026-07-31,HW-010,10,16.80
2026-07-31,PC-001,17,52.00
2026-07-31,PC-003,5,68.00
2026-07-31,PC-004,8,38.00
2026-07-31,PC-005,2,95.00
2026-07-31,PC-006,3,135.00
2026-07-31,PC-007,5,38.00
2026-07-31,PC-008,3,79.00
2026-07-31,PC-009,13,49.00
2026-07-31,PC-010,3,120.00
2026-07-31,SO-001,12,30.00
2026-07-31,SO-002,3,90.00
2026-07-31,SO-003,6,260.00
2026-07-31,SO-004,5,72.00
2026-07-31,SO-005,4,85.00
2026-07-31,SO-007,1,45.00
2026-07-31,SO-008,4,35.00
2026-07-31,SO-010,1,595.00
2026-08-01,FB-001,33,131.25
2026-08-01,FB-002,128,14.70
2026-08-01,FB-003,37,25.20
2026-08-01,FB-004,20,81.90
2026-08-01,FB-005,21,120.75
2026-08-01,FB-006,43,69.30
2026-08-01,FB-007,14,288.75
2026-08-01,FB-008,16,35.70
2026-08-01,FB-009,47,71.40
2026-08-01,FB-010,16,162.75
2026-08-01,HC-001,18,57.20
2026-08-01,HC-002,8,119.60
2026-08-01,HC-003,10,43.68
2026-08-01,HC-004,8,64.48
2026-08-01,HC-005,11,101.92
2026-08-01,HC-006,7,85.28
2026-08-01,HC-007,12,29.12
2026-08-01,HC-008,13,64.48
2026-08-01,HC-009,5,140.40
2026-08-01,HC-010,22,22.88
2026-08-01,HW-001,4,89.25
2026-08-01,HW-002,2,288.75
2026-08-01,HW-003,4,102.90
2026-08-01,HW-005,2,50.40
2026-08-01,HW-006,1,29.40
2026-08-01,HW-009,2,624.75
2026-08-01,HW-010,14,16.80
2026-08-01,PC-001,9,52.00
2026-08-01,PC-002,8,32.00
2026-08-01,PC-003,6,68.00
2026-08-01,PC-004,6,38.00
2026-08-01,PC-005,2,95.00
2026-08-01,PC-006,4,135.00
2026-08-01,PC-007,3,38.00
2026-08-01,PC-008,8,79.00
2026-08-01,PC-009,10,49.00
2026-08-01,PC-010,1,120.00
2026-08-01,SO-001,13,30.00
2026-08-01,SO-002,3,90.00
2026-08-01,SO-003,4,260.00
2026-08-01,SO-004,2,72.00
2026-08-01,SO-005,1,85.00
2026-08-01,SO-006,2,95.00
2026-08-01,SO-007,1,45.00
2026-08-01,SO-008,3,35.00
2026-08-01,SO-009,2,78.00
2026-08-02,FB-001,23,131.25
2026-08-02,FB-002,79,14.70
2026-08-02,FB-003,20,25.20
2026-08-02,FB-004,22,81.90
2026-08-02,FB-005,13,120.75
2026-08-02,FB-006,21,69.30
2026-08-02,FB-007,7,288.75
2026-08-02,FB-008,8,35.70
2026-08-02,FB-009,27,71.40
2026-08-02,FB-010,4,162.75
2026-08-02,HC-001,27,57.20
2026-08-02,HC-002,14,119.60
2026-08-02,HC-003,7,43.68
2026-08-02,HC-004,4,64.48
2026-08-02,HC-005,6,101.92
2026-08-02,HC-006,4,85.28
2026-08-02,HC-007,8,29.12
2026-08-02,HC-008,13,64.48
2026-08-02,HC-009,2,140.40
2026-08-02,HC-010,16,22.88
2026-08-02,HW-001,1,89.25
2026-08-02,HW-002,1,288.75
2026-08-02,HW-003,1,102.90
2026-08-02,HW-006,1,29.40
2026-08-02,HW-007,1,39.90
2026-08-02,HW-009,1,624.75
2026-08-02,HW-010,7,16.80
2026-08-02,PC-001,9,52.00
2026-08-02,PC-002,9,32.00
2026-08-02,PC-003,3,68.00
2026-08-02,PC-004,4,38.00
2026-08-02,PC-005,4,95.00
2026-08-02,PC-006,4,135.00
2026-08-02,PC-007,1,38.00
2026-08-02,PC-008,3,79.00
2026-08-02,PC-009,6,49.00
2026-08-02,PC-010,1,120.00
2026-08-02,SO-001,7,30.00
2026-08-02,SO-002,3,90.00
2026-08-02,SO-003,4,260.00
2026-08-02,SO-004,7,72.00
2026-08-02,SO-005,6,85.00
2026-08-02,SO-006,1,95.00
2026-08-02,SO-007,1,45.00
2026-08-02,SO-008,4,35.00
2026-08-02,SO-009,1,78.00
2026-08-03,FB-001,13,131.25
2026-08-03,FB-002,79,14.70
2026-08-03,FB-003,14,25.20
2026-08-03,FB-004,8,81.90
2026-08-03,FB-005,13,120.75
2026-08-03,FB-007,6,288.75
2026-08-03,FB-008,9,35.70
2026-08-03,FB-009,35,71.40
2026-08-03,FB-010,5,162.75
2026-08-03,HC-001,13,57.20
2026-08-03,HC-002,4,119.60
2026-08-03,HC-003,8,43.68
2026-08-03,HC-004,4,64.48
2026-08-03,HC-006,4,85.28
2026-08-03,HC-007,3,29.12
2026-08-03,HC-008,9,64.48
2026-08-03,HC-009,2,140.40
2026-08-03,HC-010,9,22.88
2026-08-03,HW-001,1,89.25
2026-08-03,HW-002,4,288.75
2026-08-03,HW-006,2,29.40
2026-08-03,HW-009,1,624.75
2026-08-03,HW-010,8,16.80
2026-08-03,PC-001,12,52.00
2026-08-03,PC-002,9,32.00
2026-08-03,PC-003,8,68.00
2026-08-03,PC-004,1,38.00
2026-08-03,PC-005,1,95.00
2026-08-03,PC-006,3,135.00
2026-08-03,PC-007,2,38.00
2026-08-03,PC-008,2,79.00
2026-08-03,PC-009,8,49.00
2026-08-03,PC-010,1,120.00
2026-08-03,SO-001,15,30.00
2026-08-03,SO-002,3,90.00
2026-08-03,SO-003,6,260.00
2026-08-03,SO-004,3,72.00
2026-08-03,SO-005,3,85.00
2026-08-03,SO-006,2,95.00
2026-08-03,SO-008,3,35.00
2026-08-03,SO-009,1,78.00
2026-08-03,SO-010,1,595.00
2026-08-04,FB-001,20,131.25
2026-08-04,FB-002,40,14.70
2026-08-04,FB-003,17,25.20
2026-08-04,FB-004,8,81.90
2026-08-04,FB-005,10,120.75
2026-08-04,FB-006,29,69.30
2026-08-04,FB-007,8,288.75
2026-08-04,FB-008,8,35.70
2026-08-04,FB-009,29,71.40
2026-08-04,FB-010,9,162.75
2026-08-04,HC-001,13,57.20
2026-08-04,HC-002,11,119.60
2026-08-04,HC-003,5,43.68
2026-08-04,HC-004,9,64.48
2026-08-04,HC-006,3,85.28
2026-08-04,HC-007,5,29.12
2026-08-04,HC-008,3,64.48
2026-08-04,HC-009,1,140.40
2026-08-04,HC-010,12,22.88
2026-08-04,HW-001,2,89.25
2026-08-04,HW-002,3,288.75
2026-08-04,HW-003,1,102.90
2026-08-04,HW-006,2,29.40
2026-08-04,HW-010,8,16.80
2026-08-04,PC-001,7,52.00
2026-08-04,PC-002,1,32.00
2026-08-04,PC-003,6,68.00
2026-08-04,PC-004,6,38.00
2026-08-04,PC-005,3,95.00
2026-08-04,PC-006,4,135.00
2026-08-04,PC-007,3,38.00
2026-08-04,PC-008,4,79.00
2026-08-04,PC-009,6,49.00
2026-08-04,PC-010,2,120.00
2026-08-04,SO-001,16,30.00
2026-08-04,SO-002,5,90.00
2026-08-04,SO-003,2,260.00
2026-08-04,SO-004,6,72.00
2026-08-04,SO-005,4,85.00
2026-08-04,SO-007,2,45.00
2026-08-04,SO-008,5,35.00
2026-08-04,SO-009,3,78.00
2026-08-04,SO-010,3,595.00
2026-08-05,FB-001,14,131.25
2026-08-05,FB-002,55,14.70
2026-08-05,FB-003,14,25.20
2026-08-05,FB-005,17,120.75
2026-08-05,FB-006,28,69.30
2026-08-05,FB-007,10,288.75
2026-08-05,FB-008,8,35.70
2026-08-05,FB-009,29,71.40
2026-08-05,FB-010,9,162.75
2026-08-05,HC-001,13,57.20
2026-08-05,HC-002,10,119.60
2026-08-05,HC-003,1,43.68
2026-08-05,HC-004,8,64.48
2026-08-05,HC-006,4,85.28
2026-08-05,HC-007,9,29.12
2026-08-05,HC-008,6,64.48
2026-08-05,HC-010,6,22.88
2026-08-05,HW-001,1,89.25
2026-08-05,HW-002,1,288.75
2026-08-05,HW-004,1,719.25
2026-08-05,HW-005,1,50.40
2026-08-05,HW-008,1,131.25
2026-08-05,HW-010,7,16.80
2026-08-05,PC-001,14,52.00
2026-08-05,PC-002,5,32.00
2026-08-05,PC-003,5,68.00
2026-08-05,PC-004,1,38.00
2026-08-05,PC-005,3,95.00
2026-08-05,PC-006,3,135.00
2026-08-05,PC-008,1,79.00
2026-08-05,PC-009,3,49.00
2026-08-05,PC-010,2,120.00
2026-08-05,SO-001,18,30.00
2026-08-05,SO-002,3,90.00
2026-08-05,SO-003,5,260.00
2026-08-05,SO-004,2,72.00
2026-08-05,SO-005,1,85.00
2026-08-05,SO-006,2,95.00
2026-08-05,SO-007,3,45.00
2026-08-05,SO-008,3,35.00
2026-08-05,SO-009,1,78.00
2026-08-06,FB-001,21,131.25
2026-08-06,FB-002,52,14.70
2026-08-06,FB-003,16,25.20
2026-08-06,FB-005,21,120.75
2026-08-06,FB-006,32,69.30
2026-08-06,FB-007,4,288.75
2026-08-06,FB-008,4,35.70
2026-08-06,FB-009,25,71.40
2026-08-06,FB-010,6,162.75
2026-08-06,HC-001,8,57.20
2026-08-06,HC-002,9,119.60
2026-08-06,HC-003,8,43.68
2026-08-06,HC-004,9,64.48
2026-08-06,HC-005,7,101.92
2026-08-06,HC-006,1,85.28
2026-08-06,HC-007,2,29.12
2026-08-06,HC-008,8,64.48
2026-08-06,HC-009,1,140.40
2026-08-06,HC-010,12,22.88
2026-08-06,HW-001,4,89.25
2026-08-06,HW-002,4,288.75
2026-08-06,HW-003,1,102.90
2026-08-06,HW-006,1,29.40
2026-08-06,HW-009,1,624.75
2026-08-06,HW-010,9,16.80
2026-08-06,PC-001,6,52.00
2026-08-06,PC-002,7,32.00
2026-08-06,PC-003,3,68.00
2026-08-06,PC-004,2,38.00
2026-08-06,PC-005,2,95.00
2026-08-06,PC-006,1,135.00
2026-08-06,PC-007,2,38.00
2026-08-06,PC-008,4,79.00
2026-08-06,PC-009,8,49.00
2026-08-06,PC-010,2,120.00
2026-08-06,SO-001,17,30.00
2026-08-06,SO-002,2,90.00
2026-08-06,SO-003,2,260.00
2026-08-06,SO-004,6,72.00
2026-08-06,SO-006,3,95.00
2026-08-06,SO-007,3,45.00
2026-08-06,SO-008,5,35.00
2026-08-07,FB-001,19,131.25
2026-08-07,FB-002,76,14.70
2026-08-07,FB-003,19,25.20
2026-08-07,FB-004,14,81.90
2026-08-07,FB-005,16,120.75
2026-08-07,FB-006,43,69.30
2026-08-07,FB-007,11,288.75
2026-08-07,FB-008,13,35.70
2026-08-07,FB-009,20,71.40
2026-08-07,FB-010,7,162.75
2026-08-07,HC-001,13,57.20
2026-08-07,HC-002,10,119.60
2026-08-07,HC-003,9,43.68
2026-08-07,HC-004,5,64.48
2026-08-07,HC-005,3,101.92
2026-08-07,HC-006,2,85.28
2026-08-07,HC-007,9,29.12
2026-08-07,HC-008,10,64.48
2026-08-07,HC-009,1,140.40
2026-08-07,HC-010,9,22.88
2026-08-07,HW-001,2,89.25
2026-08-07,HW-002,4,288.75
2026-08-07,HW-003,2,102.90
2026-08-07,HW-005,1,50.40
2026-08-07,HW-009,1,624.75
2026-08-07,HW-010,8,16.80
2026-08-07,PC-001,9,52.00
2026-08-07,PC-002,10,32.00
2026-08-07,PC-003,7,68.00
2026-08-07,PC-004,3,38.00
2026-08-07,PC-005,7,95.00
2026-08-07,PC-006,2,135.00
2026-08-07,PC-007,2,38.00
2026-08-07,PC-008,5,79.00
2026-08-07,PC-009,10,49.00
2026-08-07,SO-001,19,30.00
2026-08-07,SO-002,5,90.00
2026-08-07,SO-003,6,260.00
2026-08-07,SO-004,3,72.00
2026-08-07,SO-005,1,85.00
2026-08-07,SO-006,3,95.00
2026-08-07,SO-007,2,45.00
2026-08-07,SO-008,5,35.00
2026-08-07,SO-009,3,78.00
2026-08-07,SO-010,1,595.00
2026-08-08,FB-001,36,131.25
2026-08-08,FB-002,73,14.70
2026-08-08,FB-003,33,25.20
2026-08-08,FB-004,17,81.90
2026-08-08,FB-005,14,120.75
2026-08-08,FB-006,41,69.30
2026-08-08,FB-007,9,288.75
2026-08-08,FB-008,3,35.70
2026-08-08,FB-009,30,71.40
2026-08-08,FB-010,9,162.75
2026-08-08,HC-001,14,57.20
2026-08-08,HC-002,20,119.60
2026-08-08,HC-003,8,43.68
2026-08-08,HC-004,9,64.48
2026-08-08,HC-005,7,101.92
2026-08-08,HC-006,10,85.28
2026-08-08,HC-007,10,29.12
2026-08-08,HC-008,14,64.48
2026-08-08,HC-009,1,140.40
2026-08-08,HC-010,16,22.88
2026-08-08,HW-001,5,89.25
2026-08-08,HW-002,6,288.75
2026-08-08,HW-003,1,102.90
2026-08-08,HW-004,3,719.25
2026-08-08,HW-007,1,39.90
2026-08-08,HW-010,10,16.80
2026-08-08,PC-001,16,52.00
2026-08-08,PC-002,13,32.00
2026-08-08,PC-003,8,68.00
2026-08-08,PC-004,5,38.00
2026-08-08,PC-005,4,95.00
2026-08-08,PC-006,1,135.00
2026-08-08,PC-007,4,38.00
2026-08-08,PC-008,7,79.00
2026-08-08,PC-009,6,49.00
2026-08-08,PC-010,2,120.00
2026-08-08,SO-001,14,30.00
2026-08-08,SO-002,6,90.00
2026-08-08,SO-003,4,260.00
2026-08-08,SO-004,3,72.00
2026-08-08,SO-005,1,85.00
2026-08-08,SO-006,1,95.00
2026-08-08,SO-007,1,45.00
2026-08-08,SO-008,3,35.00
2026-08-09,FB-001,8,131.25
2026-08-09,FB-002,62,14.70
2026-08-09,FB-003,31,25.20
2026-08-09,FB-004,9,81.90
2026-08-09,FB-005,9,120.75
2026-08-09,FB-006,51,69.30
2026-08-09,FB-007,6,288.75
2026-08-09,FB-008,9,35.70
2026-08-09,FB-009,36,71.40
2026-08-09,FB-010,5,162.75
2026-08-09,HC-001,13,57.20
2026-08-09,HC-002,10,119.60
2026-08-09,HC-003,7,43.68
2026-08-09,HC-004,7,64.48
2026-08-09,HC-005,4,101.92
2026-08-09,HC-006,1,85.28
2026-08-09,HC-007,19,29.12
2026-08-09,HC-008,11,64.48
2026-08-09,HC-009,2,140.40
2026-08-09,HC-010,19,22.88
2026-08-09,HW-002,4,288.75
2026-08-09,HW-003,1,102.90
2026-08-09,HW-006,1,29.40
2026-08-09,HW-010,7,16.80
2026-08-09,PC-001,13,52.00
2026-08-09,PC-002,4,32.00
2026-08-09,PC-003,6,68.00
2026-08-09,PC-004,1,38.00
2026-08-09,PC-005,3,95.00
2026-08-09,PC-006,3,135.00
2026-08-09,PC-007,3,38.00
2026-08-09,PC-008,2,79.00
2026-08-09,PC-009,7,49.00
2026-08-09,PC-010,2,120.00
2026-08-09,SO-001,14,30.00
2026-08-09,SO-002,2,90.00
2026-08-09,SO-003,1,260.00
2026-08-09,SO-004,1,72.00
2026-08-09,SO-005,1,85.00
2026-08-09,SO-006,1,95.00
2026-08-09,SO-007,2,45.00
2026-08-09,SO-008,1,35.00
2026-08-10,FB-001,15,131.25
2026-08-10,FB-002,40,14.70
2026-08-10,FB-003,25,25.20
2026-08-10,FB-004,9,81.90
2026-08-10,FB-005,8,120.75
2026-08-10,FB-006,25,69.30
2026-08-10,FB-007,5,288.75
2026-08-10,FB-008,8,35.70
2026-08-10,FB-009,27,71.40
2026-08-10,FB-010,4,162.75
2026-08-10,HC-001,12,57.20
2026-08-10,HC-003,7,43.68
2026-08-10,HC-004,3,64.48
2026-08-10,HC-005,4,101.92
2026-08-10,HC-006,1,85.28
2026-08-10,HC-007,13,29.12
2026-08-10,HC-008,6,64.48
2026-08-10,HC-009,4,140.40
2026-08-10,HC-010,9,22.88
2026-08-10,HW-001,4,89.25
2026-08-10,HW-002,3,288.75
2026-08-10,HW-003,1,102.90
2026-08-10,HW-006,1,29.40
2026-08-10,HW-008,1,131.25
2026-08-10,HW-010,11,16.80
2026-08-10,PC-001,10,52.00
2026-08-10,PC-002,6,32.00
2026-08-10,PC-003,6,68.00
2026-08-10,PC-004,5,38.00
2026-08-10,PC-005,2,95.00
2026-08-10,PC-006,2,135.00
2026-08-10,PC-007,2,38.00
2026-08-10,PC-008,2,79.00
2026-08-10,PC-009,7,49.00
2026-08-10,PC-010,1,120.00
2026-08-10,SO-001,20,30.00
2026-08-10,SO-002,2,90.00
2026-08-10,SO-003,6,260.00
2026-08-10,SO-004,5,72.00
2026-08-10,SO-005,2,85.00
2026-08-10,SO-006,2,95.00
2026-08-10,SO-007,3,45.00
2026-08-10,SO-008,2,35.00
2026-08-10,SO-009,1,78.00
2026-08-11,FB-001,18,131.25
2026-08-11,FB-002,50,14.70
2026-08-11,FB-003,15,25.20
2026-08-11,FB-004,13,81.90
2026-08-11,FB-005,14,120.75
2026-08-11,FB-006,25,69.30
2026-08-11,FB-007,6,288.75
2026-08-11,FB-008,7,35.70
2026-08-11,FB-009,24,71.40
2026-08-11,FB-010,6,162.75
2026-08-11,HC-001,10,57.20
2026-08-11,HC-003,8,43.68
2026-08-11,HC-004,4,64.48
2026-08-11,HC-005,5,101.92
2026-08-11,HC-006,4,85.28
2026-08-11,HC-007,3,29.12
2026-08-11,HC-008,5,64.48
2026-08-11,HC-009,1,140.40
2026-08-11,HC-010,15,22.88
2026-08-11,HW-002,5,288.75
2026-08-11,HW-010,9,16.80
2026-08-11,PC-001,14,52.00
2026-08-11,PC-002,10,32.00
2026-08-11,PC-003,2,68.00
2026-08-11,PC-004,4,38.00
2026-08-11,PC-005,4,95.00
2026-08-11,PC-006,3,135.00
2026-08-11,PC-007,6,38.00
2026-08-11,PC-008,7,79.00
2026-08-11,PC-009,12,49.00
2026-08-11,PC-010,4,120.00
2026-08-11,SO-001,10,30.00
2026-08-11,SO-002,5,90.00
2026-08-11,SO-003,3,260.00
2026-08-11,SO-004,5,72.00
2026-08-11,SO-005,3,85.00
2026-08-11,SO-006,2,95.00
2026-08-11,SO-007,1,45.00
2026-08-11,SO-009,2,78.00
2026-08-11,SO-010,2,595.00
2026-08-12,FB-001,15,131.25
2026-08-12,FB-002,69,14.70
2026-08-12,FB-003,13,25.20
2026-08-12,FB-004,7,81.90
2026-08-12,FB-005,9,120.75
2026-08-12,FB-006,30,69.30
2026-08-12,FB-007,7,288.75
2026-08-12,FB-008,6,35.70
2026-08-12,FB-009,22,71.40
2026-08-12,FB-010,3,162.75
2026-08-12,HC-001,6,57.20
2026-08-12,HC-002,9,119.60
2026-08-12,HC-004,6,64.48
2026-08-12,HC-005,4,101.92
2026-08-12,HC-006,5,85.28
2026-08-12,HC-007,10,29.12
2026-08-12,HC-008,5,64.48
2026-08-12,HC-009,1,140.40
2026-08-12,HC-010,13,22.88
2026-08-12,HW-001,2,89.25
2026-08-12,HW-002,3,288.75
2026-08-12,HW-003,1,102.90
2026-08-12,HW-007,1,39.90
2026-08-12,HW-010,10,16.80
2026-08-12,PC-001,2,52.00
2026-08-12,PC-002,9,32.00
2026-08-12,PC-003,5,68.00
2026-08-12,PC-004,4,38.00
2026-08-12,PC-005,6,95.00
2026-08-12,PC-006,5,135.00
2026-08-12,PC-007,2,38.00
2026-08-12,PC-008,7,79.00
2026-08-12,PC-009,5,49.00
2026-08-12,PC-010,3,120.00
2026-08-12,SO-001,16,30.00
2026-08-12,SO-002,5,90.00
2026-08-12,SO-003,5,260.00
2026-08-12,SO-004,4,72.00
2026-08-12,SO-006,4,95.00
2026-08-12,SO-007,3,45.00
2026-08-12,SO-008,5,35.00
2026-08-12,SO-009,1,78.00
2026-08-13,FB-001,26,131.25
2026-08-13,FB-002,47,14.70
2026-08-13,FB-003,17,25.20
2026-08-13,FB-004,10,81.90
2026-08-13,FB-005,12,120.75
2026-08-13,FB-006,17,69.30
2026-08-13,FB-007,8,288.75
2026-08-13,FB-008,6,35.70
2026-08-13,FB-009,18,71.40
2026-08-13,FB-010,8,162.75
2026-08-13,HC-001,11,57.20
2026-08-13,HC-002,9,119.60
2026-08-13,HC-004,6,64.48
2026-08-13,HC-005,3,101.92
2026-08-13,HC-006,7,85.28
2026-08-13,HC-007,5,29.12
2026-08-13,HC-008,3,64.48
2026-08-13,HC-009,2,140.40
2026-08-13,HC-010,14,22.88
2026-08-13,HW-001,4,89.25
2026-08-13,HW-002,6,288.75
2026-08-13,HW-003,2,102.90
2026-08-13,HW-004,1,719.25
2026-08-13,HW-005,2,50.40
2026-08-13,HW-006,1,29.40
2026-08-13,HW-007,1,39.90
2026-08-13,HW-008,1,131.25
2026-08-13,HW-010,6,16.80
2026-08-13,PC-001,6,52.00
2026-08-13,PC-002,5,32.00
2026-08-13,PC-003,1,68.00
2026-08-13,PC-004,1,38.00
2026-08-13,PC-005,4,95.00
2026-08-13,PC-006,2,135.00
2026-08-13,PC-007,3,38.00
2026-08-13,PC-008,2,79.00
2026-08-13,PC-009,16,49.00
2026-08-13,PC-010,2,120.00
2026-08-13,SO-001,11,30.00
2026-08-13,SO-002,6,90.00
2026-08-13,SO-003,4,260.00
2026-08-13,SO-004,3,72.00
2026-08-13,SO-005,2,85.00
2026-08-13,SO-006,1,95.00
2026-08-13,SO-008,4,35.00
2026-08-13,SO-009,2,78.00
2026-08-14,FB-001,25,131.25
2026-08-14,FB-002,94,14.70
2026-08-14,FB-003,33,25.20
2026-08-14,FB-004,18,81.90
2026-08-14,FB-005,17,120.75
2026-08-14,FB-006,44,69.30
2026-08-14,FB-007,11,288.75
2026-08-14,FB-008,13,35.70
2026-08-14,FB-009,29,71.40
2026-08-14,FB-010,10,162.75
2026-08-14,HC-001,10,57.20
2026-08-14,HC-002,9,119.60
2026-08-14,HC-003,16,43.68
2026-08-14,HC-004,2,64.48
2026-08-14,HC-005,4,101.92
2026-08-14,HC-006,1,85.28
2026-08-14,HC-007,9,29.12
2026-08-14,HC-008,2,64.48
2026-08-14,HC-009,2,140.40
2026-08-14,HC-010,27,22.88
2026-08-14,HW-001,2,89.25
2026-08-14,HW-002,6,288.75
2026-08-14,HW-003,1,102.90
2026-08-14,HW-004,2,719.25
2026-08-14,HW-007,2,39.90
2026-08-14,HW-010,9,16.80
2026-08-14,PC-001,15,52.00
2026-08-14,PC-002,13,32.00
2026-08-14,PC-003,10,68.00
2026-08-14,PC-004,7,38.00
2026-08-14,PC-005,9,95.00
2026-08-14,PC-006,2,135.00
2026-08-14,PC-007,5,38.00
2026-08-14,PC-008,8,79.00
2026-08-14,PC-009,9,49.00
2026-08-14,PC-010,4,120.00
2026-08-14,SO-001,13,30.00
2026-08-14,SO-002,6,90.00
2026-08-14,SO-003,2,260.00
2026-08-14,SO-004,1,72.00
2026-08-14,SO-005,3,85.00
2026-08-14,SO-006,4,95.00
2026-08-14,SO-007,2,45.00
2026-08-14,SO-008,2,35.00
2026-08-14,SO-009,1,78.00
2026-08-14,SO-010,2,595.00
2026-08-15,FB-001,28,131.25
2026-08-15,FB-002,116,14.70
2026-08-15,FB-003,39,25.20
2026-08-15,FB-004,11,81.90
2026-08-15,FB-005,20,120.75
2026-08-15,FB-006,49,69.30
2026-08-15,FB-007,13,288.75
2026-08-15,FB-008,13,35.70
2026-08-15,FB-009,46,71.40
2026-08-15,FB-010,11,162.75
2026-08-15,HC-001,18,57.20
2026-08-15,HC-002,13,119.60
2026-08-15,HC-003,10,43.68
2026-08-15,HC-004,14,64.48
2026-08-15,HC-005,4,101.92
2026-08-15,HC-006,4,85.28
2026-08-15,HC-007,9,29.12
2026-08-15,HC-008,11,64.48
2026-08-15,HC-009,4,140.40
2026-08-15,HC-010,17,22.88
2026-08-15,HW-002,8,288.75
2026-08-15,HW-004,1,719.25
2026-08-15,HW-007,1,39.90
2026-08-15,HW-010,13,16.80
2026-08-15,PC-001,13,52.00
2026-08-15,PC-002,13,32.00
2026-08-15,PC-003,10,68.00
2026-08-15,PC-004,4,38.00
2026-08-15,PC-005,5,95.00
2026-08-15,PC-006,5,135.00
2026-08-15,PC-007,4,38.00
2026-08-15,PC-008,6,79.00
2026-08-15,PC-009,6,49.00
2026-08-15,PC-010,2,120.00
2026-08-15,SO-001,12,30.00
2026-08-15,SO-002,2,90.00
2026-08-15,SO-003,4,260.00
2026-08-15,SO-004,3,72.00
2026-08-15,SO-005,1,85.00
2026-08-15,SO-007,1,45.00
2026-08-15,SO-008,3,35.00
2026-08-15,SO-009,1,78.00
2026-08-15,SO-010,1,595.00
2026-08-16,FB-001,31,131.25
2026-08-16,FB-002,99,14.70
2026-08-16,FB-003,2,25.20
2026-08-16,FB-004,19,81.90
2026-08-16,FB-005,25,120.75
2026-08-16,FB-006,35,69.30
2026-08-16,FB-007,7,288.75
2026-08-16,FB-008,14,35.70
2026-08-16,FB-009,34,71.40
2026-08-16,FB-010,12,162.75
2026-08-16,HC-001,24,57.20
2026-08-16,HC-002,11,119.60
2026-08-16,HC-003,11,43.68
2026-08-16,HC-004,5,64.48
2026-08-16,HC-005,5,101.92
2026-08-16,HC-006,4,85.28
2026-08-16,HC-007,5,29.12
2026-08-16,HC-008,3,64.48
2026-08-16,HC-009,5,140.40
2026-08-16,HC-010,18,22.88
2026-08-16,HW-002,2,288.75
2026-08-16,HW-006,2,29.40
2026-08-16,HW-008,2,131.25
2026-08-16,HW-010,5,16.80
2026-08-16,PC-001,10,52.00
2026-08-16,PC-002,14,32.00
2026-08-16,PC-003,10,68.00
2026-08-16,PC-004,7,38.00
2026-08-16,PC-005,9,95.00
2026-08-16,PC-006,2,135.00
2026-08-16,PC-007,4,38.00
2026-08-16,PC-008,9,79.00
2026-08-16,PC-009,9,49.00
2026-08-16,PC-010,3,120.00
2026-08-16,SO-001,8,30.00
2026-08-16,SO-002,1,90.00
2026-08-16,SO-003,4,260.00
2026-08-16,SO-004,5,72.00
2026-08-16,SO-005,2,85.00
2026-08-16,SO-006,1,95.00
2026-08-16,SO-007,1,45.00
2026-08-17,FB-001,24,131.25
2026-08-17,FB-002,55,14.70
2026-08-17,FB-003,20,25.20
2026-08-17,FB-004,8,81.90
2026-08-17,FB-005,5,120.75
2026-08-17,FB-006,29,69.30
2026-08-17,FB-007,5,288.75
2026-08-17,FB-008,6,35.70
2026-08-17,FB-009,17,71.40
2026-08-17,FB-010,6,162.75
2026-08-17,HC-001,12,57.20
2026-08-17,HC-002,11,119.60
2026-08-17,HC-003,10,43.68
2026-08-17,HC-005,5,101.92
2026-08-17,HC-006,3,85.28
2026-08-17,HC-007,7,29.12
2026-08-17,HC-008,11,64.48
2026-08-17,HC-009,4,140.40
2026-08-17,HC-010,14,22.88
2026-08-17,HW-001,1,89.25
2026-08-17,HW-002,3,288.75
2026-08-17,HW-003,1,102.90
2026-08-17,HW-006,1,29.40
2026-08-17,HW-010,7,16.80
2026-08-17,PC-001,8,52.00
2026-08-17,PC-002,11,32.00
2026-08-17,PC-003,5,68.00
2026-08-17,PC-004,1,38.00
2026-08-17,PC-005,5,95.00
2026-08-17,PC-006,3,135.00
2026-08-17,PC-007,6,38.00
2026-08-17,PC-008,5,79.00
2026-08-17,PC-009,4,49.00
2026-08-17,SO-001,9,30.00
2026-08-17,SO-002,5,90.00
2026-08-17,SO-003,4,260.00
2026-08-17,SO-004,3,72.00
2026-08-17,SO-005,4,85.00
2026-08-17,SO-006,3,95.00
2026-08-17,SO-007,1,45.00
2026-08-17,SO-008,2,35.00
2026-08-17,SO-009,3,78.00
2026-08-18,FB-001,19,131.25
2026-08-18,FB-002,44,14.70
2026-08-18,FB-003,13,25.20
2026-08-18,FB-004,5,81.90
2026-08-18,FB-005,15,120.75
2026-08-18,FB-006,13,69.30
2026-08-18,FB-007,4,288.75
2026-08-18,FB-008,7,35.70
2026-08-18,FB-009,25,71.40
2026-08-18,FB-010,8,162.75
2026-08-18,HC-001,16,57.20
2026-08-18,HC-002,8,119.60
2026-08-18,HC-003,3,43.68
2026-08-18,HC-004,1,64.48
2026-08-18,HC-005,3,101.92
2026-08-18,HC-006,6,85.28
2026-08-18,HC-007,5,29.12
2026-08-18,HC-008,9,64.48
2026-08-18,HC-009,1,140.40
2026-08-18,HC-010,19,22.88
2026-08-18,HW-002,7,288.75
2026-08-18,HW-003,1,102.90
2026-08-18,HW-005,1,50.40
2026-08-18,HW-010,6,16.80
2026-08-18,PC-001,18,52.00
2026-08-18,PC-002,11,32.00
2026-08-18,PC-003,2,68.00
2026-08-18,PC-004,4,38.00
2026-08-18,PC-005,2,95.00
2026-08-18,PC-006,2,135.00
2026-08-18,PC-007,2,38.00
2026-08-18,PC-008,5,79.00
2026-08-18,PC-009,7,49.00
2026-08-18,PC-010,2,120.00
2026-08-18,SO-001,16,30.00
2026-08-18,SO-002,4,90.00
2026-08-18,SO-003,4,260.00
2026-08-18,SO-004,8,72.00
2026-08-18,SO-005,1,85.00
2026-08-18,SO-006,4,95.00
2026-08-18,SO-007,2,45.00
2026-08-18,SO-008,4,35.00
2026-08-18,SO-009,3,78.00
2026-08-18,SO-010,3,595.00
2026-08-19,FB-001,19,131.25
2026-08-19,FB-002,52,14.70
2026-08-19,FB-003,14,25.20
2026-08-19,FB-005,12,120.75
2026-08-19,FB-006,19,69.30
2026-08-19,FB-007,6,288.75
2026-08-19,FB-008,6,35.70
2026-08-19,FB-009,23,71.40
2026-08-19,FB-010,7,162.75
2026-08-19,HC-001,20,57.20
2026-08-19,HC-002,10,119.60
2026-08-19,HC-003,10,43.68
2026-08-19,HC-004,9,64.48
2026-08-19,HC-005,6,101.92
2026-08-19,HC-006,3,85.28
2026-08-19,HC-007,4,29.12
2026-08-19,HC-008,7,64.48
2026-08-19,HC-010,16,22.88
2026-08-19,HW-001,1,89.25
2026-08-19,HW-002,4,288.75
2026-08-19,HW-003,1,102.90
2026-08-19,HW-004,1,719.25
2026-08-19,HW-006,1,29.40
2026-08-19,HW-010,9,16.80
2026-08-19,PC-001,11,52.00
2026-08-19,PC-002,10,32.00
2026-08-19,PC-003,10,68.00
2026-08-19,PC-004,5,38.00
2026-08-19,PC-006,2,135.00
2026-08-19,PC-007,2,38.00
2026-08-19,PC-008,3,79.00
2026-08-19,PC-009,9,49.00
2026-08-19,PC-010,2,120.00
2026-08-19,SO-001,10,30.00
2026-08-19,SO-002,5,90.00
2026-08-19,SO-003,2,260.00
2026-08-19,SO-004,5,72.00
2026-08-19,SO-006,1,95.00
2026-08-19,SO-007,3,45.00
2026-08-19,SO-008,1,35.00
2026-08-19,SO-009,1,78.00
2026-08-20,FB-001,14,131.25
2026-08-20,FB-002,62,14.70
2026-08-20,FB-003,22,25.20
2026-08-20,FB-004,14,81.90
2026-08-20,FB-005,8,120.75
2026-08-20,FB-006,23,69.30
2026-08-20,FB-007,4,288.75
2026-08-20,FB-008,8,35.70
2026-08-20,FB-009,34,71.40
2026-08-20,FB-010,8,162.75
2026-08-20,HC-001,5,57.20
2026-08-20,HC-002,9,119.60
2026-08-20,HC-003,6,43.68
2026-08-20,HC-005,4,101.92
2026-08-20,HC-006,6,85.28
2026-08-20,HC-007,6,29.12
2026-08-20,HC-008,3,64.48
2026-08-20,HC-009,2,140.40
2026-08-20,HC-010,15,22.88
2026-08-20,HW-001,4,89.25
2026-08-20,HW-002,2,288.75
2026-08-20,HW-005,1,50.40
2026-08-20,HW-008,1,131.25
2026-08-20,HW-009,1,624.75
2026-08-20,HW-010,7,16.80
2026-08-20,PC-001,12,52.00
2026-08-20,PC-002,11,32.00
2026-08-20,PC-003,5,68.00
2026-08-20,PC-004,2,38.00
2026-08-20,PC-005,4,95.00
2026-08-20,PC-007,3,38.00
2026-08-20,PC-008,4,79.00
2026-08-20,PC-009,7,49.00
2026-08-20,PC-010,2,120.00
2026-08-20,SO-001,15,30.00
2026-08-20,SO-002,7,90.00
2026-08-20,SO-003,3,260.00
2026-08-20,SO-004,4,72.00
2026-08-20,SO-005,1,85.00
2026-08-20,SO-006,2,95.00
2026-08-20,SO-007,4,45.00
2026-08-20,SO-008,8,35.00
2026-08-20,SO-009,1,78.00
2026-08-20,SO-010,1,595.00
2026-08-21,FB-001,34,131.25
2026-08-21,FB-002,80,14.70
2026-08-21,FB-003,32,25.20
2026-08-21,FB-004,13,81.90
2026-08-21,FB-005,11,120.75
2026-08-21,FB-006,19,69.30
2026-08-21,FB-007,9,288.75
2026-08-21,FB-008,12,35.70
2026-08-21,FB-009,32,71.40
2026-08-21,FB-010,10,162.75
2026-08-21,HC-002,8,119.60
2026-08-21,HC-003,8,43.68
2026-08-21,HC-004,4,64.48
2026-08-21,HC-005,2,101.92
2026-08-21,HC-006,8,85.28
2026-08-21,HC-007,10,29.12
2026-08-21,HC-008,6,64.48
2026-08-21,HC-009,2,140.40
2026-08-21,HC-010,20,22.88
2026-08-21,HW-001,3,89.25
2026-08-21,HW-002,9,288.75
2026-08-21,HW-003,2,102.90
2026-08-21,HW-005,1,50.40
2026-08-21,HW-010,8,16.80
2026-08-21,PC-001,10,52.00
2026-08-21,PC-002,10,32.00
2026-08-21,PC-003,4,68.00
2026-08-21,PC-004,2,38.00
2026-08-21,PC-005,4,95.00
2026-08-21,PC-006,2,135.00
2026-08-21,PC-007,4,38.00
2026-08-21,PC-008,4,79.00
2026-08-21,PC-009,7,49.00
2026-08-21,PC-010,1,120.00
2026-08-21,SO-001,14,30.00
2026-08-21,SO-002,9,90.00
2026-08-21,SO-003,4,260.00
2026-08-21,SO-004,1,72.00
2026-08-21,SO-005,2,85.00
2026-08-21,SO-006,3,95.00
2026-08-21,SO-007,1,45.00
2026-08-21,SO-008,2,35.00
2026-08-21,SO-009,1,78.00
2026-08-22,FB-001,24,131.25
2026-08-22,FB-002,59,14.70
2026-08-22,FB-003,31,25.20
2026-08-22,FB-004,12,81.90
2026-08-22,FB-005,20,120.75
2026-08-22,FB-006,27,69.30
2026-08-22,FB-007,11,288.75
2026-08-22,FB-008,4,35.70
2026-08-22,FB-009,27,71.40
2026-08-22,FB-010,8,162.75
2026-08-22,HC-001,12,57.20
2026-08-22,HC-002,11,119.60
2026-08-22,HC-003,7,43.68
2026-08-22,HC-004,4,64.48
2026-08-22,HC-005,1,101.92
2026-08-22,HC-006,2,85.28
2026-08-22,HC-007,4,29.12
2026-08-22,HC-008,7,64.48
2026-08-22,HC-009,1,140.40
2026-08-22,HC-010,28,22.88
2026-08-22,HW-001,3,89.25
2026-08-22,HW-002,6,288.75
2026-08-22,HW-003,1,102.90
2026-08-22,HW-004,2,719.25
2026-08-22,HW-006,3,29.40
2026-08-22,HW-008,1,131.25
2026-08-22,HW-009,2,624.75
2026-08-22,HW-010,9,16.80
2026-08-22,PC-001,16,52.00
2026-08-22,PC-002,3,32.00
2026-08-22,PC-003,5,68.00
2026-08-22,PC-004,5,38.00
2026-08-22,PC-005,4,95.00
2026-08-22,PC-006,2,135.00
2026-08-22,PC-007,2,38.00
2026-08-22,PC-009,8,49.00
2026-08-22,PC-010,2,120.00
2026-08-22,SO-001,7,30.00
2026-08-22,SO-002,6,90.00
2026-08-22,SO-003,2,260.00
2026-08-22,SO-004,2,72.00
2026-08-22,SO-005,3,85.00
2026-08-22,SO-008,2,35.00
2026-08-22,SO-010,2,595.00
2026-08-23,FB-001,31,131.25
2026-08-23,FB-002,54,14.70
2026-08-23,FB-003,28,25.20
2026-08-23,FB-004,13,81.90
2026-08-23,FB-005,17,120.75
2026-08-23,FB-006,34,69.30
2026-08-23,FB-007,7,288.75
2026-08-23,FB-008,12,35.70
2026-08-23,FB-009,34,71.40
2026-08-23,FB-010,6,162.75
2026-08-23,HC-001,12,57.20
2026-08-23,HC-002,15,119.60
2026-08-23,HC-003,13,43.68
2026-08-23,HC-004,6,64.48
2026-08-23,HC-005,7,101.92
2026-08-23,HC-006,1,85.28
2026-08-23,HC-007,15,29.12
2026-08-23,HC-008,11,64.48
2026-08-23,HC-009,2,140.40
2026-08-23,HC-010,21,22.88
2026-08-23,HW-002,2,288.75
2026-08-23,HW-003,1,102.90
2026-08-23,HW-009,1,624.75
2026-08-23,HW-010,4,16.80
2026-08-23,PC-001,16,52.00
2026-08-23,PC-002,12,32.00
2026-08-23,PC-003,3,68.00
2026-08-23,PC-004,7,38.00
2026-08-23,PC-005,2,95.00
2026-08-23,PC-007,5,38.00
2026-08-23,PC-008,3,79.00
2026-08-23,PC-009,9,49.00
2026-08-23,PC-010,3,120.00
2026-08-23,SO-001,1,30.00
2026-08-23,SO-002,4,90.00
2026-08-23,SO-003,3,260.00
2026-08-23,SO-004,3,72.00
2026-08-23,SO-005,1,85.00
2026-08-23,SO-008,1,35.00
2026-08-23,SO-009,1,78.00
2026-08-24,FB-001,18,131.25
2026-08-24,FB-002,43,14.70
2026-08-24,FB-003,20,25.20
2026-08-24,FB-004,10,81.90
2026-08-24,FB-005,19,120.75
2026-08-24,FB-006,23,69.30
2026-08-24,FB-007,3,288.75
2026-08-24,FB-008,7,35.70
2026-08-24,FB-009,23,71.40
2026-08-24,FB-010,5,162.75
2026-08-24,HC-001,12,57.20
2026-08-24,HC-002,6,119.60
2026-08-24,HC-003,8,43.68
2026-08-24,HC-004,4,64.48
2026-08-24,HC-005,4,101.92
2026-08-24,HC-006,1,85.28
2026-08-24,HC-007,4,29.12
2026-08-24,HC-008,3,64.48
2026-08-24,HC-009,2,140.40
2026-08-24,HC-010,17,22.88
2026-08-24,HW-001,3,89.25
2026-08-24,HW-002,4,288.75
2026-08-24,HW-004,1,719.25
2026-08-24,HW-005,1,50.40
2026-08-24,HW-006,1,29.40
2026-08-24,HW-007,2,39.90
2026-08-24,HW-010,11,16.80
2026-08-24,PC-001,6,52.00
2026-08-24,PC-002,5,32.00
2026-08-24,PC-003,3,68.00
2026-08-24,PC-004,7,38.00
2026-08-24,PC-005,2,95.00
2026-08-24,PC-006,2,135.00
2026-08-24,PC-007,3,38.00
2026-08-24,PC-008,1,79.00
2026-08-24,PC-009,6,49.00
2026-08-24,PC-010,1,120.00
2026-08-24,SO-001,19,30.00
2026-08-24,SO-002,3,90.00
2026-08-24,SO-003,3,260.00
2026-08-24,SO-004,1,72.00
2026-08-24,SO-005,3,85.00
2026-08-24,SO-006,2,95.00
2026-08-24,SO-007,3,45.00
2026-08-24,SO-008,3,35.00
2026-08-24,SO-009,4,78.00
2026-08-25,FB-001,7,131.25
2026-08-25,FB-002,58,14.70
2026-08-25,FB-003,12,25.20
2026-08-25,FB-004,10,81.90
2026-08-25,FB-005,13,120.75
2026-08-25,FB-006,18,69.30
2026-08-25,FB-007,4,288.75
2026-08-25,FB-008,6,35.70
2026-08-25,FB-009,15,71.40
2026-08-25,FB-010,2,162.75
2026-08-25,HC-001,14,57.20
2026-08-25,HC-002,11,119.60
2026-08-25,HC-003,8,43.68
2026-08-25,HC-004,6,64.48
2026-08-25,HC-005,5,101.92
2026-08-25,HC-007,4,29.12
2026-08-25,HC-008,7,64.48
2026-08-25,HC-009,1,140.40
2026-08-25,HC-010,17,22.88
2026-08-25,HW-001,2,89.25
2026-08-25,HW-002,10,288.75
2026-08-25,HW-004,2,719.25
2026-08-25,HW-006,1,29.40
2026-08-25,HW-009,1,624.75
2026-08-25,HW-010,11,16.80
2026-08-25,PC-001,6,52.00
2026-08-25,PC-002,15,32.00
2026-08-25,PC-003,3,68.00
2026-08-25,PC-004,1,38.00
2026-08-25,PC-005,5,95.00
2026-08-25,PC-006,4,135.00
2026-08-25,PC-007,5,38.00
2026-08-25,PC-008,3,79.00
2026-08-25,PC-009,11,49.00
2026-08-25,PC-010,4,120.00
2026-08-25,SO-001,15,30.00
2026-08-25,SO-002,2,90.00
2026-08-25,SO-003,4,260.00
2026-08-25,SO-004,6,72.00
2026-08-25,SO-005,2,85.00
2026-08-25,SO-006,4,95.00
2026-08-25,SO-008,5,35.00
2026-08-25,SO-009,3,78.00
2026-08-25,SO-010,1,595.00
2026-08-26,FB-001,14,131.25
2026-08-26,FB-002,60,14.70
2026-08-26,FB-003,13,25.20
2026-08-26,FB-004,17,81.90
2026-08-26,FB-005,19,120.75
2026-08-26,FB-006,21,69.30
2026-08-26,FB-007,4,288.75
2026-08-26,FB-008,11,35.70
2026-08-26,FB-009,21,71.40
2026-08-26,FB-010,7,162.75
2026-08-26,HC-001,25,57.20
2026-08-26,HC-002,9,119.60
2026-08-26,HC-003,8,43.68
2026-08-26,HC-004,4,64.48
2026-08-26,HC-005,5,101.92
2026-08-26,HC-006,7,85.28
2026-08-26,HC-007,7,29.12
2026-08-26,HC-008,14,64.48
2026-08-26,HC-009,2,140.40
2026-08-26,HC-010,17,22.88
2026-08-26,HW-001,2,89.25
2026-08-26,HW-002,4,288.75
2026-08-26,HW-003,1,102.90
2026-08-26,HW-004,2,719.25
2026-08-26,HW-006,1,29.40
2026-08-26,HW-007,1,39.90
2026-08-26,HW-008,1,131.25
2026-08-26,HW-010,7,16.80
2026-08-26,PC-001,10,52.00
2026-08-26,PC-002,9,32.00
2026-08-26,PC-003,7,68.00
2026-08-26,PC-004,1,38.00
2026-08-26,PC-005,3,95.00
2026-08-26,PC-007,5,38.00
2026-08-26,PC-008,1,79.00
2026-08-26,PC-009,4,49.00
2026-08-26,PC-010,2,120.00
2026-08-26,SO-001,11,30.00
2026-08-26,SO-002,6,90.00
2026-08-26,SO-003,4,260.00
2026-08-26,SO-004,2,72.00
2026-08-26,SO-005,4,85.00
2026-08-26,SO-006,1,95.00
2026-08-26,SO-008,3,35.00
2026-08-26,SO-010,1,595.00
2026-08-27,FB-001,20,131.25
2026-08-27,FB-002,65,14.70
2026-08-27,FB-003,31,25.20
2026-08-27,FB-004,17,81.90
2026-08-27,FB-005,15,120.75
2026-08-27,FB-006,12,69.30
2026-08-27,FB-007,13,288.75
2026-08-27,FB-008,11,35.70
2026-08-27,FB-009,22,71.40
2026-08-27,FB-010,3,162.75
2026-08-27,HC-001,10,57.20
2026-08-27,HC-002,9,119.60
2026-08-27,HC-003,6,43.68
2026-08-27,HC-004,4,64.48
2026-08-27,HC-005,4,101.92
2026-08-27,HC-006,8,85.28
2026-08-27,HC-007,5,29.12
2026-08-27,HC-008,8,64.48
2026-08-27,HC-009,4,140.40
2026-08-27,HC-010,16,22.88
2026-08-27,HW-001,3,89.25
2026-08-27,HW-002,10,288.75
2026-08-27,HW-003,1,102.90
2026-08-27,HW-010,5,16.80
2026-08-27,PC-001,10,52.00
2026-08-27,PC-002,14,32.00
2026-08-27,PC-003,4,68.00
2026-08-27,PC-004,2,38.00
2026-08-27,PC-005,9,95.00
2026-08-27,PC-006,1,135.00
2026-08-27,PC-007,5,38.00
2026-08-27,PC-008,9,79.00
2026-08-27,PC-009,8,49.00
2026-08-27,PC-010,2,120.00
2026-08-27,SO-001,9,30.00
2026-08-27,SO-002,4,90.00
2026-08-27,SO-003,1,260.00
2026-08-27,SO-004,5,72.00
2026-08-27,SO-005,4,85.00
2026-08-27,SO-006,1,95.00
2026-08-27,SO-007,2,45.00
2026-08-27,SO-008,1,35.00
2026-08-28,FB-001,27,131.25
2026-08-28,FB-002,77,14.70
2026-08-28,FB-003,23,25.20
2026-08-28,FB-004,8,81.90
2026-08-28,FB-005,18,120.75
2026-08-28,FB-006,22,69.30
2026-08-28,FB-007,11,288.75
2026-08-28,FB-008,9,35.70
2026-08-28,FB-009,23,71.40
2026-08-28,FB-010,13,162.75
2026-08-28,HC-001,20,57.20
2026-08-28,HC-002,10,119.60
2026-08-28,HC-003,5,43.68
2026-08-28,HC-004,5,64.48
2026-08-28,HC-005,5,101.92
2026-08-28,HC-006,5,85.28
2026-08-28,HC-007,11,29.12
2026-08-28,HC-008,13,64.48
2026-08-28,HC-009,4,140.40
2026-08-28,HC-010,22,22.88
2026-08-28,HW-001,3,89.25
2026-08-28,HW-002,7,288.75
2026-08-28,HW-004,2,719.25
2026-08-28,HW-005,3,50.40
2026-08-28,HW-006,1,29.40
2026-08-28,HW-010,7,16.80
2026-08-28,PC-001,1,52.00
2026-08-28,PC-002,7,32.00
2026-08-28,PC-003,7,68.00
2026-08-28,PC-004,4,38.00
2026-08-28,PC-005,2,95.00
2026-08-28,PC-006,5,135.00
2026-08-28,PC-007,3,38.00
2026-08-28,PC-008,8,79.00
2026-08-28,PC-009,2,49.00
2026-08-28,PC-010,3,120.00
2026-08-28,SO-001,18,30.00
2026-08-28,SO-002,2,90.00
2026-08-28,SO-003,2,260.00
2026-08-28,SO-004,3,72.00
2026-08-28,SO-005,4,85.00
2026-08-28,SO-006,3,95.00
2026-08-28,SO-007,1,45.00
2026-08-28,SO-008,1,35.00
2026-08-28,SO-009,3,78.00
2026-08-28,SO-010,2,595.00
2026-08-29,FB-001,27,131.25
2026-08-29,FB-002,80,14.70
2026-08-29,FB-003,5,25.20
2026-08-29,FB-004,16,81.90
2026-08-29,FB-005,23,120.75
2026-08-29,FB-006,19,69.30
2026-08-29,FB-007,13,288.75
2026-08-29,FB-008,16,35.70
2026-08-29,FB-009,26,71.40
2026-08-29,FB-010,12,162.75
2026-08-29,HC-001,20,57.20
2026-08-29,HC-002,10,119.60
2026-08-29,HC-003,9,43.68
2026-08-29,HC-004,13,64.48
2026-08-29,HC-005,3,101.92
2026-08-29,HC-006,5,85.28
2026-08-29,HC-007,9,29.12
2026-08-29,HC-008,9,64.48
2026-08-29,HC-009,2,140.40
2026-08-29,HC-010,36,22.88
2026-08-29,HW-001,5,89.25
2026-08-29,HW-002,3,288.75
2026-08-29,HW-003,1,102.90
2026-08-29,HW-004,1,719.25
2026-08-29,HW-005,1,50.40
2026-08-29,HW-007,1,39.90
2026-08-29,HW-008,3,131.25
2026-08-29,HW-009,1,624.75
2026-08-29,HW-010,10,16.80
2026-08-29,PC-001,7,52.00
2026-08-29,PC-002,11,32.00
2026-08-29,PC-003,7,68.00
2026-08-29,PC-004,6,38.00
2026-08-29,PC-005,4,95.00
2026-08-29,PC-006,2,135.00
2026-08-29,PC-007,3,38.00
2026-08-29,PC-008,5,79.00
2026-08-29,PC-009,6,49.00
2026-08-29,PC-010,2,120.00
2026-08-29,SO-001,8,30.00
2026-08-29,SO-002,1,90.00
2026-08-29,SO-003,3,260.00
2026-08-29,SO-004,4,72.00
2026-08-29,SO-005,3,85.00
2026-08-29,SO-006,2,95.00
2026-08-29,SO-008,4,35.00
2026-08-29,SO-009,1,78.00
2026-08-30,FB-001,39,131.25
2026-08-30,FB-002,111,14.70
2026-08-30,FB-003,36,25.20
2026-08-30,FB-004,23,81.90
2026-08-30,FB-005,12,120.75
2026-08-30,FB-006,38,69.30
2026-08-30,FB-007,13,288.75
2026-08-30,FB-008,16,35.70
2026-08-30,FB-009,31,71.40
2026-08-30,FB-010,8,162.75
2026-08-30,HC-001,19,57.20
2026-08-30,HC-002,12,119.60
2026-08-30,HC-003,11,43.68
2026-08-30,HC-004,8,64.48
2026-08-30,HC-005,7,101.92
2026-08-30,HC-006,3,85.28
2026-08-30,HC-007,7,29.12
2026-08-30,HC-008,10,64.48
2026-08-30,HC-009,3,140.40
2026-08-30,HC-010,18,22.88
2026-08-30,HW-002,4,288.75
2026-08-30,HW-003,1,102.90
2026-08-30,HW-006,4,29.40
2026-08-30,HW-009,1,624.75
2026-08-30,HW-010,3,16.80
2026-08-30,PC-001,8,52.00
2026-08-30,PC-002,13,32.00
2026-08-30,PC-003,13,68.00
2026-08-30,PC-004,2,38.00
2026-08-30,PC-005,3,95.00
2026-08-30,PC-006,3,135.00
2026-08-30,PC-007,6,38.00
2026-08-30,PC-008,3,79.00
2026-08-30,PC-009,9,49.00
2026-08-30,SO-001,8,30.00
2026-08-30,SO-002,5,90.00
2026-08-30,SO-003,3,260.00
2026-08-30,SO-004,4,72.00
2026-08-30,SO-008,2,35.00
2026-08-30,SO-009,3,78.00
2026-08-31,FB-001,21,131.25
2026-08-31,FB-002,79,14.70
2026-08-31,FB-003,25,25.20
2026-08-31,FB-004,14,81.90
2026-08-31,FB-006,27,69.30
2026-08-31,FB-007,6,288.75
2026-08-31,FB-008,9,35.70
2026-08-31,FB-009,39,71.40
2026-08-31,FB-010,9,162.75
2026-08-31,HC-003,11,43.68
2026-08-31,HC-004,7,64.48
2026-08-31,HC-005,4,101.92
2026-08-31,HC-006,4,85.28
2026-08-31,HC-007,5,29.12
2026-08-31,HC-008,9,64.48
2026-08-31,HC-009,2,140.40
2026-08-31,HW-001,3,89.25
2026-08-31,HW-002,2,288.75
2026-08-31,HW-003,1,102.90
2026-08-31,HW-005,1,50.40
2026-08-31,HW-007,2,39.90
2026-08-31,HW-010,5,16.80
2026-08-31,PC-001,13,52.00
2026-08-31,PC-002,12,32.00
2026-08-31,PC-003,7,68.00
2026-08-31,PC-004,4,38.00
2026-08-31,PC-005,4,95.00
2026-08-31,PC-006,1,135.00
2026-08-31,PC-007,6,38.00
2026-08-31,PC-008,3,79.00
2026-08-31,PC-009,8,49.00
2026-08-31,PC-010,1,120.00
2026-08-31,SO-001,13,30.00
2026-08-31,SO-002,4,90.00
2026-08-31,SO-003,3,260.00
2026-08-31,SO-004,4,72.00
2026-08-31,SO-007,1,45.00
2026-08-31,SO-008,7,35.00
2026-09-01,FB-001,17,131.25
2026-09-01,FB-002,48,14.70
2026-09-01,FB-003,22,25.20
2026-09-01,FB-004,15,81.90
2026-09-01,FB-006,25,69.30
2026-09-01,FB-007,5,288.75
2026-09-01,FB-008,7,35.70
2026-09-01,FB-009,34,71.40
2026-09-01,FB-010,9,162.75
2026-09-01,HC-002,14,119.60
2026-09-01,HC-004,3,64.48
2026-09-01,HC-005,6,101.92
2026-09-01,HC-006,5,85.28
2026-09-01,HC-007,5,29.12
2026-09-01,HC-008,10,64.48
2026-09-01,HC-009,3,140.40
2026-09-01,HW-001,3,89.25
2026-09-01,HW-002,5,288.75
2026-09-01,HW-004,1,719.25
2026-09-01,HW-005,1,50.40
2026-09-01,HW-006,3,29.40
2026-09-01,HW-010,9,16.80
2026-09-01,PC-001,12,52.00
2026-09-01,PC-002,10,32.00
2026-09-01,PC-003,6,68.00
2026-09-01,PC-004,5,38.00
2026-09-01,PC-005,4,95.00
2026-09-01,PC-006,2,135.00
2026-09-01,PC-007,6,38.00
2026-09-01,PC-008,7,79.00
2026-09-01,PC-009,6,49.00
2026-09-01,PC-010,3,120.00
2026-09-01,SO-001,20,30.00
2026-09-01,SO-002,3,90.00
2026-09-01,SO-003,3,260.00
2026-09-01,SO-004,3,72.00
2026-09-01,SO-005,4,85.00
2026-09-01,SO-006,4,95.00
2026-09-01,SO-007,2,45.00
2026-09-01,SO-008,2,35.00
2026-09-01,SO-009,2,78.00
2026-09-02,FB-001,16,131.25
2026-09-02,FB-003,32,25.20
2026-09-02,FB-004,11,81.90
2026-09-02,FB-005,11,120.75
2026-09-02,FB-006,22,69.30
2026-09-02,FB-007,10,288.75
2026-09-02,FB-008,8,35.70
2026-09-02,FB-009,20,71.40
2026-09-02,FB-010,4,162.75
2026-09-02,HC-002,17,119.60
2026-09-02,HC-003,4,43.68
2026-09-02,HC-004,7,64.48
2026-09-02,HC-005,7,101.92
2026-09-02,HC-006,4,85.28
2026-09-02,HC-007,7,29.12
2026-09-02,HC-008,4,64.48
2026-09-02,HC-009,3,140.40
2026-09-02,HC-010,14,22.88
2026-09-02,HW-001,1,89.25
2026-09-02,HW-002,9,288.75
2026-09-02,HW-003,2,102.90
2026-09-02,HW-005,1,50.40
2026-09-02,HW-006,2,29.40
2026-09-02,HW-009,1,624.75
2026-09-02,HW-010,7,16.80
2026-09-02,PC-001,10,52.00
2026-09-02,PC-002,8,32.00
2026-09-02,PC-003,8,68.00
2026-09-02,PC-004,2,38.00
2026-09-02,PC-005,7,95.00
2026-09-02,PC-006,4,135.00
2026-09-02,PC-007,2,38.00
2026-09-02,PC-008,2,79.00
2026-09-02,PC-009,4,49.00
2026-09-02,PC-010,3,120.00
2026-09-02,SO-001,16,30.00
2026-09-02,SO-002,6,90.00
2026-09-02,SO-003,6,260.00
2026-09-02,SO-004,7,72.00
2026-09-02,SO-005,7,85.00
2026-09-02,SO-006,4,95.00
2026-09-02,SO-007,3,45.00
2026-09-02,SO-008,7,35.00
2026-09-02,SO-009,1,78.00
2026-09-02,SO-010,1,595.00
2026-09-03,FB-001,18,131.25
2026-09-03,FB-002,75,14.70
2026-09-03,FB-003,16,25.20
2026-09-03,FB-004,12,81.90
2026-09-03,FB-005,17,120.75
2026-09-03,FB-006,20,69.30
2026-09-03,FB-007,6,288.75
2026-09-03,FB-008,4,35.70
2026-09-03,FB-009,31,71.40
2026-09-03,FB-010,7,162.75
2026-09-03,HC-001,17,57.20
2026-09-03,HC-002,11,119.60
2026-09-03,HC-003,11,43.68
2026-09-03,HC-004,7,64.48
2026-09-03,HC-005,6,101.92
2026-09-03,HC-006,2,85.28
2026-09-03,HC-007,3,29.12
2026-09-03,HC-008,10,64.48
2026-09-03,HC-009,4,140.40
2026-09-03,HC-010,14,22.88
2026-09-03,HW-001,3,89.25
2026-09-03,HW-002,5,288.75
2026-09-03,HW-004,1,719.25
2026-09-03,HW-006,3,29.40
2026-09-03,HW-007,1,39.90
2026-09-03,HW-010,7,16.80
2026-09-03,PC-001,7,52.00
2026-09-03,PC-002,4,32.00
2026-09-03,PC-003,5,68.00
2026-09-03,PC-004,8,38.00
2026-09-03,PC-005,3,95.00
2026-09-03,PC-006,2,135.00
2026-09-03,PC-007,4,38.00
2026-09-03,PC-008,1,79.00
2026-09-03,PC-009,8,49.00
2026-09-03,PC-010,3,120.00
2026-09-03,SO-001,17,30.00
2026-09-03,SO-002,4,90.00
2026-09-03,SO-003,1,260.00
2026-09-03,SO-004,5,72.00
2026-09-03,SO-005,1,85.00
2026-09-03,SO-006,6,95.00
2026-09-03,SO-008,8,35.00
2026-09-03,SO-009,2,78.00
2026-09-04,FB-001,23,131.25
2026-09-04,FB-002,98,14.70
2026-09-04,FB-003,18,25.20
2026-09-04,FB-004,10,81.90
2026-09-04,FB-005,10,120.75
2026-09-04,FB-006,29,69.30
2026-09-04,FB-007,9,288.75
2026-09-04,FB-008,11,35.70
2026-09-04,FB-009,31,71.40
2026-09-04,FB-010,7,162.75
2026-09-04,HC-001,8,57.20
2026-09-04,HC-002,13,119.60
2026-09-04,HC-003,3,43.68
2026-09-04,HC-004,5,64.48
2026-09-04,HC-005,5,101.92
2026-09-04,HC-006,4,85.28
2026-09-04,HC-007,10,29.12
2026-09-04,HC-008,2,64.48
2026-09-04,HC-009,1,140.40
2026-09-04,HC-010,16,22.88
2026-09-04,HW-001,4,89.25
2026-09-04,HW-002,7,288.75
2026-09-04,HW-006,1,29.40
2026-09-04,HW-009,1,624.75
2026-09-04,HW-010,5,16.80
2026-09-04,PC-001,8,52.00
2026-09-04,PC-002,5,32.00
2026-09-04,PC-003,9,68.00
2026-09-04,PC-004,5,38.00
2026-09-04,PC-005,3,95.00
2026-09-04,PC-006,1,135.00
2026-09-04,PC-007,5,38.00
2026-09-04,PC-008,4,79.00
2026-09-04,PC-009,6,49.00
2026-09-04,PC-010,2,120.00
2026-09-04,SO-001,21,30.00
2026-09-04,SO-002,5,90.00
2026-09-04,SO-003,1,260.00
2026-09-04,SO-004,4,72.00
2026-09-04,SO-005,2,85.00
2026-09-04,SO-006,7,95.00
2026-09-04,SO-007,1,45.00
2026-09-04,SO-008,3,35.00
2026-09-05,FB-001,16,131.25
2026-09-05,FB-002,119,14.70
2026-09-05,FB-003,36,25.20
2026-09-05,FB-004,11,81.90
2026-09-05,FB-005,17,120.75
2026-09-05,FB-006,28,69.30
2026-09-05,FB-007,16,288.75
2026-09-05,FB-008,5,35.70
2026-09-05,FB-009,32,71.40
2026-09-05,FB-010,10,162.75
2026-09-05,HC-001,16,57.20
2026-09-05,HC-002,14,119.60
2026-09-05,HC-003,6,43.68
2026-09-05,HC-004,3,64.48
2026-09-05,HC-005,9,101.92
2026-09-05,HC-006,4,85.28
2026-09-05,HC-007,12,29.12
2026-09-05,HC-008,11,64.48
2026-09-05,HC-010,13,22.88
2026-09-05,HW-001,2,89.25
2026-09-05,HW-002,11,288.75
2026-09-05,HW-003,1,102.90
2026-09-05,HW-005,1,50.40
2026-09-05,HW-006,1,29.40
2026-09-05,HW-008,1,131.25
2026-09-05,HW-010,9,16.80
2026-09-05,PC-001,13,52.00
2026-09-05,PC-002,14,32.00
2026-09-05,PC-003,3,68.00
2026-09-05,PC-004,2,38.00
2026-09-05,PC-005,5,95.00
2026-09-05,PC-006,2,135.00
2026-09-05,PC-007,4,38.00
2026-09-05,PC-008,7,79.00
2026-09-05,PC-009,6,49.00
2026-09-05,PC-010,2,120.00
2026-09-05,SO-001,10,30.00
2026-09-05,SO-002,2,90.00
2026-09-05,SO-003,3,260.00
2026-09-05,SO-004,1,72.00
2026-09-05,SO-005,3,85.00
2026-09-05,SO-006,4,95.00
2026-09-05,SO-007,2,45.00
2026-09-05,SO-009,2,78.00
2026-09-05,SO-010,2,595.00
2026-09-06,FB-001,19,131.25
2026-09-06,FB-002,80,14.70
2026-09-06,FB-003,32,25.20
2026-09-06,FB-004,18,81.90
2026-09-06,FB-005,14,120.75
2026-09-06,FB-006,29,69.30
2026-09-06,FB-007,10,288.75
2026-09-06,FB-008,4,35.70
2026-09-06,FB-009,34,71.40
2026-09-06,FB-010,6,162.75
2026-09-06,HC-001,14,57.20
2026-09-06,HC-002,7,119.60
2026-09-06,HC-003,9,43.68
2026-09-06,HC-004,6,64.48
2026-09-06,HC-005,5,101.92
2026-09-06,HC-006,3,85.28
2026-09-06,HC-007,9,29.12
2026-09-06,HC-008,3,64.48
2026-09-06,HC-009,3,140.40
2026-09-06,HC-010,19,22.88
2026-09-06,HW-001,2,89.25
2026-09-06,HW-002,3,288.75
2026-09-06,HW-003,1,102.90
2026-09-06,HW-006,1,29.40
2026-09-06,HW-010,2,16.80
2026-09-06,PC-001,9,52.00
2026-09-06,PC-002,8,32.00
2026-09-06,PC-003,8,68.00
2026-09-06,PC-004,5,38.00
2026-09-06,PC-005,6,95.00
2026-09-06,PC-006,2,135.00
2026-09-06,PC-007,2,38.00
2026-09-06,PC-008,3,79.00
2026-09-06,PC-009,5,49.00
2026-09-06,PC-010,3,120.00
2026-09-06,SO-001,3,30.00
2026-09-06,SO-002,1,90.00
2026-09-06,SO-003,1,260.00
2026-09-06,SO-004,2,72.00
2026-09-06,SO-005,2,85.00
2026-09-06,SO-006,1,95.00
2026-09-06,SO-008,6,35.00
2026-09-06,SO-009,1,78.00
2026-09-06,SO-010,2,595.00
2026-09-07,FB-001,18,131.25
2026-09-07,FB-002,72,14.70
2026-09-07,FB-003,24,25.20
2026-09-07,FB-004,8,81.90
2026-09-07,FB-005,12,120.75
2026-09-07,FB-006,23,69.30
2026-09-07,FB-007,9,288.75
2026-09-07,FB-008,7,35.70
2026-09-07,FB-009,26,71.40
2026-09-07,FB-010,4,162.75
2026-09-07,HC-001,11,57.20
2026-09-07,HC-002,4,119.60
2026-09-07,HC-003,4,43.68
2026-09-07,HC-004,2,64.48
2026-09-07,HC-005,4,101.92
2026-09-07,HC-007,5,29.12
2026-09-07,HC-008,8,64.48
2026-09-07,HC-009,2,140.40
2026-09-07,HC-010,12,22.88
2026-09-07,HW-001,1,89.25
2026-09-07,HW-002,13,288.75
2026-09-07,HW-006,2,29.40
2026-09-07,HW-007,1,39.90
2026-09-07,HW-010,14,16.80
2026-09-07,PC-001,16,52.00
2026-09-07,PC-002,7,32.00
2026-09-07,PC-003,10,68.00
2026-09-07,PC-004,3,38.00
2026-09-07,PC-005,7,95.00
2026-09-07,PC-006,4,135.00
2026-09-07,PC-007,4,38.00
2026-09-07,PC-008,5,79.00
2026-09-07,PC-009,7,49.00
2026-09-07,PC-010,2,120.00
2026-09-07,SO-001,16,30.00
2026-09-07,SO-002,6,90.00
2026-09-07,SO-003,7,260.00
2026-09-07,SO-004,6,72.00
2026-09-07,SO-005,5,85.00
2026-09-07,SO-007,4,45.00
2026-09-07,SO-008,5,35.00
2026-09-07,SO-009,2,78.00
2026-09-08,FB-001,12,131.25
2026-09-08,FB-002,51,14.70
2026-09-08,FB-003,12,25.20
2026-09-08,FB-004,11,81.90
2026-09-08,FB-005,9,120.75
2026-09-08,FB-006,19,69.30
2026-09-08,FB-007,4,288.75
2026-09-08,FB-008,10,35.70
2026-09-08,FB-009,25,71.40
2026-09-08,FB-010,3,162.75
2026-09-08,HC-001,10,57.20
2026-09-08,HC-002,4,119.60
2026-09-08,HC-003,2,43.68
2026-09-08,HC-004,5,64.48
2026-09-08,HC-005,5,101.92
2026-09-08,HC-006,3,85.28
2026-09-08,HC-007,6,29.12
2026-09-08,HC-008,10,64.48
2026-09-08,HC-010,12,22.88
2026-09-08,HW-001,4,89.25
2026-09-08,HW-002,4,288.75
2026-09-08,HW-009,1,624.75
2026-09-08,HW-010,4,16.80
2026-09-08,PC-001,5,52.00
2026-09-08,PC-002,11,32.00
2026-09-08,PC-003,3,68.00
2026-09-08,PC-004,9,38.00
2026-09-08,PC-005,5,95.00
2026-09-08,PC-006,2,135.00
2026-09-08,PC-007,7,38.00
2026-09-08,PC-008,2,79.00
2026-09-08,PC-009,7,49.00
2026-09-08,PC-010,2,120.00
2026-09-08,SO-001,16,30.00
2026-09-08,SO-002,2,90.00
2026-09-08,SO-003,6,260.00
2026-09-08,SO-004,8,72.00
2026-09-08,SO-005,3,85.00
2026-09-08,SO-006,2,95.00
2026-09-08,SO-007,2,45.00
2026-09-08,SO-008,1,35.00
2026-09-08,SO-010,2,595.00
2026-09-09,FB-001,17,131.25
2026-09-09,FB-002,62,14.70
2026-09-09,FB-003,21,25.20
2026-09-09,FB-004,6,81.90
2026-09-09,FB-005,11,120.75
2026-09-09,FB-006,16,69.30
2026-09-09,FB-008,10,35.70
2026-09-09,FB-009,26,71.40
2026-09-09,FB-010,4,162.75
2026-09-09,HC-001,12,57.20
2026-09-09,HC-002,6,119.60
2026-09-09,HC-003,2,43.68
2026-09-09,HC-004,4,64.48
2026-09-09,HC-005,1,101.92
2026-09-09,HC-006,1,85.28
2026-09-09,HC-007,9,29.12
2026-09-09,HC-008,8,64.48
2026-09-09,HC-009,1,140.40
2026-09-09,HC-010,12,22.88
2026-09-09,HW-001,3,89.25
2026-09-09,HW-002,4,288.75
2026-09-09,HW-004,1,719.25
2026-09-09,HW-005,1,50.40
2026-09-09,HW-006,2,29.40
2026-09-09,HW-010,5,16.80
2026-09-09,PC-001,11,52.00
2026-09-09,PC-002,8,32.00
2026-09-09,PC-003,3,68.00
2026-09-09,PC-004,7,38.00
2026-09-09,PC-005,3,95.00
2026-09-09,PC-006,3,135.00
2026-09-09,PC-007,4,38.00
2026-09-09,PC-008,4,79.00
2026-09-09,PC-009,6,49.00
2026-09-09,PC-010,2,120.00
2026-09-09,SO-001,15,30.00
2026-09-09,SO-002,5,90.00
2026-09-09,SO-003,5,260.00
2026-09-09,SO-004,5,72.00
2026-09-09,SO-005,2,85.00
2026-09-09,SO-006,2,95.00
2026-09-09,SO-007,1,45.00
2026-09-09,SO-008,2,35.00
2026-09-10,FB-001,15,131.25
2026-09-10,FB-002,60,14.70
2026-09-10,FB-003,17,25.20
2026-09-10,FB-004,10,81.90
2026-09-10,FB-005,12,120.75
2026-09-10,FB-006,15,69.30
2026-09-10,FB-007,9,288.75
2026-09-10,FB-008,12,35.70
2026-09-10,FB-009,30,71.40
2026-09-10,FB-010,6,162.75
2026-09-10,HC-001,13,57.20
2026-09-10,HC-002,8,119.60
2026-09-10,HC-003,9,43.68
2026-09-10,HC-004,6,64.48
2026-09-10,HC-005,2,101.92
2026-09-10,HC-006,3,85.28
2026-09-10,HC-007,9,29.12
2026-09-10,HC-008,6,64.48
2026-09-10,HC-009,2,140.40
2026-09-10,HC-010,9,22.88
2026-09-10,HW-001,3,89.25
2026-09-10,HW-003,2,102.90
2026-09-10,HW-005,2,50.40
2026-09-10,HW-006,3,29.40
2026-09-10,HW-007,1,39.90
2026-09-10,HW-008,1,131.25
2026-09-10,HW-010,2,16.80
2026-09-10,PC-001,13,52.00
2026-09-10,PC-002,7,32.00
2026-09-10,PC-003,6,68.00
2026-09-10,PC-004,8,38.00
2026-09-10,PC-005,2,95.00
2026-09-10,PC-006,2,135.00
2026-09-10,PC-007,5,38.00
2026-09-10,PC-008,4,79.00
2026-09-10,PC-009,14,49.00
2026-09-10,PC-010,2,120.00
2026-09-10,SO-001,12,30.00
2026-09-10,SO-002,9,90.00
2026-09-10,SO-003,4,260.00
2026-09-10,SO-004,5,72.00
2026-09-10,SO-005,1,85.00
2026-09-10,SO-006,2,95.00
2026-09-10,SO-007,1,45.00
2026-09-10,SO-008,2,35.00
2026-09-10,SO-010,1,595.00
2026-09-11,FB-001,14,131.25
2026-09-11,FB-002,60,14.70
2026-09-11,FB-003,16,25.20
2026-09-11,FB-004,13,81.90
2026-09-11,FB-005,14,120.75
2026-09-11,FB-006,21,69.30
2026-09-11,FB-007,15,288.75
2026-09-11,FB-008,11,35.70
2026-09-11,FB-009,23,71.40
2026-09-11,FB-010,5,162.75
2026-09-11,HC-001,16,57.20
2026-09-11,HC-002,10,119.60
2026-09-11,HC-003,7,43.68
2026-09-11,HC-004,4,64.48
2026-09-11,HC-005,3,101.92
2026-09-11,HC-006,3,85.28
2026-09-11,HC-007,7,29.12
2026-09-11,HC-008,7,64.48
2026-09-11,HC-009,1,140.40
2026-09-11,HC-010,6,22.88
2026-09-11,HW-001,3,89.25
2026-09-11,HW-006,5,29.40
2026-09-11,HW-009,1,624.75
2026-09-11,HW-010,4,16.80
2026-09-11,PC-001,8,52.00
2026-09-11,PC-002,15,32.00
2026-09-11,PC-003,5,68.00
2026-09-11,PC-004,3,38.00
2026-09-11,PC-005,3,95.00
2026-09-11,PC-006,2,135.00
2026-09-11,PC-007,2,38.00
2026-09-11,PC-008,7,79.00
2026-09-11,PC-009,17,49.00
2026-09-11,SO-001,7,30.00
2026-09-11,SO-002,3,90.00
2026-09-11,SO-003,2,260.00
2026-09-11,SO-004,4,72.00
2026-09-11,SO-005,1,85.00
2026-09-11,SO-006,1,95.00
2026-09-11,SO-008,2,35.00
2026-09-11,SO-009,1,78.00
2026-09-12,FB-001,22,131.25
2026-09-12,FB-002,88,14.70
2026-09-12,FB-003,27,25.20
2026-09-12,FB-004,14,81.90
2026-09-12,FB-005,19,120.75
2026-09-12,FB-006,17,69.30
2026-09-12,FB-007,16,288.75
2026-09-12,FB-008,10,35.70
2026-09-12,FB-009,35,71.40
2026-09-12,FB-010,10,162.75
2026-09-12,HC-001,7,57.20
2026-09-12,HC-002,15,119.60
2026-09-12,HC-003,8,43.68
2026-09-12,HC-004,9,64.48
2026-09-12,HC-005,5,101.92
2026-09-12,HC-006,4,85.28
2026-09-12,HC-007,6,29.12
2026-09-12,HC-008,7,64.48
2026-09-12,HC-009,3,140.40
2026-09-12,HC-010,10,22.88
2026-09-12,HW-001,1,89.25
2026-09-12,HW-002,5,288.75
2026-09-12,HW-003,3,102.90
2026-09-12,HW-005,1,50.40
2026-09-12,HW-008,2,131.25
2026-09-12,HW-010,9,16.80
2026-09-12,PC-001,15,52.00
2026-09-12,PC-002,9,32.00
2026-09-12,PC-003,6,68.00
2026-09-12,PC-004,6,38.00
2026-09-12,PC-005,11,95.00
2026-09-12,PC-006,1,135.00
2026-09-12,PC-007,4,38.00
2026-09-12,PC-008,7,79.00
2026-09-12,PC-009,12,49.00
2026-09-12,PC-010,2,120.00
2026-09-12,SO-001,10,30.00
2026-09-12,SO-002,4,90.00
2026-09-12,SO-003,5,260.00
2026-09-12,SO-004,3,72.00
2026-09-12,SO-005,1,85.00
2026-09-12,SO-006,3,95.00
2026-09-12,SO-007,3,45.00
2026-09-12,SO-009,3,78.00
2026-09-13,FB-001,21,131.25
2026-09-13,FB-002,73,14.70
2026-09-13,FB-003,25,25.20
2026-09-13,FB-004,16,81.90
2026-09-13,FB-005,10,120.75
2026-09-13,FB-006,21,69.30
2026-09-13,FB-007,14,288.75
2026-09-13,FB-008,11,35.70
2026-09-13,FB-009,39,71.40
2026-09-13,FB-010,5,162.75
2026-09-13,HC-001,16,57.20
2026-09-13,HC-002,10,119.60
2026-09-13,HC-003,6,43.68
2026-09-13,HC-004,8,64.48
2026-09-13,HC-005,2,101.92
2026-09-13,HC-006,5,85.28
2026-09-13,HC-007,5,29.12
2026-09-13,HC-008,11,64.48
2026-09-13,HC-010,7,22.88
2026-09-13,HW-001,1,89.25
2026-09-13,HW-006,1,29.40
2026-09-13,HW-009,1,624.75
2026-09-13,HW-010,6,16.80
2026-09-13,PC-001,8,52.00
2026-09-13,PC-003,4,68.00
2026-09-13,PC-004,7,38.00
2026-09-13,PC-005,3,95.00
2026-09-13,PC-006,2,135.00
2026-09-13,PC-007,6,38.00
2026-09-13,PC-008,5,79.00
2026-09-13,PC-009,5,49.00
2026-09-13,PC-010,4,120.00
2026-09-13,SO-001,6,30.00
2026-09-13,SO-003,3,260.00
2026-09-13,SO-004,3,72.00
2026-09-13,SO-005,1,85.00
2026-09-13,SO-006,1,95.00
2026-09-13,SO-007,1,45.00
2026-09-13,SO-008,4,35.00
2026-09-14,FB-001,23,131.25
2026-09-14,FB-002,2,14.70
2026-09-14,FB-003,18,25.20
2026-09-14,FB-004,10,81.90
2026-09-14,FB-005,20,120.75
2026-09-14,FB-006,31,69.30
2026-09-14,FB-007,8,288.75
2026-09-14,FB-008,9,35.70
2026-09-14,FB-009,35,71.40
2026-09-14,FB-010,3,162.75
2026-09-14,HC-001,11,57.20
2026-09-14,HC-002,10,119.60
2026-09-14,HC-003,8,43.68
2026-09-14,HC-004,6,64.48
2026-09-14,HC-005,3,101.92
2026-09-14,HC-006,2,85.28
2026-09-14,HC-008,9,64.48
2026-09-14,HC-009,4,140.40
2026-09-14,HC-010,11,22.88
2026-09-14,HW-002,1,288.75
2026-09-14,HW-003,2,102.90
2026-09-14,HW-007,1,39.90
2026-09-14,HW-008,2,131.25
2026-09-14,HW-010,8,16.80
2026-09-14,PC-001,10,52.00
2026-09-14,PC-002,8,32.00
2026-09-14,PC-003,5,68.00
2026-09-14,PC-004,6,38.00
2026-09-14,PC-005,6,95.00
2026-09-14,PC-006,1,135.00
2026-09-14,PC-007,3,38.00
2026-09-14,PC-008,7,79.00
2026-09-14,PC-009,9,49.00
2026-09-14,SO-001,18,30.00
2026-09-14,SO-002,1,90.00
2026-09-14,SO-003,2,260.00
2026-09-14,SO-004,2,72.00
2026-09-14,SO-005,3,85.00
2026-09-14,SO-006,3,95.00
2026-09-14,SO-008,1,35.00
2026-09-15,FB-001,15,131.25
2026-09-15,FB-002,78,14.70
2026-09-15,FB-003,29,25.20
2026-09-15,FB-004,13,81.90
2026-09-15,FB-005,16,120.75
2026-09-15,FB-006,35,69.30
2026-09-15,FB-007,8,288.75
2026-09-15,FB-008,12,35.70
2026-09-15,FB-009,21,71.40
2026-09-15,FB-010,10,162.75
2026-09-15,HC-001,13,57.20
2026-09-15,HC-002,13,119.60
2026-09-15,HC-003,8,43.68
2026-09-15,HC-004,7,64.48
2026-09-15,HC-005,6,101.92
2026-09-15,HC-006,2,85.28
2026-09-15,HC-007,7,29.12
2026-09-15,HC-008,8,64.48
2026-09-15,HC-009,3,140.40
2026-09-15,HC-010,14,22.88
2026-09-15,HW-001,2,89.25
2026-09-15,HW-002,6,288.75
2026-09-15,HW-004,1,719.25
2026-09-15,HW-006,2,29.40
2026-09-15,HW-010,14,16.80
2026-09-15,PC-001,14,52.00
2026-09-15,PC-002,10,32.00
2026-09-15,PC-003,8,68.00
2026-09-15,PC-004,2,38.00
2026-09-15,PC-005,5,95.00
2026-09-15,PC-006,1,135.00
2026-09-15,PC-007,3,38.00
2026-09-15,PC-008,1,79.00
2026-09-15,PC-009,11,49.00
2026-09-15,PC-010,1,120.00
2026-09-15,SO-001,16,30.00
2026-09-15,SO-002,5,90.00
2026-09-15,SO-003,4,260.00
2026-09-15,SO-004,4,72.00
2026-09-15,SO-005,2,85.00
2026-09-15,SO-006,2,95.00
2026-09-15,SO-007,1,45.00
2026-09-15,SO-008,5,35.00
2026-09-15,SO-009,3,78.00
2026-09-15,SO-010,2,595.00
2026-09-16,FB-001,24,131.25
2026-09-16,FB-002,90,14.70
2026-09-16,FB-003,26,25.20
2026-09-16,FB-004,17,81.90
2026-09-16,FB-005,12,120.75
2026-09-16,FB-006,25,69.30
2026-09-16,FB-007,11,288.75
2026-09-16,FB-008,9,35.70
2026-09-16,FB-009,27,71.40
2026-09-16,FB-010,12,162.75
2026-09-16,HC-001,14,57.20
2026-09-16,HC-002,10,119.60
2026-09-16,HC-003,3,43.68
2026-09-16,HC-004,9,64.48
2026-09-16,HC-005,7,101.92
2026-09-16,HC-006,5,85.28
2026-09-16,HC-007,12,29.12
2026-09-16,HC-008,7,64.48
2026-09-16,HC-009,1,140.40
2026-09-16,HC-010,16,22.88
2026-09-16,HW-001,5,89.25
2026-09-16,HW-002,8,288.75
2026-09-16,HW-003,1,102.90
2026-09-16,HW-004,1,719.25
2026-09-16,HW-005,1,50.40
2026-09-16,HW-006,1,29.40
2026-09-16,HW-009,1,624.75
2026-09-16,HW-010,8,16.80
2026-09-16,PC-001,8,52.00
2026-09-16,PC-002,9,32.00
2026-09-16,PC-003,12,68.00
2026-09-16,PC-004,3,38.00
2026-09-16,PC-005,3,95.00
2026-09-16,PC-006,1,135.00
2026-09-16,PC-007,3,38.00
2026-09-16,PC-008,5,79.00
2026-09-16,PC-009,7,49.00
2026-09-16,PC-010,2,120.00
2026-09-16,SO-001,12,30.00
2026-09-16,SO-002,4,90.00
2026-09-16,SO-003,3,260.00
2026-09-16,SO-004,3,72.00
2026-09-16,SO-005,3,85.00
2026-09-16,SO-006,1,95.00
2026-09-16,SO-007,1,45.00
2026-09-16,SO-008,2,35.00
2026-09-17,FB-001,6,131.25
2026-09-17,FB-002,50,14.70
2026-09-17,FB-003,24,25.20
2026-09-17,FB-004,11,81.90
2026-09-17,FB-005,12,120.75
2026-09-17,FB-006,22,69.30
2026-09-17,FB-007,9,288.75
2026-09-17,FB-008,7,35.70
2026-09-17,FB-009,19,71.40
2026-09-17,FB-010,3,162.75
2026-09-17,HC-001,10,57.20
2026-09-17,HC-002,8,119.60
2026-09-17,HC-003,4,43.68
2026-09-17,HC-004,8,64.48
2026-09-17,HC-005,5,101.92
2026-09-17,HC-006,3,85.28
2026-09-17,HC-007,13,29.12
2026-09-17,HC-008,5,64.48
2026-09-17,HC-009,1,140.40
2026-09-17,HC-010,9,22.88
2026-09-17,HW-001,3,89.25
2026-09-17,HW-002,2,288.75
2026-09-17,HW-003,1,102.90
2026-09-17,HW-005,1,50.40
2026-09-17,HW-007,1,39.90
2026-09-17,HW-008,2,131.25
2026-09-17,HW-009,1,624.75
2026-09-17,HW-010,5,16.80
2026-09-17,PC-001,11,52.00
2026-09-17,PC-002,8,32.00
2026-09-17,PC-003,6,68.00
2026-09-17,PC-004,6,38.00
2026-09-17,PC-005,1,95.00
2026-09-17,PC-006,2,135.00
2026-09-17,PC-007,4,38.00
2026-09-17,PC-008,7,79.00
2026-09-17,PC-009,8,49.00
2026-09-17,PC-010,1,120.00
2026-09-17,SO-001,10,30.00
2026-09-17,SO-002,3,90.00
2026-09-17,SO-003,5,260.00
2026-09-17,SO-004,3,72.00
2026-09-17,SO-005,4,85.00
2026-09-17,SO-006,2,95.00
2026-09-17,SO-007,2,45.00
2026-09-17,SO-008,6,35.00
2026-09-17,SO-009,2,78.00
2026-09-18,FB-002,78,14.70
2026-09-18,FB-003,14,25.20
2026-09-18,FB-004,13,81.90
2026-09-18,FB-005,9,120.75
2026-09-18,FB-006,35,69.30
2026-09-18,FB-008,6,35.70
2026-09-18,FB-009,26,71.40
2026-09-18,FB-010,11,162.75
2026-09-18,HC-001,13,57.20
2026-09-18,HC-002,7,119.60
2026-09-18,HC-003,8,43.68
2026-09-18,HC-004,6,64.48
2026-09-18,HC-005,4,101.92
2026-09-18,HC-006,3,85.28
2026-09-18,HC-007,5,29.12
2026-09-18,HC-008,4,64.48
2026-09-18,HC-009,4,140.40
2026-09-18,HC-010,10,22.88
2026-09-18,HW-001,6,89.25
2026-09-18,HW-002,2,288.75
2026-09-18,HW-007,1,39.90
2026-09-18,HW-009,1,624.75
2026-09-18,HW-010,11,16.80
2026-09-18,PC-001,9,52.00
2026-09-18,PC-002,6,32.00
2026-09-18,PC-003,11,68.00
2026-09-18,PC-005,3,95.00
2026-09-18,PC-006,1,135.00
2026-09-18,PC-007,1,38.00
2026-09-18,PC-008,2,79.00
2026-09-18,PC-009,8,49.00
2026-09-18,PC-010,2,120.00
2026-09-18,SO-001,13,30.00
2026-09-18,SO-002,4,90.00
2026-09-18,SO-003,5,260.00
2026-09-18,SO-004,3,72.00
2026-09-18,SO-005,4,85.00
2026-09-18,SO-006,4,95.00
2026-09-18,SO-008,6,35.00
2026-09-18,SO-009,5,78.00
2026-09-19,FB-001,22,131.25
2026-09-19,FB-002,87,14.70
2026-09-19,FB-003,32,25.20
2026-09-19,FB-004,4,81.90
2026-09-19,FB-005,12,120.75
2026-09-19,FB-006,38,69.30
2026-09-19,FB-007,19,288.75
2026-09-19,FB-008,13,35.70
2026-09-19,FB-009,31,71.40
2026-09-19,FB-010,2,162.75
2026-09-19,HC-001,13,57.20
2026-09-19,HC-002,10,119.60
2026-09-19,HC-003,10,43.68
2026-09-19,HC-005,3,101.92
2026-09-19,HC-006,5,85.28
2026-09-19,HC-007,10,29.12
2026-09-19,HC-008,7,64.48
2026-09-19,HC-009,4,140.40
2026-09-19,HC-010,22,22.88
2026-09-19,HW-001,4,89.25
2026-09-19,HW-002,5,288.75
2026-09-19,HW-003,1,102.90
2026-09-19,HW-004,2,719.25
2026-09-19,HW-006,3,29.40
2026-09-19,HW-007,1,39.90
2026-09-19,HW-008,1,131.25
2026-09-19,HW-009,1,624.75
2026-09-19,HW-010,9,16.80
2026-09-19,PC-001,7,52.00
2026-09-19,PC-002,11,32.00
2026-09-19,PC-003,9,68.00
2026-09-19,PC-004,4,38.00
2026-09-19,PC-005,4,95.00
2026-09-19,PC-006,2,135.00
2026-09-19,PC-007,3,38.00
2026-09-19,PC-008,6,79.00
2026-09-19,PC-009,11,49.00
2026-09-19,PC-010,2,120.00
2026-09-19,SO-001,12,30.00
2026-09-19,SO-002,2,90.00
2026-09-19,SO-003,4,260.00
2026-09-19,SO-004,2,72.00
2026-09-19,SO-005,1,85.00
2026-09-19,SO-006,1,95.00
2026-09-19,SO-008,2,35.00
2026-09-19,SO-009,2,78.00
2026-09-20,FB-001,22,131.25
2026-09-20,FB-002,78,14.70
2026-09-20,FB-003,26,25.20
2026-09-20,FB-004,15,81.90
2026-09-20,FB-005,7,120.75
2026-09-20,FB-006,22,69.30
2026-09-20,FB-007,6,288.75
2026-09-20,FB-008,17,35.70
2026-09-20,FB-009,25,71.40
2026-09-20,FB-010,8,162.75
2026-09-20,HC-001,16,57.20
2026-09-20,HC-002,9,119.60
2026-09-20,HC-003,7,43.68
2026-09-20,HC-005,8,101.92
2026-09-20,HC-006,3,85.28
2026-09-20,HC-007,10,29.12
2026-09-20,HC-008,7,64.48
2026-09-20,HC-009,2,140.40
2026-09-20,HC-010,18,22.88
2026-09-20,HW-001,3,89.25
2026-09-20,HW-002,1,288.75
2026-09-20,HW-008,1,131.25
2026-09-20,HW-010,5,16.80
2026-09-20,PC-001,4,52.00
2026-09-20,PC-002,7,32.00
2026-09-20,PC-003,9,68.00
2026-09-20,PC-004,5,38.00
2026-09-20,PC-005,1,95.00
2026-09-20,PC-006,1,135.00
2026-09-20,PC-007,4,38.00
2026-09-20,PC-008,6,79.00
2026-09-20,PC-009,8,49.00
2026-09-20,PC-010,2,120.00
2026-09-20,SO-001,7,30.00
2026-09-20,SO-002,2,90.00
2026-09-20,SO-003,6,260.00
2026-09-20,SO-004,2,72.00
2026-09-20,SO-005,3,85.00
2026-09-20,SO-006,1,95.00
2026-09-21,FB-001,13,131.25
2026-09-21,FB-002,56,14.70
2026-09-21,FB-003,22,25.20
2026-09-21,FB-004,17,81.90
2026-09-21,FB-005,10,120.75
2026-09-21,FB-006,19,69.30
2026-09-21,FB-007,11,288.75
2026-09-21,FB-008,7,35.70
2026-09-21,FB-009,31,71.40
2026-09-21,FB-010,4,162.75
2026-09-21,HC-001,12,57.20
2026-09-21,HC-002,11,119.60
2026-09-21,HC-003,5,43.68
2026-09-21,HC-004,4,64.48
2026-09-21,HC-005,3,101.92
2026-09-21,HC-006,3,85.28
2026-09-21,HC-007,6,29.12
2026-09-21,HC-008,6,64.48
2026-09-21,HC-009,1,140.40
2026-09-21,HC-010,17,22.88
2026-09-21,HW-001,3,89.25
2026-09-21,HW-002,2,288.75
2026-09-21,HW-005,1,50.40
2026-09-21,HW-009,2,624.75
2026-09-21,HW-010,10,16.80
2026-09-21,PC-001,4,52.00
2026-09-21,PC-002,7,32.00
2026-09-21,PC-003,7,68.00
2026-09-21,PC-004,4,38.00
2026-09-21,PC-005,3,95.00
2026-09-21,PC-006,2,135.00
2026-09-21,PC-007,3,38.00
2026-09-21,PC-008,9,79.00
2026-09-21,PC-009,11,49.00
2026-09-21,PC-010,3,120.00
2026-09-21,SO-001,18,30.00
2026-09-21,SO-002,2,90.00
2026-09-21,SO-003,5,260.00
2026-09-21,SO-004,7,72.00
2026-09-21,SO-005,2,85.00
2026-09-21,SO-006,2,95.00
2026-09-21,SO-007,4,45.00
2026-09-21,SO-008,5,35.00
2026-09-21,SO-009,1,78.00
2026-09-22,FB-001,12,131.25
2026-09-22,FB-002,70,14.70
2026-09-22,FB-003,18,25.20
2026-09-22,FB-004,11,81.90
2026-09-22,FB-005,12,120.75
2026-09-22,FB-006,18,69.30
2026-09-22,FB-007,4,288.75
2026-09-22,FB-008,6,35.70
2026-09-22,FB-009,17,71.40
2026-09-22,FB-010,4,162.75
2026-09-22,HC-001,11,57.20
2026-09-22,HC-002,8,119.60
2026-09-22,HC-003,5,43.68
2026-09-22,HC-004,3,64.48
2026-09-22,HC-005,2,101.92
2026-09-22,HC-006,3,85.28
2026-09-22,HC-007,3,29.12
2026-09-22,HC-008,9,64.48
2026-09-22,HC-009,1,140.40
2026-09-22,HC-010,3,22.88
2026-09-22,HW-001,2,89.25
2026-09-22,HW-002,6,288.75
2026-09-22,HW-004,1,719.25
2026-09-22,HW-006,1,29.40
2026-09-22,HW-010,6,16.80
2026-09-22,PC-001,5,52.00
2026-09-22,PC-002,12,32.00
2026-09-22,PC-003,2,68.00
2026-09-22,PC-004,8,38.00
2026-09-22,PC-005,2,95.00
2026-09-22,PC-008,1,79.00
2026-09-22,PC-009,7,49.00
2026-09-22,PC-010,3,120.00
2026-09-22,SO-001,18,30.00
2026-09-22,SO-002,1,90.00
2026-09-22,SO-003,4,260.00
2026-09-22,SO-004,5,72.00
2026-09-22,SO-005,2,85.00
2026-09-22,SO-006,4,95.00
2026-09-22,SO-007,2,45.00
2026-09-22,SO-008,3,35.00
2026-09-22,SO-009,2,78.00
2026-09-23,FB-001,10,131.25
2026-09-23,FB-002,65,14.70
2026-09-23,FB-003,18,25.20
2026-09-23,FB-004,13,81.90
2026-09-23,FB-005,7,120.75
2026-09-23,FB-006,18,69.30
2026-09-23,FB-007,1,288.75
2026-09-23,FB-008,8,35.70
2026-09-23,FB-009,23,71.40
2026-09-23,FB-010,5,162.75
2026-09-23,HC-001,11,57.20
2026-09-23,HC-002,5,119.60
2026-09-23,HC-003,10,43.68
2026-09-23,HC-004,6,64.48
2026-09-23,HC-005,7,101.92
2026-09-23,HC-006,3,85.28
2026-09-23,HC-007,3,29.12
2026-09-23,HC-008,8,64.48
2026-09-23,HC-009,4,140.40
2026-09-23,HC-010,22,22.88
2026-09-23,HW-001,3,89.25
2026-09-23,HW-002,4,288.75
2026-09-23,HW-006,1,29.40
2026-09-23,HW-008,1,131.25
2026-09-23,HW-010,14,16.80
2026-09-23,PC-001,15,52.00
2026-09-23,PC-002,4,32.00
2026-09-23,PC-003,9,68.00
2026-09-23,PC-004,7,38.00
2026-09-23,PC-005,3,95.00
2026-09-23,PC-006,1,135.00
2026-09-23,PC-007,5,38.00
2026-09-23,PC-009,5,49.00
2026-09-23,PC-010,1,120.00
2026-09-23,SO-001,15,30.00
2026-09-23,SO-002,5,90.00
2026-09-23,SO-003,3,260.00
2026-09-23,SO-004,6,72.00
2026-09-23,SO-005,3,85.00
2026-09-23,SO-006,1,95.00
2026-09-23,SO-007,2,45.00
2026-09-23,SO-008,4,35.00
2026-09-23,SO-009,2,78.00
2026-09-24,FB-001,11,131.25
2026-09-24,FB-002,77,14.70
2026-09-24,FB-003,15,25.20
2026-09-24,FB-004,11,81.90
2026-09-24,FB-005,14,120.75
2026-09-24,FB-006,27,69.30
2026-09-24,FB-007,10,288.75
2026-09-24,FB-008,9,35.70
2026-09-24,FB-009,24,71.40
2026-09-24,FB-010,6,162.75
2026-09-24,HC-001,14,57.20
2026-09-24,HC-002,3,119.60
2026-09-24,HC-003,4,43.68
2026-09-24,HC-004,3,64.48
2026-09-24,HC-005,3,101.92
2026-09-24,HC-006,1,85.28
2026-09-24,HC-007,2,29.12
2026-09-24,HC-008,11,64.48
2026-09-24,HC-009,2,140.40
2026-09-24,HC-010,17,22.88
2026-09-24,HW-001,2,89.25
2026-09-24,HW-002,7,288.75
2026-09-24,HW-010,7,16.80
2026-09-24,PC-001,6,52.00
2026-09-24,PC-002,7,32.00
2026-09-24,PC-003,4,68.00
2026-09-24,PC-004,8,38.00
2026-09-24,PC-005,5,95.00
2026-09-24,PC-006,3,135.00
2026-09-24,PC-007,7,38.00
2026-09-24,PC-008,5,79.00
2026-09-24,PC-009,13,49.00
2026-09-24,PC-010,2,120.00
2026-09-24,SO-001,13,30.00
2026-09-24,SO-002,4,90.00
2026-09-24,SO-003,10,260.00
2026-09-24,SO-004,3,72.00
2026-09-24,SO-005,4,85.00
2026-09-24,SO-007,1,45.00
2026-09-24,SO-008,5,35.00
2026-09-25,FB-001,15,131.25
2026-09-25,FB-002,78,14.70
2026-09-25,FB-003,22,25.20
2026-09-25,FB-004,19,81.90
2026-09-25,FB-005,14,120.75
2026-09-25,FB-006,19,69.30
2026-09-25,FB-007,7,288.75
2026-09-25,FB-008,7,35.70
2026-09-25,FB-009,25,71.40
2026-09-25,FB-010,3,162.75
2026-09-25,HC-001,15,57.20
2026-09-25,HC-002,6,119.60
2026-09-25,HC-003,9,43.68
2026-09-25,HC-004,7,64.48
2026-09-25,HC-005,4,101.92
2026-09-25,HC-006,2,85.28
2026-09-25,HC-007,8,29.12
2026-09-25,HC-008,10,64.48
2026-09-25,HC-010,15,22.88
2026-09-25,HW-002,2,288.75
2026-09-25,HW-004,1,719.25
2026-09-25,HW-005,2,50.40
2026-09-25,HW-006,5,29.40
2026-09-25,HW-007,2,39.90
2026-09-25,HW-008,2,131.25
2026-09-25,HW-009,1,624.75
2026-09-25,HW-010,5,16.80
2026-09-25,PC-001,8,52.00
2026-09-25,PC-002,9,32.00
2026-09-25,PC-003,7,68.00
2026-09-25,PC-004,4,38.00
2026-09-25,PC-005,6,95.00
2026-09-25,PC-006,4,135.00
2026-09-25,PC-007,3,38.00
2026-09-25,PC-008,3,79.00
2026-09-25,PC-009,9,49.00
2026-09-25,PC-010,1,120.00
2026-09-25,SO-001,14,30.00
2026-09-25,SO-002,3,90.00
2026-09-25,SO-003,5,260.00
2026-09-25,SO-004,1,72.00
2026-09-25,SO-005,2,85.00
2026-09-25,SO-006,7,95.00
2026-09-25,SO-007,3,45.00
2026-09-25,SO-008,2,35.00
2026-09-25,SO-009,3,78.00
2026-09-26,FB-001,23,131.25
2026-09-26,FB-002,108,14.70
2026-09-26,FB-003,26,25.20
2026-09-26,FB-004,18,81.90
2026-09-26,FB-005,11,120.75
2026-09-26,FB-006,30,69.30
2026-09-26,FB-007,5,288.75
2026-09-26,FB-008,8,35.70
2026-09-26,FB-009,36,71.40
2026-09-26,FB-010,6,162.75
2026-09-26,HC-001,26,57.20
2026-09-26,HC-002,12,119.60
2026-09-26,HC-003,8,43.68
2026-09-26,HC-004,12,64.48
2026-09-26,HC-005,5,101.92
2026-09-26,HC-006,1,85.28
2026-09-26,HC-007,5,29.12
2026-09-26,HC-008,13,64.48
2026-09-26,HC-009,2,140.40
2026-09-26,HC-010,14,22.88
2026-09-26,HW-001,3,89.25
2026-09-26,HW-002,7,288.75
2026-09-26,HW-004,1,719.25
2026-09-26,HW-006,1,29.40
2026-09-26,HW-009,1,624.75
2026-09-26,HW-010,12,16.80
2026-09-26,PC-001,11,52.00
2026-09-26,PC-002,12,32.00
2026-09-26,PC-003,10,68.00
2026-09-26,PC-004,7,38.00
2026-09-26,PC-005,5,95.00
2026-09-26,PC-007,3,38.00
2026-09-26,PC-008,5,79.00
2026-09-26,PC-009,6,49.00
2026-09-26,PC-010,1,120.00
2026-09-26,SO-001,15,30.00
2026-09-26,SO-002,1,90.00
2026-09-26,SO-003,1,260.00
2026-09-26,SO-004,2,72.00
2026-09-26,SO-006,4,95.00
2026-09-26,SO-007,4,45.00
2026-09-26,SO-008,1,35.00
2026-09-26,SO-009,2,78.00
2026-09-26,SO-010,1,595.00
2026-09-27,FB-001,16,131.25
2026-09-27,FB-002,88,14.70
2026-09-27,FB-003,18,25.20
2026-09-27,FB-004,9,81.90
2026-09-27,FB-005,12,120.75
2026-09-27,FB-006,29,69.30
2026-09-27,FB-007,3,288.75
2026-09-27,FB-008,8,35.70
2026-09-27,FB-009,40,71.40
2026-09-27,FB-010,5,162.75
2026-09-27,HC-001,16,57.20
2026-09-27,HC-002,11,119.60
2026-09-27,HC-004,8,64.48
2026-09-27,HC-005,5,101.92
2026-09-27,HC-007,3,29.12
2026-09-27,HC-008,11,64.48
2026-09-27,HC-009,1,140.40
2026-09-27,HC-010,19,22.88
2026-09-27,HW-001,1,89.25
2026-09-27,HW-002,5,288.75
2026-09-27,HW-003,2,102.90
2026-09-27,HW-008,1,131.25
2026-09-27,HW-009,1,624.75
2026-09-27,HW-010,2,16.80
2026-09-27,PC-001,8,52.00
2026-09-27,PC-002,8,32.00
2026-09-27,PC-003,7,68.00
2026-09-27,PC-004,5,38.00
2026-09-27,PC-005,4,95.00
2026-09-27,PC-006,4,135.00
2026-09-27,PC-007,3,38.00
2026-09-27,PC-008,3,79.00
2026-09-27,PC-009,11,49.00
2026-09-27,SO-001,4,30.00
2026-09-27,SO-002,1,90.00
2026-09-27,SO-003,1,260.00
2026-09-27,SO-004,1,72.00
2026-09-27,SO-005,2,85.00
2026-09-27,SO-008,1,35.00
2026-09-27,SO-010,2,595.00
2026-09-28,FB-001,16,131.25
2026-09-28,FB-002,60,14.70
2026-09-28,FB-003,9,25.20
2026-09-28,FB-004,11,81.90
2026-09-28,FB-005,8,120.75
2026-09-28,FB-006,17,69.30
2026-09-28,FB-007,8,288.75
2026-09-28,FB-008,5,35.70
2026-09-28,FB-009,18,71.40
2026-09-28,FB-010,8,162.75
2026-09-28,HC-001,13,57.20
2026-09-28,HC-002,10,119.60
2026-09-28,HC-003,6,43.68
2026-09-28,HC-004,3,64.48
2026-09-28,HC-005,9,101.92
2026-09-28,HC-006,4,85.28
2026-09-28,HC-007,7,29.12
2026-09-28,HC-008,9,64.48
2026-09-28,HC-009,2,140.40
2026-09-28,HC-010,20,22.88
2026-09-28,HW-002,6,288.75
2026-09-28,HW-003,1,102.90
2026-09-28,HW-004,1,719.25
2026-09-28,HW-005,2,50.40
2026-09-28,HW-008,2,131.25
2026-09-28,HW-010,8,16.80
2026-09-28,PC-001,8,52.00
2026-09-28,PC-002,17,32.00
2026-09-28,PC-003,4,68.00
2026-09-28,PC-004,2,38.00
2026-09-28,PC-005,6,95.00
2026-09-28,PC-006,1,135.00
2026-09-28,PC-007,7,38.00
2026-09-28,PC-008,5,79.00
2026-09-28,PC-009,6,49.00
2026-09-28,PC-010,2,120.00
2026-09-28,SO-001,17,30.00
2026-09-28,SO-002,4,90.00
2026-09-28,SO-003,4,260.00
2026-09-28,SO-004,5,72.00
2026-09-28,SO-005,1,85.00
2026-09-28,SO-006,1,95.00
2026-09-28,SO-007,1,45.00
2026-09-28,SO-008,5,35.00
2026-09-29,FB-001,23,131.25
2026-09-29,FB-002,62,14.70
2026-09-29,FB-003,15,25.20
2026-09-29,FB-004,6,81.90
2026-09-29,FB-005,14,120.75
2026-09-29,FB-006,27,69.30
2026-09-29,FB-007,9,288.75
2026-09-29,FB-008,7,35.70
2026-09-29,FB-009,37,71.40
2026-09-29,FB-010,1,162.75
2026-09-29,HC-001,10,57.20
2026-09-29,HC-002,10,119.60
2026-09-29,HC-003,3,43.68
2026-09-29,HC-004,2,64.48
2026-09-29,HC-005,7,101.92
2026-09-29,HC-006,4,85.28
2026-09-29,HC-007,5,29.12
2026-09-29,HC-008,3,64.48
2026-09-29,HC-009,7,140.40
2026-09-29,HC-010,13,22.88
2026-09-29,HW-001,2,89.25
2026-09-29,HW-002,5,288.75
2026-09-29,HW-004,1,719.25
2026-09-29,HW-005,1,50.40
2026-09-29,HW-006,2,29.40
2026-09-29,HW-010,7,16.80
2026-09-29,PC-001,15,52.00
2026-09-29,PC-002,12,32.00
2026-09-29,PC-003,6,68.00
2026-09-29,PC-004,2,38.00
2026-09-29,PC-005,2,95.00
2026-09-29,PC-006,2,135.00
2026-09-29,PC-007,5,38.00
2026-09-29,PC-008,4,79.00
2026-09-29,PC-009,7,49.00
2026-09-29,PC-010,2,120.00
2026-09-29,SO-001,10,30.00
2026-09-29,SO-002,4,90.00
2026-09-29,SO-003,6,260.00
2026-09-29,SO-004,4,72.00
2026-09-29,SO-005,2,85.00
2026-09-29,SO-006,1,95.00
2026-09-29,SO-008,1,35.00
2026-09-29,SO-009,3,78.00
2026-09-29,SO-010,1,595.00
2026-09-30,FB-001,22,131.25
2026-09-30,FB-002,67,14.70
2026-09-30,FB-003,15,25.20
2026-09-30,FB-004,17,81.90
2026-09-30,FB-005,15,120.75
2026-09-30,FB-006,35,69.30
2026-09-30,FB-007,8,288.75
2026-09-30,FB-008,5,35.70
2026-09-30,FB-009,29,71.40
2026-09-30,FB-010,6,162.75
2026-09-30,HC-001,17,57.20
2026-09-30,HC-002,10,119.60
2026-09-30,HC-003,11,43.68
2026-09-30,HC-004,7,64.48
2026-09-30,HC-005,5,101.92
2026-09-30,HC-006,1,85.28
2026-09-30,HC-007,6,29.12
2026-09-30,HC-008,10,64.48
2026-09-30,HC-009,1,140.40
2026-09-30,HW-001,2,89.25
2026-09-30,HW-002,1,288.75
2026-09-30,HW-003,1,102.90
2026-09-30,HW-004,4,719.25
2026-09-30,HW-005,1,50.40
2026-09-30,HW-008,1,131.25
2026-09-30,HW-010,5,16.80
2026-09-30,PC-001,6,52.00
2026-09-30,PC-002,3,32.00
2026-09-30,PC-003,7,68.00
2026-09-30,PC-004,2,38.00
2026-09-30,PC-005,8,95.00
2026-09-30,PC-006,3,135.00
2026-09-30,PC-007,5,38.00
2026-09-30,PC-008,7,79.00
2026-09-30,PC-009,4,49.00
2026-09-30,PC-010,4,120.00
2026-09-30,SO-001,11,30.00
2026-09-30,SO-002,4,90.00
2026-09-30,SO-003,2,260.00
2026-09-30,SO-004,6,72.00
2026-09-30,SO-005,1,85.00
2026-09-30,SO-006,2,95.00
2026-09-30,SO-007,2,45.00
2026-09-30,SO-008,1,35.00
2026-09-30,SO-009,4,78.00
